nom_societe;adresse
Fontaine de Serpentina - A funtana di a Serpentina;D330, 20221 Santa-Maria-Poggio, France
Fontaine Pétrifiante;05600 Réotier, France
Forêt'vasion parc de loisirs accrobranche;RD 964, 55110 Sivry-sur-Meuse, France
Forêt Adrénaline Rennes - Parc Aventure;Rue du Professeur Maurice Audin, 35700 Rennes, France
Forêt de Bélouve;Salazie 97433, La Réunion
Forêt des Légendes;Rte de Villeneuve, 77700 Bailly-Romainvilliers, France
Forest Arena | Parc de loisirs IDF | Accrobranche 77;10 Rue Maisonément, 77240 Cesson, France
ForestLand;Av. du Pont des Îles, 01220 Divonne-les-Bains, France
Fort de l'Ile Madame;L'Île Madame, 17730 Port-des-Barques, France
Fort des Rousses - Caves d'affinage des comtés JuraFlore;Le Fort des Rousses, 39220 Les Rousses, France
Fort Saint-André;Chem. du Fort Saint-André, 39110 Salins-les-Bains, France
France Aventures Saint Etienne - Parc d'accrobranche;Crêt Beauplomb, 42650 Saint-Jean-Bonnefonds, France
FRANCHE COMTE NAUTIC;ILE DE LA MALADIERE Port de plaisance de, Quai du Canal, 70170 Port-sur-Saône, France
FRANKY BANANA;5 All. d'Athènes, 93320 Les Pavillons-sous-Bois, France
Fun Box;219 Rue de Sauxmarais, 50110 Tourlaville, France
FUN PARK - Parc d'attractions - Manèges - Restauration sur place - Parking Gratuit;Rte de la Crouste, 66140 Canet-en-Roussillon, France
Gîte Au Bout d'un Etang;17 Gr Grande Rue, 80560 Saint-Léger-lès-Authie, France
Gîte du vieux chêne;Savaud, 23600 Toulx-Sainte-Croix, France
Gîtes de France Alsace Bas-Rhin;2 All. d'Oslo, 67300 Schiltigheim, France
Gîtes de la Futaie;1 Le Puy d'Anché, 79190 Sauzé-entre-Bois, France
Galaxie Kids parc de jeux;Zone Commerciale Cora Cambrai, 500 Rue Blaise Pascal, 59267 Proville, France
Galaxy;Rle aux Saints, 10250 Plaines-Saint-Lange, France
Games in Forest | Parc attraction Montgenevre;Bois De Sestriere, 05100 Montgenèvre, France
Gare de Roumazières - Vélorail et Train de Charente-Limousine;Rte de Manot, 16270 Roumazières-Loubert, France
GECCO Aventure;303 Av. Francois Boissel, 07260 Joyeuse, France
Gioia di Natura;Pruno, 20166 Pietrosella, France
Gite de La Tuilerie;80 impasse de la Tuilerie, 69770 Montrottier, France
Golf de la Forêt d'Orient - Troyes;5 Route de Geraudot, 10220 Rouilly-Sacey, France
Golf de Rougemont-le-Château;Route de Masevaux, 90110 Rougemont-le-Château, France
Gorges de Kakuetta;Mairie de, 64560 Sainte-Engrâce, France
Gorges de l’Aveyron;5P38+XM, 82140 Saint-Antonin-Noble-Val, France
Gorges de la Langouette;50 Rue de la Langouette, 39150 Les Planches-en-Montagne, France
Gorges du Turzon;18 Febie, 07800 Saint-Georges-les-Bains, France
Gouffre de la Fage;La Fage, 19600 Noailles, France
Grand Canyon Verdon Couloir Samson;D23A, 04120 Rougon, France
Grande roue de Royan;Esplanade du bac, 17200 Royan, France
Grande Saline de Salins-les-Bains;3 Place des Salines, 39110 Salins-les-Bains, France
Grandeur Nature Accro du lac;Le Lac, 48800 Pourcharesses, France
Grandeur Nature Canyoning Spéléo Via Ferrata;929 chemin de fouon bone, 48800 Pourcharesses, France
Grandeur Nature Centre de vacances et hébergement groupes;Le lac, Quartier Morangiès, 48800 Pourcharesses, France
Grimp a l'Arb;D547, 60350 Pierrefonds, France
Grimpobranches Lusigny sur Barse;Lieu-dit Champ de l'Abbé, Route du Lac, 10270 Lusigny-sur-Barse, France
Grotte de la Baume Bonne;Musée de Prehistoire des gorges du Verdon, Rte de Montmeyan, 04500 Quinson, France
Grotte de la Salamandre;Chem. de la Place du Roy, 30430 Méjannes-le-Clap, France
Grotte de La Verna (Accueil);8250 Rte de Sainte-Engrâce, 64560 Sainte-Engrâce, France
Grotte du Bosc;Grotte du, Le Bosc de la Cam, 82140 Saint-Antonin-Noble-Val, France
Grotte Pétrifiante;39 Rue Auguste Arnault, 41800 Troo, France
Gulli Parc le Havre;70 Quai Frissard, 76600 Le Havre, France
Gulli Parc le Mans;ZA Les Portes de l'Océane Est, Rue Jean de Vignolles, 72650 Saint-Saturnin, France
Gulli Parc Rennes - Cap Malo;Avenue du Phare du Grand Jardin, ZAC de Cap Malo, 35520 Melesse, France
Gulli Parc Toulouse;Centre Commercial Leclerc, 5 All. des Champs Pinsons PORTE D, 31650 Saint-Orens-de-Gameville, France
Gymnase Albert-Kemp;Chem. des Joncs, 72120 Saint-Calais, France
Hôtel D'entreprises;20 Av. du 8 Mai 1945, 95200 Sarcelles, France
Hôtel LE BEL AIR saint brice sous foret;67 Av. du Général de Gaulle, 95350 Saint-Brice-sous-Forêt, France
HALL B - Salle de sport;1 Chem. d'Azord, 30980 Saint-Dionisy, France
Halle des Sports;Accueil de loisirs, 600 Av. du Gévaudan, 43170 Saugues, France
HAPIK Salle d'escalade 100% fun - Espace climatisé;Centre Commercial Carrefour, Rte de Mantes, 78240 Chambourcy, France
Harmony Sains en Gohelle;Parc de la Rocade, 62114 Sains-en-Gohelle, France
Harve des Pas Bathing Pool;Havre des Pas, JE2 4UL, Jersey
Hissého;14 Rue des Tamaris, 13920 Saint-Mitre-les-Remparts, France
Hotel De La Sous Préfecture;20 Rte de Garges, 95200 Sarcelles, France
hotel-sauna-store.com;3 Rue de l'Escouvrier, 95200 Sarcelles, France
Hydrofibi matériel aquagym breveté;Club Thalaform entrée Hôtel B&B - Mac Donald, 131 Rte de Bénodet, 29000 Quimper, France
Iksir Sport Club;Chem. des Fermes, 25480 École-Valentin, France
Ile Ô Splash;77 Av. Mâ Loango Moé Poaty, Pointe-Noire, Congo-Brazzaville
Imersion Piscines & Spas – Sainte-Luce-sur-Loire;56 Rte de Paris, 44980 Sainte-Luce-sur-Loire, France
in TERRA CORSA;Route de Calvi, Baccario Lieu-dit, 20218 Morosaglia, France
Institut du Manoir;14 Rue de la Touche, 22250 Plumaugat, France
Irripiscine by Irrijardin Phalsbourg;Rue du Luxembourg, 57370 Phalsbourg, France
Irripiscine by Irrijardin St-Bonnet-De-Mure;132 Av. Charles de Gaulle, 69720 Saint-Bonnet-de-Mure, France
Jardin asiatique : Parc du Dragon;3 All. des Oeillets, 03210 Noyant-d'Allier, France
Jardin Botanique de la Citadelle;601 Route de Cavaillon, 84560 Ménerbes, France
Jardin Botanique du Beau Pays;le Beau Pays, 3091 Av. François Mitterrand, 62730 Marck, France
Jardin de l'eau vive;5 Rte du Breuil51270, 51270 La Ville-sous-Orbais, France
JARDIN DES 5 SENS ET DES FORMES PREMIERES (du 1er juillet au 30 septembre);Jonction Chemin de Repentance à la forêt et Chemin du Plan de Lorgue, 13100 Saint Marc Jaumegarde-Aix en Provence, France
Jardin du Moulin Ventin;21 Chem. du Moulin, 60120 Paillart, France
Jardin du Pellinec;Jardin de Pellinec, 1 Rue de la Baie de Pellinec, 22710 Penvénan, France
Jardin Exotique de Ponteilla;7 Imp. du Jardin Exotique, 66300 Ponteilla, France
Jardin Kerdilés;Unnamed Road, 29680 Roscoff, France
Jardin méditerranéen;49130 Sainte-Gemmes-sur-Loire, France
Jardin Ondine et le Dragon;4 Bécherel, 35140 Saint-Aubin-du-Cormier, France
Jardins de la Mer;Esplanade, St Helier, Jersey JE2 3QA, Jersey
Jardins du Val de Scarpe;Scarpe, 62223 Val de, France
JCP Vacances;35 Rue de Blanzat, 63100 Clermont-Ferrand, France
JETSKI TIZZANO;Tizzano Port de, 20100 Sartène, France
Jeux d'eau;2 Rue de l'Huisne, 61110 Rémalard en Perche, France
Jeux d'eau de La Trinité;Bois du Cœur Vert Familial, Bd Notre Dame de la Trinite, Saint-Denis 97400, La Réunion
Jeux enfants;83910 Pourrières, France
Jeux extérieurs;84 Rte de Montsolongre, 38290 Satolas-et-Bonce, France
Jumpfun Park;2 Rue de Meulan, 2 Rte de Bures, 78540 Vernouillet, France
Jungle Aventure Les Orres 1650;centre station 1650 M, 05200 Les Orres, France
Jungle Park;4372 Rte de Contis, 40170 Saint-Julien-en-Born, France
Kayman Canoës - Location Canoë Saint Antonin Noble Val - Gorges de l'Aveyron;190 Chemin de Fontales, 82140 Saint-Antonin-Noble-Val, France
Kinésithérapie Aqua Santé;2 Espa. le Colombier, 76230 Quincampoix, France
Kinesis Concept;46 Rte de Narbonne, 31320 Auzeville-Tolosane, France
King Kong;Le PAL, 03290 Saint-Pourçain-sur-Besbre, France
L'Île Luxembourg;67110 Reichshoffen, France
L'étang de l'abbaye de Paimpont;2 Rue des Forges, 35380 Paimpont, France
L'étang Philippe Base de loisirs;Etang Philippe, Mazières, 63390 Saint-Gervais-d'Auvergne, France
L'île aux Pirates;Ouvert uniquement juillet août, 115 Bd des Vendéens, 85360 La Tranche-sur-Mer, France
L'île aux Pirates;22700 Perros-Guirec, France
L'île de bresse;172 A ZA, Les Benoîts, 71470 Romenay, France
L'Accrobrancherie;Ecl de Bel air, 56920 Saint-Gonnery, France
L'Allée des Chênes;La Granerie et Péret, 30410 Molières-sur-Cèze, France
L'Eau Cost Piscine Troyes;15 Rue des Châtaigniers, 10410 Saint-Parres-aux-Tertres, France
L'escale verte de la Blanche;443 Rte de Boulangère, 04140 Selonnet, France
L'escapade concept;19 Rue Félix Chautemps, 73200 Albertville, France
L'Exclusif;10 Rte de Besançon, 25480 Pirey, France
L'Hacienda;Rochefort, D713, 63500 Saint-Yvoine, France
L'Oasis (matériel de bassin et carpe Koi japonaise);Rte de Chevannes, 89000 Saint-Georges-sur-Baulche, France
L'Odyssée des Lions de Mer;7 Beauval, 41110 Saint-Aignan, France
L'Univers de la Forme;24-26, 24 Rue Martin Luther King, 14280 Saint-Contest, France
L’anse du Lac – Centre de vacances de la FOL Aveyron;Le Lac, 12290 Pont-de-Salars, France
L’Espinet;Imp. des Châtaigniers, 15150 Saint-Gérons, France
L Oasis des Delices bar restaurant piscine;parking la Noria, 3 PLACE MARGUERITE BAYOU, 34360 Saint-Chinian, France
LA BARBOTE / Canoë Kayak Gorges du Tarn / Mostuéjouls / Le Rozier;Saint-Pal, Gorges du Tarn, 12720 Mostuéjouls, France
La borne au lion;Borne au Lion, 26 Route de la, 39370 La Pesse, France
La Cascade maternelle;4 Rue Kerjestin, 29000 Quimper, France
La Croix Blanche;65100 Ossun-ez-Angles, France
La Ferme Au Moulin;16 Rue du Général Mangin, 02380 Pont-Saint-Mard, France
La Ferme Aventure / La Ferme des Aventuriers;Ferme de gland lieu dit, Le Gland, 28170 Saint-Maixme-Hauterive, France
La Ferme du Domaine;Le Domaine, 35120 Broualan, France
La Folie de Finfarine;Chem. des Écoliers, 85440 Poiroux, France
La Forêt des Garagnas;Crêt Beauplomb, 42650 Saint-Jean-Bonnefonds, France
La Forge;18 rue de Borneis, 18160 Saint-Hilaire-en-Lignières, France
La Grange de Renneville;1 Chem. des Templiers, 27110 Sainte-Colombe-la-Commanderie, France
La Grotte aux serpents;Pont de Porto, 20150 Ota, France
La Guinguette des Fous de la Glisse - PARC;Rte d'Allègre, 43320 Loudes, France
La Java;Zone Industrielle de la Zinsel, 5 Pl. du Geisselbronn, 67590 Schweighouse-sur-Moder, France
La Loc du Lac;Camping de Savel, 38350 Mayres-Savel, France
La Louveraie;4 Rue Frédéric Chopin, 45140 Saint-Jean-de-la-Ruelle, France
La Maison Blue;45 La Plainchardière, 35133 Saint-Sauveur-des-Landes, France
La Maison des Loups;La Forge, 09110 Orlu, France
La Maison du Bocage et le Jardin Botanique de Sains du Nord;35 Rue Jean Baptiste Lebas, 59177 Sains-du-Nord, France
La Maison du platier d'Oye;1005 Rte des Dunes, 62215 Oye-Plage, France
La maison du plein air des Gorges du Tarn - canyoning - spéléo - via ferrata Gorges du Tarn et Cévennes.;Pougnadoires, 48210 Gorges du Tarn Causses, France
La Mare aux grenouilles;44190 Saint-Hilaire-de-Clisson, France
La P'tite Table d'Alix;58 Rte de Ribérac, 24400 Saint-Michel-de-Double, France
La Perle du Verdon - Location de bateaux électriques - Lac d'Esparron;Le port, 04800 Esparron-de-Verdon, France
La Piscine à boules;1324 Rte de Bagatelle, 62180 Rang-du-Fliers, France
La Piscine de Sauzet;Rue du Lavoir, 30190 Sauzet, France
La piscine Rapale;Lieu-dit allivella, 20245 Rapale, France
La Plage de Lavasina;Chem. de Lavasina À Bastia, 20200 Brando, France
La plaine du Gué;24420 Savignac-les-Églises, France
La Reculée des Planches;7 Chem. du Moulin, 39600 Les Planches-près-Arbois, France
La Rhue camping & gîtes;70 All. des Lumières, 24630 Jumilhac-le-Grand, France
La Ricoquais;Rdpt de la Ricoquais, 35760 Saint-Grégoire, France
La rivière du Grand Nord (Canadienne);Le Pal, 03290 Saint-Pourçain-sur-Besbre, France
La Roche du Trésor - Espace Loisirs et Découvertes;1 Rue du Pré, 25510 Pierrefontaine-les-Varans, France
La Roche Percée;89450 Pierre-Perthuis, France
La Société Protectrice des Animaux (SPA) - Refuge de Tilloy-les-Mofflaines;Zone Industrielle Est, Rue Laennec, 62217 Tilloy-lès-Mofflaines, France
La Super Planche des Belles filles;70290 Plancher-les-Mines, France
La Tête Au Loup;61310 Le Pin-au-Haras, France
Labyrinthe Du Thimerais;0 route de Hauterive D140.15, 28170 Saint-Maixme-Hauterive, France
Labyrinthes aux 1000 Fleurs;RD 612 Av Mas Deu, 66300 Trouillas, France
Lac'Aventure - Accroparc - Parc Accrobranche;Lac' Aventure - Accro'Parc Parc Accrobranche, 34330 La Salvetat-sur-Agout, France
lac baignable;29440 Saint-Derrien, France
Lac Bleu de Touverac;16360 Touvérac, France
Lac d'Osseja;D70B, 66340 Osséja, France
Lac de Bournazel;700 Pisse Vache, 19700 Seilhac, France
Lac de Bouzey;88390 Sanchey, France
Lac de Braguessou;Lac de Braguessou, Chem. de Perruquet, 31790 Saint-Jory, France
Lac de Buclet;Lac de Buclet, 38520 Le Bourg-d'Oisans, France
Lac de Candau;P5HG+J4, 32190 Castillon-Debats, France
Lac de Chartreuse;38330 Saint-Ismier, France
Lac de chalette;2PGH+9C, 45120 Châlette-sur-Loing, France
Lac de Clairvaux;21 Rue du Sauveur, 39130 Clairvaux-les-Lacs, France
Lac de L’Orme Blanc;GPHW+C7, 31460 Caraman, France
Lac de la cisba;12150 Sévérac d'Aveyron, France
Lac de la Sablère;40300 Peyrehorade, France
Lac de la Sourderie;21 Rue Jacques Cartier 11, 78180 Montigny-le-Bretonneux, France
Lac de La Thuile;73190 La Thuile, France
Lac de Le Thillay;Av. du Maréchal Bessières, 95500 Le Thillay, France
Lac De Missy Carp Fishing Lake.;La Biza Chemin de, 02880 Missy-sur-Aisne, France
Lac De Montpezat;D211, 04500 Montagnac-Montpezat, France
Lac de Pompignan;R835+XW, 82170 Pompignan, France
Lac de Pontamafrey;73300 La Tour-en-Maurienne, France
Lac de Quillan;300 Rte de Laval, 11500 Quillan, France
Lac de Rouffiac;Base de ROUFFIAC Conseil départemental de la, 24270 Rouffiac, France
Lac de Sabatouse;Lac de sabatouse, 31410 Longages, France
Lac De Saint Laurent De Neste;65150 Saint-Laurent-de-Neste, France
Lac de Saint-Pée-sur-Nivelle;Prom. du Parlement de Navarre, 64310 Saint-Pée-sur-Nivelle, France
Lac de Samoreau;77210 Samoreau, France
Lac de Savères;90 Pradas, 31370 Savères, France
Lac de Seilhac;Seilhac le Lac, 19700 Seilhac, France
Lac de Thil-sur-Arroux;Les Baudurettes, 71190 Thil-sur-Arroux, France
Lac de Thoux Saint Cricq;2 Rue des Pyrénées, 32430 Saint-Cricq, France
Lac de Thoux St-Cricq;lieu dit Lannes, 220 rte de cologne, 32430 Thoux, France
Lac de Tigery;91250 Tigery, France
Lac de Trélou-sur-Marne;02850 Trélou-sur-Marne, France
Lac de Trizay;17250 Trizay, France
Lac de Vaires-sur-Marne;VJ75+VC, 77360 Chelles, France
Lac de Vassivière;D3, 23460 Royère-de-Vassivière, France
Lac des Alicourts;Les Alicourts, 41300 Pierrefitte-sur-Sauldre, France
Lac des Arrouettes Le;Les Arrouettes, 71320 Toulon-sur-Arroux, France
Lac des Trois Provinces;41110 Seigy, France
Lac du Turzon;2028 Rte de Saint-Marcel, 07800 Saint-Georges-les-Bains, France
Lac Le Mêle-sur-Sarthe;8 Rue des Halles, 61170 Le Mêle-sur-Sarthe, France
Lac le mans;3504 Voie de la Liberté, 72230 Arnage, France
Lac Palinges;19 Rte du plan d'eau, 71430 Palinges, France
Lac Zola;Unnamed Road, 13100 Le Tholonet, France
Lagrange Vacances - Catalana;Bd Guadeloupe, 66420 Le Barcarès, France
Laguna Park;Via Gandhi, 16, 06063 Magione PG, Italie
Lanès Aventures;Chem. de Lanes, 40170 Saint-Julien-en-Born, France
Lannion Trégor Agglomération;49 Av. de Park Nevez, 22300 Lannion, France
LARCHER revendeur Jacuzzi / Spa - Sauna - Hammam / CAEN;6 Bd de l'Espérance, 14123 Cormelles-le-Royal, France
Le Cabanon des Prés Verts;Hameau de, 10 Imp. des Prés Verts, 21230 Jouey, France
Le Cabanon Enchanté;3000 DN7, 83910 Pourrières, France
Le Camp de la Forge - Moisdon;Rue Forge la Coquette, 44520 Moisdon-la-Rivière, France
Le Chalet des Pierres Jaumâtres;2 Les Pierres Jaumatres, 23600 Toulx-Sainte-Croix, France
Le Chamois Blanc;Le Chamois Blanc 2p4p, 247 Av. de Courmayeur, 74400 Chamonix-Mont-Blanc, France
Le Colorado Provençal - Site classé;84400 Rustrel, France
Le Conquil - Site troglodytique et archéologique;241 Imp. de la Péchère, 24290 Saint-Léon-sur-Vézère, France
Le CRAB;All. du Dr Bouley, 21200 Beaune, France
Le Disque du Soleil;Le PAL, 03290 Saint-Pourçain-sur-Besbre, France
Le Domaine des Cazelles;"Lieux-dits ""bournac et, Le Pech, 46160 Cajarc, France"
Le Domaine du Rocher Noir;97116 Chem. de la Retraite, Pointe-Noire 97116, Guadeloupe
Le Gîte de la Faïencerie et la ferme d'argile.;Hameau de La Faïencerie, 51800 Passavant-en-Argonne, France
Le grand étang de Saint-Jeanvrin;Le grand étang de, 18370 Saint-Jeanvrin, France
Le Grand Saut;39130 Menétrux-en-Joux, France
Le Gué du Pré Salé;51150 Plivot, France
Le JAJA;8-4 Rue Saint-Michel, 50530 Saint-Jean-le-Thomas, France
Le Jardin De La Mothe;Rte de la Mothe, 12260 Salles-Courbatiès, France
Le Jardin de la Pellerine;La Larderie, 53220 La Pellerine, France
Le Jardin des Kangourous;D311-, Rte de Savennières, 49170 La Possonnière, France
Le Jardin Retiré;14 Av. Robert Cousin, 61140 Bagnoles de l'Orne Normandie, France
le jardin st avit st nazaire;936 Rte du Temple, 33220 Saint-Avit-Saint-Nazaire, France
Le Lac de Schoenau;102 Rue de la Digue, 67390 Schœnau, France
Le Lagon Balinais Saint-Paul;358 Chem. de Peyre Long, 06570 Saint-Paul-de-Vence, France
Le Mas Blanc;1 Chem. du Mas Blanc, 30410 Molières-sur-Cèze, France
Le Master (bonobo parc);119 45 rue Président Sadate, Rdpt de Creac'h Gwen, 29000 Quimper, France
Le miroir d'eau;Pl. de la Bourse, 33000 Bordeaux, France
Le Moulin de Mandassagne;le moulin de mandassagne, 47210 Parranquet, France
Le Nombril du Monde;7 rue des Merveilles, 79130 Pougne-Hérisson, France
Le Pôle Nautique de Saumur;1 Rue Eric Tabarly, 49400 Saumur, France
Le Paradis La Roseraie Perros Guirec;14 Rue de la Clarté, 22700 Perros-Guirec, France
Le Parc;162 Rue nationale, 28310 Toury, France
Le Parc;49 Av. du Point du Jour, 69005 Lyon, France
le Parc de l'Eau;459 Chem. du Mas de l'Avocat, 30129 Redessan, France
Le Parc des Sources;Rue de Melan, 91160 Saulx-les-Chartreux, France
Le Parc en Délire - Sainte-Soulle;Rue des Guillaudes, 17220 Sainte-Soulle, France
LE PIN LA GARENNE TC;9 Rue de la Herse, 61400 Le Pin-la-Garenne, France
Le plan d'eau;79450 Saint-Aubin-le-Cloud, France
Le Poet;205 chemin des Cliottes, 26110 Le Poët-Sigillat, France
Le Poulbert;HXG7+57, 56470 La Trinité-sur-Mer, France
le pré Seigneur;49130 Sainte-Gemmes-sur-Loire, France
Le Presbytère de Thiat;9 Rue Principale, 87320 Val-d'Oire-et-Gartempe, France
Le Puits Qui Parle;41800 Troo, France
LE RELAIS DU MÉNIL-BROÛT - Le Ménil-Broût;La Prise, 61250 Le Ménil-Broût, France
Le Reptilarium du Larzac;Chem. de Millau, 12230 Sainte-Eulalie-de-Cernon, France
Le Retour aux Sources;85 Rue des Sources, 42310 Sail-les-Bains, France
Le rouret;Le, Rouret, 07120 Grospierres, France
Le Royaume des Enfants;Ile de Loisirs de Jablines-Annet, 77450 Jablines, France
Le Saint Laurent;1 rue De La Teinturerie, 16450 Saint-Laurent-de-Céris, France
Le Saule Bleu 85;234 Rte de la Phelippière, 85540 Saint-Avaugourd-des-Landes, France
Le Snack de la Cascade;lieu dit puntimoso, 20230 moriani plage, France
Le Soleil de Noé;Quartier des rosieres, 05150 Rosans, France
Le Spot Nautique Plérin Sur Mer;66 Espl. Eric Tabarly, 22190 Plérin, France
Le toboggan de super Aqua club;322 Mnt de la Baie, Pointe-Calumet, QC J0N 1G0, Canada
Le Tourbillon;Montée charreyre, Fenestre, 63150 La Bourboule, France
Le Trou du Diable (A Pignula);28PC+WH, 20240 Poggio-di-Nazza, France
Le vallon des butineurs;44160 Pontchâteau, France
Le Village des Tortues de Carnoules / TORTUPÔLE FRANCE;1065, Route du Luc, D97, 83660 Carnoules, France
Les Étangs de Savignac les Ormeaux;PRH5+6Q, 09110 Savignac-les-Ormeaux, France
Les étangs de roussent;N 1 rue des étangs 62870 Buire-le-Sec, 62870 Roussent, France
Les étangs de roussent (parc à truites;1 Rue des Étangs n, 62870 Roussent, France
les étangs des princes;Étang des Princes, 25550 Raynans, France
Les Ailes du Yukon;Le PAL, 03290 Saint-Pourçain-sur-Besbre, France
Les Balcons du Lac;70 imp du Schuss, 74500 Thollon-les-Mémises, France
Les Canardières;51 Chem. des Îles, 91250 Morsang-sur-Seine, France
Les Chalets du Lac;La Coudrette, 27100 Val-de-Reuil, France
Les Coux Tourisme;9 chemin de Fénérou Le, 63230 Mazaye, France
Les Etangs du moulin de Marnay;Chemin d'Aillant, 89110 Poilly-sur-Tholon, France
Les Etoiles du Lac;14 Rue de la Lapinière, 10140 Mesnil-Saint-Père, France
Les Falaises du Cap Blanc Nez;Unnamed Road, 62231 Sangatte, France
Les Gites du Chastel / Château de Saint-Bonnet-le-Chastel / Parc Livradois - Forez;Pl. du Château, 63630 Saint-Bonnet-le-Chastel, France
Les Gorges Du Baracci;20143 Santa-Maria-Figaniella, France
Les Gorges Du Chassezac;48800 Pied-de-Borne, France
Les Gorges du Toulourenc;84340 Malaucène, France
Les Jardins d'Olivier;21 Rue Pierre de Coubertin, 44160 Sainte-Reine-de-Bretagne, France
Les jardins du presbytère;Rue des Aralias, 49130 Sainte-Gemmes-sur-Loire, France
Les lacs de Saint Jean Pla de Corts;66490 Saint-Jean-Pla-de-Corts, France
Les Loupiotes;4 Place des Platanes, 46160 Saint-Pierre-Toirac, France
Les Nouvelles Flaviottes;3 Rue Basse, 55220 Saint-André-en-Barrois, France
Les P'tits Fous;ZA, Les Josnets, 61100 La Lande-Patry, France
Les Pagaies du Marais - Base de St Benoît;1 Rue de la Plage, 35120 Cherrueix, France
Les Parcs Du Passage;10 Chem. du Poulho, 56450 Saint-Armel, France
Les Petits Baigneurs;8 Rue Aristide Boucicaut, 51430 Tinqueux, France
Les pieds dans l'eau location de canoë kayak dans les Gorges de l'Aveyron;544 Rte de Marsac, 82140 Saint-Antonin-Noble-Val, France
Les Pingouins Castins;22380 Saint-Cast-le-Guildo, France
Les Piscines du Rhin;2 Parc d'activités du Bosquet, 67480, France
Les piscines naturelles d’Asco;D147, 20276 Moltifao, France
Les Porcelaines;23 Rue des Porcelaines, Saint-Paul 97434, La Réunion
Les Portes de Saint Gilles;Rue Georges Clemenceau, 85220 Saint-Révérend, France
Les Ptits Pirates de Sion sur l'Océan;Chem. Yann Duprat, 85270 Saint-Hilaire-de-Riez, France
Les Pyramides;16 Av. de Saint-Germain, 78560 Le Port-Marly, France
Les Rives du Drac;1186 Chem. du Gâ, 05500 Saint-Bonnet-en-Champsaur, France
Les rochers de Saint guénolé;124 Rue des Goélands, 29760 Penmarch, France
Les Serres de Mériot;3 Rte Nationale, 10400 Le Mériot, France
Les Touristes Associés;Camping le Val de Saures, 12140 Entraygues-sur-Truyère, France
Les Villages Nature Paris;777 Rue du Pré des Merlans, 77700 Bailly-Romainvilliers, France
Les yourtes de larssialas;1 chemin du bois, 43290 Saint-Bonnet-le-Froid, France
Les Z'accrochés;Route du Bourdy, 58160 Sauvigny-les-Bois, France
Levézou - Association sportive Pierre Fabre;55 Rte de Sémalens, 81710 Saïx, France
Liberty cable;Viaduc de la Recoumène, 43150 Le Monastier-sur-Gazeille, France
Local plage;Route de Saligny, 03470 Pierrefitte-sur-Loire, France
Location - Canoë Kayak Club Poitevin;Av. de Lorch, 86280 Saint-Benoît, France
Location Nautic Verdon;Montmeyan Plage Bord du lac de Quinson, 83670 Montmeyan, France
Location vacances en Correze;Le Perrier, 19600 Lissac-sur-Couze, France
Locations de vacances - Le Pouldu;Kerhérou 5 Lieu-Dit Le Kérou, 29360 Clohars-Carnoët, France
Locations Maeva Particuliers Le Rouret;07120 Grospierres, France
Logements insolites du Domaine de Keryel;64 Kerviny, 29217 Plougonvelin, France
Logis de Saint-Amant-de-Bonnieure;10 Rue des Mosellans, 16230 Val-de-Bonnieure, France
Lonca Canyoning;D124, 20150 Ota, France
Loon Piscines & Spas - Hydro Sud Besançon;Za L'orée Du Bois, 9 Rue de la Forêt, 25480 Pirey, France
Loopiland - Les Ponts-de-Cé;ZAC du Moulin Marcille, 1 Bd Léo Lagrange, 49130 Les Ponts-de-Cé, France
Lorient Natation - Club sportif;Rue du Bois du Château, 56100 Lorient, France
Lou Castel Magic;1585 Blayou, 46170 Castelnau-Montratier, France
Louarnig Park - Jeux traditionnels et Restauration;Maison éclusière, 56920 Saint-Gonnery, France
Love Room avec spa privatif – Location Insolite Bogny-sur-Meuse;41 Rue Bernisseaux, 08120 Bogny-sur-Meuse, France
Love Room Valence;54 Av. de la Comète, 26000 Valence, France
Ludolac;Saint-Martin, 81500 Saint-Lieux-lès-Lavaur, France
Lud'eau location paddle et kayak;1rue du Bachelet, 22190 Plérin, France
Ludykid;ZAC des Hunaudières, Rte du Petit Bel Oeuvre, 72230 Ruaudin, France
Luna park Guérande;Rte de la Baule, 44350 Guérande, France
Luna park Palavas;1 Av. de l'Abbé Brocardi, 34250 Palavas-les-Flots, France
Luzi-Parc;ZAC de Jalday, 126 Av. de Jalday, 64500 Saint-Jean-de-Luz, France
Maïkapo Natural;
Ma Kabane;
Ma Parenthèse à St Christo;806 Ham. de Maison Neuve, 42320 Saint-Christo-en-Jarez, France
MAGILINE EVREUX;7 ter RD 613, 27110 Sainte-Colombe-la-Commanderie, France
Mairie;Le Village, 26300 Saint-Vincent-la-Commanderie, France
Mairie de Saint-Benin-des-Bois;81 Rue de la Mairie, 58330 Saint-Benin-des-Bois, France
Mairie de Saint-Bonnet-lès-Allier;14 Rue du Château, 63800 Saint-Bonnet-lès-Allier, France
Mairie de Saint-Georges-Motel;1 rue de la Coudanne, 27710 Saint-Georges-Motel, France
Mairie de Sanry-sur-Nied;30 Rue Principale, 57530 Sanry-sur-Nied, France
Maison du Lac et du Tourisme;Site de, 87640 Razès, France
Maison du Saumon et de la Rivière;Pl. de la Résistance, 43100 Brioude, France
Maison Famil Villa Francoise;Av. de la Libération, 50530 Saint-Jean-le-Thomas, France
Maison Jacques Prévert;3 Hameau du Val, 50440 La Hague, France
Manoir de l'Illusion et du Mystérieux;All. des Sablons, 36330 Le Poinçonnet, France
Manoir de la Forme;14 Rue de la Touche, 22250 Plumaugat, France
Manoir de Senlecques;45 Rue de la Fontaine, 62126 Pernes-lès-Boulogne, France
Marais du Gros Cerveau;3500 Rte du Gros Cerveau, 83190 Ollioules, France
Marche aquatique | Aktif Sport Palavas;550 Av. de l'Évêché de Maguelone, 34250 Palavas-les-Flots, France
marche aquatique longe cote cours de natation morbihan;10 Rue Eric Tabarly, 56400 Le Bono, France
Marea beach restaurant;Résidence Brise de Mer, Ponticchio, 20230 Santa-Lucia-di-Moriani, France
Margeride Aventure;27 route de la Margeride, 15320 Ruynes-en-Margeride, France
Marie-Noëlle Monferran - Thérapeute Énergétique Aquatique;1432 Rte du Revard Espace Meditrine, 73100 Trévignin, France
Martinique Wake Park;GXHW+PVG, Domaine chateau Gaillard, Route Des Trois Ilets, Château Gaillard, Les Trois-Îlets 97229, Martinique
Max Aventure Oytier Saint Oblas I Parc de jeux indoor pour enfants;Lieu dit les Routes Zac du mont Guillerme, 38780 Oytier-Saint-Oblas, France
Mayotte watersports;759V+MQC Plage trévani, 97690, Mayotte
Mendive Tourisme;Village, 64220 Mendive, France
METROPOLIS FUN PARC - Trampoline Parc - Bowling - Laser Blade - Roller Dance - Billards & Arcade ??;21 Rue de l'Étang, 56100 Lorient, France
Meuse Canoë;11 Rte de la Vallée, 55110 Regnéville-sur-Meuse, France
Mickey Boy Parc;2B Av. des Demoiselles, 85160 Saint-Jean-de-Monts, France
Millenium Paintball;Cheminement Des, Chem. des Patouillats, 89100 Soucy, France
Mini park Toons Land;Promenade de I'île, 51290 Giffaumont-Champaubert, France
Minotopia - Parc de Jeux - Anniversaire Enfant - Six fours les plages;683 Bd de Léry, 83140 Six-Fours-les-Plages, France
Miroir d'eau;Pl. Marc Elder, 44000 Nantes, France
Mission H2o;20 Rue du Commandant René Mouchotte, 75014 Paris, France
Moissac Ski Nautique;660 Chem. de la Rhode, 82200 Moissac, France
Monkey Park;2 Rue François Arago, 31830 Plaisance-du-Touch, France
Mont Blanc Parc Aventure - accrobranche;165 All. de l'Escalade, 74170 Saint-Gervais-les-Bains, France
Moreon;Golubinskaya Ulitsa, 16, Moscow, Russie, 117574
Moto La Grange;1 Le Mont Pierreux, 1 La Sauge aux Bois, 08460 Lalobbe, France
Moulin Begeot;11 Les Granges Baverey, 70270 Mélisey, France
Moulin de la Cour;Bord de Moine La, La Séguinière, France
Mountain Kart - Activité Les Orres;Front de neige 1650, 05200 Les Orres, France
Muret Plage;Rue Louison Bobet, 31600 Muret, France
Musée Balzac;4 Rue du Château, 37190 Saché, France
Musée de la Fourme et des Traditions;2 place Louis Lépine, 42990 Sauvain, France
Musée de l'Amiral;30 Rue du Port, 29710 Pouldreuzic, France
Musée de la Mine;16 Rue de la Fossé Frandemiche, 14330 Le Molay-Littry, France
NöMAD Sport Nature / Gorges du Tarn / Canyoning / Via Ferrata;32 impasse de le Barque, 12720 Mostuéjouls, France
Natacha delhaye;228 Rue du Rivage, 62370 Ruminghem, France
Nature Canyon - Canyoning Ardèche;12 Chem. de Ponson, 07200 Aubenas, France
Nature Et Vacances;188 Rte d'Uxem, 59254 Ghyvelde, France
NAUSICAA ASEL;2 Rue des Fillettes, 75018 Paris, France
Nestor le castor;1193 Av. Robert Garcin, 84800 Fontaine-de-Vaucluse, France
NINJA PARK;10 Rue du Commerce, 67240 Oberhoffen-sur-Moder, France
Niramaya;2ter Chem. de la Galage, 09100 La Tour-du-Crieu, France
Nogent Natation 94;8 Rue du Port, 94130 Nogent-sur-Marne, France
NOVA MULTIPLEXE CHALLANS-GOIS;2 rue des Petits canards ZAC, La Romazière 2, 85300 Challans, France
Nuit-nature;888 Rte de la Combe, 74920 Combloux, France
O'Paddle d'Olt;La Grave, 12130 Sainte-Eulalie-d'Olt, France
O'TOP Complexe Multisport;782 Rue Pierre et Marie Curie, 73490 La Ravoire, France
O Park;derrière l'ecf, 19 bis Rue de Mélou, 81100 Castres, France
Oasis Water Park;8000 Arizona Grand Pkwy, Phoenix, AZ 85044
Office de Tourisme de Brocéliande;1 Pl. du Roi Saint-Judicael, 35380 Paimpont, France
Office de Tourisme de La Rosière;705 Rte du Col du Petit St Bernard, 73700 Montvalezan, France
Office de Tourisme de Lesconil / Destination Pays bigouden;9 Rue du Port, 29740 Plobannalec-Lesconil, France
Office de Tourisme de Penvénan;13 Pl. de l'Église, 22710 Penvénan, France
Office de Tourisme de Thollon Les Mémises;196 Pl. de la Station, 74500 Thollon-les-Mémises, France
Office de tourisme du Béarn des Gaves;2 Pl. de la Trompe BP 26, 64270 Salies-de-Béarn, France
Office de Tourisme du Pays Mêlois;Place Charles de Gaulle, 61170 Le Mêle-sur-Sarthe, France
Office de Tourisme du Rayol-Canadel sur Mer;Place Michel Goy, 83820 Rayol-Canadel-sur-Mer, France
Office de Tourisme Entre Brière et Canal - Base nautique de Pontchâteau;3 Rue du Châtellier, 44160 Pontchâteau, France
Office de tourisme Haut-Jura Grandvaux;7 Pl. Simone Veil, 39150 Saint-Laurent-en-Grandvaux, France
Office de Tourisme Intercommunal Causses et Gorges de l'Aveyron - Saint Antonin Noble Val;10 Rue de la Pelisserie, 82140 Saint-Antonin-Noble-Val, France
Office de Tourisme Intercommunal de Hanau-La Petite Pierre - Point Information La Petite Pierre;2a Rue du Château, 67290 La Petite-Pierre, France
Office de Tourisme La Salvetat sur Agout;8 Rue des Consuls, 34330 La Salvetat-sur-Agout, France
Office de Tourisme Penmarc'h / Destination Pays bigouden;60 Pl. du Maréchal Davout, 29760 Penmarch, France
Office de Tourisme Rochefort Océan;Place des Blagueurs, 17730 Port-des-Barques, France
Office du Tourisme de l'Ile d'Ouessant;Bourg de, 29242 Ouessant, France
Offroad Aventure 07- Circuit Aubenas Lanas;240 Rte de l'Aérodrome, 07200 Lanas, France
Olympic Club Mickey - La Trinité-sur-Mer;56 Rue de Kervillen, 56470 La Trinité-sur-Mer, France
Onda Splash;Via Bereguardo, 9, 27020 Zerbolò PV, Italie
Orcières Loisirs - Activités pour petits & grands !;Base de Loisirs Orcières, 05170 Orcières, France
Osmose Sport Club & Piscine;ZAC Les Portes du Médoc, Rte de Pauillac, 33290 Le Pian-Médoc, France
Ouessant Kayak;29242 Ouessant, France
Oupa Oupa Aventures;contre allée la ponche RN 86 ( A coté garage volvo), Rte d'Avignon, 30320 Marguerittes, France
oxygen valley;21 Chem. de Larramet, 31170 Tournefeuille, France
Pédalo et canoë;1 Rue de Bertrambois, 57790 Hattigny, France
Pédalos & Paddles;87800 Saint-Hilaire-les-Places, France
Pépinières et Jardinerie Derly;Route nationale14, 27420 Les Thilliers-en-Vexin, France
Pétanque amical bouliste;48 Rue de Seyches, 47350 Saint-Barthélemy-d'Agenais, France
Pôle Nautique Loguivy de la Mer;Rue du Roc'h Hir, 22620 Ploubazlanec, France
Pôle Nautique Sud Goëlo;Quai Robert Richet, 22410 Saint-Quay-Portrieux, France
Palau Aventures;Plan d’eau Sant Marti, 66690 Palau-del-Vidre, France
Palin Espaces Verts;1 Rue de l'Auron, 18130 Saint-Denis-de-Palin, France
Parc;12 Rue de Villers, 59234 Monchecourt, France
Parc;69290 Pollionnay, France
Parc Acrobatique Forestier de Pissos;1370 Rte de Sore, 40410 Pissos, France
Parc AKROBRANCH d’Orlu;Les Forges d'Orlu, 09110 Orlu, France
Parc Animalier de Boutissaint;Parc Animalier de Boutissaint, 89520 Treigny-Perreuse-Sainte-Colombe, France
Parc Animalier de la Barben;Rte du Château, 13330 La Barben, France
Parc animalier de Roumare;222 Rte Forestière de la Réunion, 76380 Val-de-la-Haye, France
Parc animalier de Saint-Clar: Le Vallon des Kangourous;Es-Calaves, 32380 Saint-Clar, France
Parc Animalier de Serre-Ponçon;76 Chem. des Grisons, 05160 Le Sauze-du-Lac, France
Parc Animalier Domaine de Revert;Dom. de Revert, 18210 Charenton-du-Cher, France
Parc animalier et de loisirs de Pabu;22200 Pabu, France
Parc Aquatique;83500 La Seyne-sur-Mer, France
Parc Aquatique Aquabrava;GI-614, 1, 17480 Roses, Girona, Espagne
Parc arboretum;11 Les Ferrages, 83136 Sainte-Anastasie-sur-Issole, France
Parc Aventure Accrobranche de Vero;Pian di Vero – D4, 20172 Vero, France
Parc Aventure de la Vallée des Légendes;Dom. de Givray, 86240 Ligugé, France
Parc Aventure Réallon;Station de Réallon, 05160 Réallon, France
Parc Barrachin;29 Av. Danielle Casanova, 95210 Saint-Gratien, France
Parc Cambon;33290 Blanquefort, France
Parc châteaux gonflables;Bd du Front de Mer, 11210 Port-la-Nouvelle, France
Parc Chédeville;10 Rue de la Brêche, 60140 Mogneville, France
Parc communal d'Orry-la-Ville;13 Rue Molière, 60560 Orry-la-Ville, France
Parc Corbière;Rte de Carrières, 78230 Le Pecq, France
Parc d'opio;14 Rte de Cannes, 06650 Opio, France
Parc de Brissac;34190 Brissac, France
Parc de Champagne;10 Av. du Général Giraud, 51100 Reims, France
Parc de Cinquante;1 Chem de Halage, 31520 Ramonville-Saint-Agne, France
Parc de jeux;76 Rue de Verdun, 57280 Semécourt, France
Parc de jeux pour enfants;73 Chem. de la fruitiere, 73190 Saint-Jeoire-Prieuré, France
Parc de Jeux pour enfants 1-5 Ans;Rue du Stade, 89330 Saint-Julien-du-Sault, France
Parc de l'Arche;Lieu dit l’Arche, 49170 La Possonnière, France
Parc de l'étang de la Mousserie;416 Rue de la Mousserie, 59710 Mérignies, France
Parc De L'europe;9 Rue de la Gemmetrie, 49124 Saint-Barthélemy-d'Anjou, France
Parc de La Belle Étoile;Rte de Candé, 41400 Pontlevoy, France
Parc de la Butte aux Grès;3 Grande Rue, 91340 Ollainville, France
Parc de la Chènaie;85150 Sainte-Flaive-des-Loups, France
Parc de la cour des prés;Rue Gérard Adolphe Martin, 02360 Rozoy-sur-Serre, France
Parc de la Falaise;62480 Le Portel, France
Parc de La Gorre;1 Av. de la Gare, 87720 Saillat-sur-Vienne, France
Parc de la Grotte;4 Rés la Pavée, 85200 L'Orbrie, France
Parc de la Jonchère;Pl. de l'Église, 91160 Saulx-les-Chartreux, France
Parc de la Liberté;12 D149, 34700 Pégairolles-de-l'Escalette, France
Parc de la Panse;Unnamed Road, 25230 Seloncourt, France
Parc de la Poudrerie Royale - portail Boisgelin;Imp. de l'Aqueduc, 13250 Saint-Chamas, France
parc de Lestrade;175 Rue de Lestrade, 19600 Saint-Pantaléon-de-Larche, France
Parc de Loire;Levée de la Chevauchée, 45650 Saint-Jean-le-Blanc, France
Parc de Loisir du Bois de Longueil;Rue des Guillaudes, 17220 Sainte-Soulle, France
Parc de Loisirs;18 Rte de Boussy-Saint-Antoine, 91480 Quincy-sous-Sénart, France
Parc de Loisirs de la Falaise;51 Av. Jean Baptiste Gournay, 62480 Le Portel, France
Parc de Loisirs de la Maladrerie;Parc de loisirs de la Maladrerie, Île des loisirs de la maladrerie, 6138 Av. du Languedoc, 12100 Millau, France
Parc de loisirs de Porcheville;Chem. des Bas Pommiers Ronds, 78440 Porcheville, France
Parc de loisirs des Sablotins;17 Av. Louis Breguet, 85180 Les Sables-d'Olonne, France
Parc de loisirs Les Restanques;13250 Saint-Chamas, France
Parc de Montamer;Unnamed Road, 17740 Sainte-Marie-de-Ré, France
Parc de Noisiel;1 Cr du Château, 77186 Noisiel, France
Parc de Pignan;34570 Pignan, France
Parc de Plaisance du Touch;Unnamed Road, 31830, Plaisance-du-Touch, France
Parc de Saint-Abit;64800 Saint-Abit, France
Parc de Saultain;59990 Saultain, France
Parc de Tigery;91250 Tigery, France
Parc des étangs de Fosson;37800 Noyant-de-Touraine, France
Parc des Aulnes;128 Rue Thiers, 76170 Lillebonne, France
Parc des Ch'nillons;4 Rue de l'Eglise St Pierre, 25870 Les Auxons, France
Parc des Chapelains;Pl. Cardinal Perraud, 71600 Paray-le-Monial, France
Parc des hérissons;01210 Ornex, France
Parc des lavandières;8 Chem. Claire Fontaine, 44520 La Meilleraye-de-Bretagne, France
Parc des Loisirs - Orbec;14290 Orbec, France
Parc des Moulins - Troyes;Rue des Bas Trevois, 10000 Troyes, France
Parc Des Parédous;15 Rte de Prades, 12130 St Geniez d'Olt et d'Aubrac, France
Parc des Pensées;Rue de l'Aubépine, 85170 Le Poiré-sur-Vie, France
Parc des Petits Ormes;Rue des Petits Ormes, 77178 Saint-Pathus, France
Parc des Pineaux;31 Rue de l'Océan, 85320 Les Pineaux, France
Parc des Remparts;2 Bd Vauban, 67600 Sélestat, France
Parc des Sports;la Poudrerie, All. des Cigognes, 13250 Saint-Chamas, France
Parc des Sports;37 Rue Georges Bermond-Gonnet, 05100 Briançon, France
Parc des Sports;35 Av. du Stade, 77400 Lagny-sur-Marne, France
Parc des Sports Plessis-Robinson;9 Av. Paul Langevin, 92350 Le Plessis-Robinson, France
Parc des thermes;6 Rte des Bains, 66500 Molitg-les-Bains, France
Parc des Vallées;49140 Seiches-sur-le-Loir, France
Parc du Bois de la Folie;RD 185, 89520 Treigny, France
Parc du Château;72610 Saint-Paterne - Le Chevain, France
Parc du Château;26 Grande Rue, 01290 Pont-de-Veyle, France
Parc du Château de Pignerolle;49124 Saint-Barthélemy-d'Anjou, France
Parc du Château de Quincy-Voisins;77860 Quincy-Voisins, France
Parc du Château Latécoère;Av. Latécoère, 31520 Ramonville-Saint-Agne, France
Parc du lac;32600 L'Isle-Jourdain, France
Parc du Moulin à Tan;Unnamed Road, 28 Chem. de Babie, 89100 Sens, France
Parc du Moulin Liron;Bd du Dauphin Louis, 71600 Paray-le-Monial, France
Parc du Plessis;Le Plessis, 44110 Saint-Aubin-des-Châteaux, France
Parc du Quincampoix;35520 Melesse, France
Parc du Rosay;37 Rue des Jumeaux, 72300 Sablé-sur-Sarthe, France
Parc du Terral;1 All. Joseph Cambon, 34430 Saint-Jean-de-Védas, France
Parc Emile Planet;4 La Brasserie, 07000 Saint-Julien-en-Saint-Alban, France
Parc enfants;12 Imp. Montchervet, 69830 Saint-Georges-de-Reneins, France
Parc et Château de Saint-Andiol;PARC DU CHATEAU, 13670 Saint-Andiol, France
Parc Floral de la Court d'Aron;4 Rue Benjamin Fillon, 85540 Saint-Cyr-en-Talmondais, France
Parc Floral William Farcy;453 Rue Louis Loucheur, 76550 Offranville, France
Parc Francis Aucoin;Rue des Moulins, 85670 Saint-Paul-Mont-Penit, France
Parc Gaston Baty;15-13 Rue Gaston Baty, 42410 Pélussin, France
Parc Jeanine Dessay;Chem. À Canon, 25300 Pontarlier, France
Parc Jean-Jacques Rousseau;Rue Marcel Gaussorgues, 13110 Port-de-Bouc, France
Parc Lamugnière;70100 Arc-lès-Gray, France
Parc loisirs Pas de Goubert;37420 Savigny-en-Véron, France
Parc ludo-sportif;Rue du Stade, 15230 Pierrefort, France
Parc Marie et Mathias;57070 Saint-Julien-lès-Metz, France
Parc Marie-Dominique Pfarr;95350 Saint-Brice-sous-Forêt, France
Parc Maureau;10 Rue Eugène Pelletan, 13330 Pélissanne, France
Parc Monceau;75008 Paris, France
Parc Montchervet;69830 Saint-Georges-de-Reneins, France
Parc Nature et Faune - Les Jours Heureux;Chem. de Campagnac, 65370 Saléchan, France
Parc Naturel de Chambaran;Route du Parc et de Port Revel, 38870 Saint-Pierre-de-Bressieux, France
Parc naturel régional Oise-Pays de France;48 Rue d'Hérivaux, 60560 Orry-la-Ville, France
Parc Oasis Aventura;605 Rte de Saint-Christophe, 26530 Le Grand-Serre, France
Parc Olympe de Gouges;Rue Hélène Boucher, 95190 Goussainville, France
Parc Pédagogique Nature Du Marais;Voie Verte Guines Coulogne, 62340 Guînes, France
Parc pour enfants;66340 Osséja, France
Parc pour enfants;10 Av. du 8 Mai 1945, 77290 Mitry-Mory, France
Parc Pour Enfants de santa Lucia di moriani;20230 Santa-Lucia-di-Moriani, France
Parc Public Saint Paul Lez Durance;13115 Saint-Paul-lès-Durance, France
Parc Résidentiel de Loisirs Ar Bladennig;Rte des Gohaieux, 56730 Saint-Gildas-de-Rhuys, France
Parc Résidentiel du Château de Nogentel;Le Château de Nogentel, 51310 Neuvy, France
Parc Robert Guignard;7 Rue Toizelet, 37800 Sainte-Maure-de-Touraine, France
Parc Saint Léger - Parc Animalier;981 Route départementale, 60155 Saint-Léger-en-Bray, France
Parc Saint-Exupéry;38530 Pontcharra, France
Parc Saint-Hippolyte;68590 Saint-Hippolyte, France
Parc Saint-Pierre;20 Av. du Président Wilson, 62100 Calais, France
Parc Sequoia Aventure;71 Rte de Pont-de-l'Arche, 76320 Saint-Pierre-lès-Elbeuf, France
Parc Sports & Loisirs Brissac - Ganges;Les Péras des Caizergues, 34190 Brissac, France
Parc St Bertrand;182 Rte de Laval, 11500 Quillan, France
Parc Toboggan (la vague des remparts);69007 Lyon, France
Parcoul Canoë - Nature Canoë Périgord;D674, Le, Moulin de Parcoul, 24410, France
Parcours Aventure de Guines;Chemin de Bourquehaut, entre Guines, et Campagne les Guines, 62340 Guînes, France
Parcours Aventure de Sciez;409 Rte du Moulin de la Glacière, 74140 Sciez, France
Parcours de santé;Chem. du Vieux Four À Chaux, 30290 Saint-Victor-la-Coste, France
Parcours de santé;Le Parc de Villepreux, 33160 Saint-Aubin-de-Médoc, France
Parenthèse à Deauville;17 Rue de Gheest, 14800 Deauville, France
Parking Canyoning;H2C2+W8, 05400 La Roche-des-Arnauds, France
Parking Centre aquatique;29150 Châteaulin, France
Parking Centre aquatique Alfred Nakache;34410 Sauvian, France
Parking de l'église;Unnamed Road, 40230 Saint-Geours-de-Maremne, France
Parking de la Maison des Cascades;16 Moulin du Val, 39130 Menétrux-en-Joux, France
Parking Piscine Clairis;Dom. de Clairis, 89150 Savigny-sur-Clairis, France
Parkplatz Piscine et cascade naturelle Bucatoghju;747 Pianelli, 20221 Santa-Maria-Poggio, France
Parrot World - Le parc animalier immersif;Rte de Guérard, 77580 Crécy-la-Chapelle, France
Pas de Soucy;D907BIS, 48210 Massegros Causses Gorges, France
Passion Outdoor;Chalet Esf Hameau de, 05100 Névache, France
Pataugeoire de Québec;Rue de Québec, 44300 Nantes, France
Pataugeoire enfants jeux d eaux;80410 Cayeux-sur-Mer, France
Payz'ânes;11 La Raingeardière, 44310 Saint-Lumine-de-Coutais, France
Peigney;Rue des Voiliers, 52200 Peigney, France
Pelouse Plage;1 Prom. Dubourdieu, 33350 Castillon-la-Bataille, France
Phare d'Antifer;Unnamed Rd, La Poterie-Cap-d'Antifer, 76280 Criquetot-l'Esneval, France
Phare d'Eckmühl;Pl. du Maréchal Davout, 29760 Penmarch, France
Phare des Baleineaux;France
Phare du cap Ferrat;06230 Saint-Jean-Cap-Ferrat, France
Piano sur l'O;Le Ponant, 34280 La Grande-Motte, France
PIEGROS LA CLASTRE (bord de la rivière drôme);26400 Piégros-la-Clastre, France
Pignans Plage;Domaine de la, Berthoire, 83790 Pignans, France
Pignard Berthet Molinas Armelle;689 Rue des Arolles, 73540 La Bâthie, France
Pinède du Pin Rolland;3 Rés Pin Rolland, 83430 Saint-Mandrier-sur-Mer, France
Pirates Canoë;La Bouchette, 07150 Salavas, France
Pisciculture d'Occagnes;La Chanteraine, 61200 Occagnes, France
Pirou Fun Beach - Jet ski;Direction vers le camping - Esplanade côté plage, Rue des Bergeronnettes, 50770 Pirou, France
Pisciculture de l'Andelle;698 Rte des Câbles, 27910 Perruel, France
Pisciculture Du Moulin a Papier;9 Rue du Moulin À Papier, 27290 Pont-Authou, France
Piscine;38550 Le Péage-de-Roussillon, France
Piscine;Av. du Champ de Foire, 18500 Mehun-sur-Yèvre, France
PISCINE;All. de la Rabine, 44270 Machecoul, France
Piscine;53270 Sainte-Suzanne-et-Chammes, France
Piscine Émilie-Heymans;600 Av. Oak, Saint-Lambert, QC J4P 2R4, Canada
Piscine à Paulhan;Rue du Dr Batigne, 34230 Paulhan, France
Piscine école comme un poisson dans l'eau;Av. Maurice Perray, 85800 Saint-Gilles-Croix-de-Vie, France
Piscine Alban Minville (Bellefontaine);1 Pl. Martin Luther King, 31100 Toulouse, France
Piscine - Aquaparc d'Orcières-Merlette 1850;47 Pra Palier, 05170 Orcières, France
Piscine Alex Jany;119 Av. Alphonse Daudet, 83300 Draguignan, France
Piscine Alexandra de Saint-Lambert;265 Av. du Régent, Saint-Lambert, QC J4R 1Y6, Canada
Piscine Alfred Nakache d'été;9 All. Gabriel Biénès, 31400 Toulouse, France
Piscine Amphitrite;330 Av. de Librilla, 34430 Saint-Jean-de-Védas, France
Piscine Aquatix - Brissac - Ganges;Les Péras des Caizergues, 34190 Brissac, France
Piscine Belletanche;Rue de Belletanche, 57070 Metz, France
Piscine Bellevue;69ter Rte de Narbonne, 31400 Toulouse, France
Piscine Calonna;route de Rochefort, 49290 Chalonnes-sur-Loire, France
Piscine camping siblu;Unnamed Road 44250, 44250, Saint-Brevin-les-Pins, France
Piscine Catherine Lagatu;155 Ave Parmentier, 75010 Paris, France
Piscine Chapou;1 Rue Saunière, 31000 Toulouse, France
Piscine Claude Jouve;774 Av. des Hydravions, 13030 Berre-l'Étang, France
Piscine communautaire de Hasparren;Stade Xapitalia, Rte de Cambo, 64240 Hasparren, France
Piscine d'Avoine;Av. de la République, 37420 Avoine, France
Piscine de Buisson Rond;Rue Sainte-Rose, 73000 Chambéry, France
Piscine de Cambo-les-Bains;Av. d'Espagne, 64250 Cambo-les-Bains, France
Piscine de Cauvel;Av. Winston Churchill, 30100 Alès, France
Piscine de Chêne-en-Semine;395 Rte de Marsin, 74270 Chêne-en-Semine, France
Piscine de Gien;20 Quai de Nice, 45500 Gien, France
Piscine de l'Axe Majeur;13 Av. du Jour, 95800 Cergy, France
Piscine de la Blaiserie;17 Rue Dieudonné Costes, 86000 Poitiers, France
Piscine de La Chapelle-Saint-Mesmin;1 Rue de Monteloup, 45380 La Chapelle-Saint-Mesmin, France
Piscine de la Cholière;108 Av. Claude Antoine Peccot, 44700 Orvault, France
Piscine de la Mare Rouge;105 Rue Florimond Laurent, 76600 Le Havre, France
Piscine de la Moutte;Rue de la Moutte, 03500 Saint-Pourçain-sur-Sioule, France
Piscine de la Voie maritime de Saint-Lambert;430 Rue Riverside, Saint-Lambert, QC J4P 1B2, Canada
Piscine de Lagny;77400 Lagny-sur-Marne, France
Piscine de Launaguet;Rue Saturne, 31140 Launaguet, France
Piscine de Mimizan;6 Chem. des Résineux, 40200 Mimizan, France
Piscine de Plestin Les Grèves;22310 Plestin-les-Grèves, France
Piscine de Pougues-les-Eaux;Av. de Paris, 58320 Pougues-les-Eaux, France
Piscine de Réguiny;9 Pont Saint-Fiacre, 56500 Radenac, France
Piscine des Amiraux;6 Rue Hermann-Lachapelle, 75018 Paris, France
Piscine des Louvrais;3 Av. d'Alsace, 95300 Pontoise, France
Piscine des Molières;Bd de l'Olympie, 13140 Miramas, France
PISCINE DU GRAND AUCH CŒUR DE GASCOGNE;Av. des Pyrénées, 32000 Auch, France
Piscine Ernest Renan;Rue de Saint-Servan, 44800 Saint-Herblain, France
Piscine Europabad;Hermann-Veit-Straße 5, 76135 Karlsruhe-Südweststadt, Allemagne
Piscine GANTERIE;57 Rue de la Ganterie, 86000 Poitiers, France
Piscine Georges Drigny;18 Rue Bochart de Saron, 75009 Paris, France
Piscine Georges Rigal;115 Boulevard de Charonne, 75011 Paris, France
Piscine Hébert;2 Rue des Fillettes, 75018 Paris, France
Piscine Hélène Boucher;67 Rue Théodule Ribot, 22000 Saint-Brieuc, France
Piscine Intercommunale;2 Le Village, 07380 Pont-de-Labeaume, France
Piscine intercommunale;Av. de Provence, 26420 La Chapelle-en-Vercors, France
Piscine intercommunale;1 Av. de Montmorency, 95190 Goussainville, France
Piscine Intercommunale;101 Rue des Sports, 24120 La Feuillade, France
Piscine intercommunale de Fongravey;31 Rue de Fongravey, 33290 Blanquefort, France
Piscine intercommunale de Mitry-Mory;Rue Marcel Paul, 77290 Mitry-Mory, France
Piscine intercommunale de Peillac;Le Pont d'Oust, 56220 Peillac, France
Piscine Jacqueline Auriol;7 All. Louis de Funès, 75008 Paris, France
Piscine L'Archipel;Chem. Ludo Rolles, 46000 Cahors, France
Piscine Liourat de Vitrolles;6 Rue Louis Pasteur, 13127 Vitrolles, France
Piscine Lothaire;44 Rue Lothaire, 57000 Metz, France
Piscine Lou Castellas;Rue des Cévennes, 30320 Marguerittes, France
Piscine Lucien Zins;Wood et West, Rond point, 10000 Troyes, France
Piscine Municipale;Rue du Plantaurel, 31220 Cazères, France
Piscine Municipale;59 Av. du Périgord, 24680 Gardonne, France
Piscine Municipale;Rue de Bellevue, 81310 Lisle-sur-Tarn, France
Piscine Municipale;Av. du Maréchal Leclerc, 11400 Castelnaudary, France
Piscine Municipale;1 Rue Georges Vallerey, 31320 Castanet-Tolosan, France
Piscine Municipale;Av. du Général de Gaulle, 11210 Port-la-Nouvelle, France
Piscine Municipale;Av. Pierre Gabrielli, 13230 Port-Saint-Louis-du-Rhône, France
Piscine Municipale;3 Rue du 18 Juin, 13380 Plan-de-Cuques, France
Piscine Municipale;Bd Marcel Parraud, 13760 Saint-Cannat, France
Piscine Municipale;26 Lot. Clos San Ferdinand, 83630 Régusse, France
Piscine municipale;Rte des Béthanies, 38430 Moirans, France
Piscine municipale;185 Rte de Dieppe, 76960 Notre-Dame-de-Bondeville, France
Piscine Municipale;2 Rue du Stade, 67110 Reichshoffen, France
Piscine municipale;Rue des Sports, 49490 Noyant-Villages, France
Piscine municipale;Parc des Ecluzelles, Rue Leclanché, 86360 Chasseneuil-du-Poitou, France
Piscine Municipale;Rue des Carrerots, 65700 Castelnau-Rivière-Basse, France
Piscine municipale - Orée-d'Anjou;Le Champalud, 49270 Orée d'Anjou, France
Piscine municipale d'Orgnac l'Aven;760 Route de Vallon, 07150 Orgnac-l'Aven, France
Piscine Municipale de Carros;Quartier du Planet, 06510 Carros, France
Piscine municipale de Clichy;34 Rue Valiton, 92110 Clichy, France
Piscine Municipale de Fosse;19 Las Cabanes 18, 66220 Fosse, France
Piscine Municipale de la Possession;18 Av. Raymond Vergès, La Possession 97419, La Réunion
Piscine municipale de Monflanquin;Parc des Sports, 47150 Monflanquin, France
Piscine municipale de Panassac;67 Chem. Des Sports, 32140 Panassac, France
Piscine municipale de Recey-sur-Ource;Lac du, Place Dr Parisot, 21290 Recey-sur-Ource, France
Piscine municipale de Saint-Lazare;Rue Jules Noël, 87000 Limoges, France
Piscine Municipale de Saint-Paul-lès-Dax;71 All. de Christus, 40990 Saint-Paul-lès-Dax, France
Piscine Municipale de Schoelcher;JW92+J97, Rue Aubin Edmond, Schœlcher 97233, Martinique
Piscine municipale des Pins d'Alep;163 Chem. de Moneiret, 83200 Toulon, France
Piscine Municipale des Vignes Benettes;1 Av. Pasteur Martin Luther King, 78230 Le Pecq, France
Piscine Municipale Edmond Audis;11 Rue Jean Mermoz, 79800 Pamproux, France
Piscine municipale extérieure;Sainte-Christine-d'Auvergne, QC G0A 1A0, Canada
Piscine Municipale Franck Esposito;5 Rue Paul Leplat, 78160 Marly-le-Roi, France
Piscine Municipale Madrazès;1 Avenue du 26ème Rue I, 24200 Sarlat-la-Canéda, France
piscine municipale Montbrun-les-Bains;12 Blancarde, 26570 Montbrun-les-Bains, France
Piscine Municipale Thierry Robert de La Plaine des Palmistes;14 Rue Louis Carron, La Plaine-des-Palmistes 97431, La Réunion
piscine naturel;20123 Pila-Canale, France
Piscine Oberkampf;160 Rue Oberkampf, 75011 Paris, France
Piscine P.B.L - Plongez dans le bonheur;6 Impasse Roger Fouragnan, 47400 Tonneins, France
Piscine Paul Valeyre;24 Rue Marguerite de Rochechouart, 75009 Paris, France
Piscine PHYSI'EAU Natation - Aquagym;10 Rue de la Gilleraie, 17138 Puilboreau, France
Piscine Poséidon;Avenue Cynisca, 34660 Cournonterral, France
PISCINE WEEK-END;54 chemin de la guichardière, rn 6, 38300 Ruy-Montceau, France
Piscine Yvonne Godard;Chem. des Côtes de Pech David, 31400 Toulouse, France
Piscines Alliance Expansion;30 Rue de Niederbronn, 67590 Schweighouse-sur-Moder, France
Piscines de France (49);Pierre Martine Sud, Zac de Vernusson, 2 Rue Joseph Cugnot, 49130 Les Ponts-de-Cé, France
Piscines Ibiza Bourges;ZONE DU PARADIS, 18500 Mehun-sur-Yèvre, France
Piscines Ibiza Roanne Billet Fonteret;198 Rue de la Trambouze, 69240 Thizy-les-Bourgs, France
Piscines Solutions;za du guinefort, 22100 Saint-Carné, France
Piscines Sports Loisirs international;4 Ldt Bataille, 86380 Saint-Martin-la-Pallu, France
Piscines Vauban;21 Rue des Combottes, 25115 Pouilley-les-Vignes, France
Piscinistes associés - Hydrathème;Za Les Robinières, 5 Rte du Petit Anjou, 49170 Saint-Léger-de-Linières, France
Place de jeux du port de St-Blaise;Chem. des Pêcheurs 3, 2072 St Blaise, Suisse
Plage;J5W3+RV, 76280 Saint-Jouin-Bruneval, France
Plage;2 Bis Pl. Georges Guiet, 72430 Noyen-sur-Sarthe, France
Plage d'Alistro;Plage d, Alistro, 20230 San-Giuliano, France
Plage d'Antifer;Voie d'Antifer, 76790 La Poterie-Cap-d'Antifer, France
Plage d'Isolella - Arinella di l’Isulella;RQW2+2X, 20166 Pietrosella, France
Plage d'Octon - Lac du Salagou;34800 Octon, France
Plage de Caspiu;8M26+WC, 20147 Partinello, France
Plage de Figari;D122, 20131 Pianottoli-Caldarello, France
Plage de Grisgione;88-90 Rte du Cap, 20200 San-Martino-di-Lota, France
Plage de Kerlouan;MJ9M+GG, Kerlouan, France
Plage de l’Anse à l’Âne;GWRM+6PR, Les Trois-Îlets 97229, Martinique
Plage de La Chapelle-Erbrée;35500 La Chapelle-Erbrée, France
Plage de la grave;1 Rte de la Passerelle, 12130 Sainte-Eulalie-d'Olt, France
Plage de la Marine de Pietranera - Arinella di a Marina di Petranera;20200 San-Martino-di-Lota, France
Plage de Margaridon (Les Salles-sur-Verdon);Plage, Margaridon, 83630 Les Salles-sur-Verdon, France
Plage de Marinca;20113 Olmeto, France
Plage de Nuisement;Unnamed Road, 51290, Sainte-Marie-du-Lac-Nuisement, France
Plage de Perharidy;Perharidi, 29680 Santec, France
Plage de Oye et Pallet;21 Rue de la Fauconnière, 25160 Oye-et-Pallet, France
Plage de Pietracorbara;20233 Pietracorbara, France
Plage de Pietracorbara;20233 Corse, France
Plage de Plouescat;Plouescat, France
Plage de Porsmeur;57 All. de Porsmeur, 29430 Plouescat, France
Plage de Rabastens;81800 Rabastens, France
Plage de Ravenoville;50480 Sainte-Mère-Église, France
Plage de Saint-Affrique;12400 Saint-Affrique, France
Plage de Sciez;247 Chem. de la Renouillère, 74140 Sciez, France
Plage des anses;17730 Port-des-Barques, France
Plage de Yeyew;Le Grand Village, 56360 Bangor, France
Plage des Célestins;Bd Kennedy, 03200 Vichy, France
Plage du canadel;Plage du canadel, 83820 Rayol-Canadel-sur-Mer, France
Plage du Cremiou;1245 Rte du Bendin, 29890 Kerlouan, France
Plage du Dossen;505 Chem. des Dunes, 29250 Santec, France
plage du Lac d'Orient;Canton de, 10140 Vendeuvre-sur-Barse, France
Plage du Palace;74290 Menthon-Saint-Bernard, France
Plage du Rougeret;13 Le Rougeret, 22750 Saint-Jacut-de-la-Mer, France
Plage du Ruppione;20166 Pietrosella, France
Plage du Vieux Bréhec;Rte du Vieux Brehec, 22580 Plouha, France
Plage Moriani;20230 San-Nicolao, France
Plage Municipale de Saint-Jorioz;Rte de la Plage, 74410 Saint-Jorioz, France
Plage San Ghjulianu;20230 San-Giuliano, France
Plage Ste Eulalie en Born;1891 Rte du Lac, 40200 Sainte-Eulalie-en-Born, France
Plaine de jeux;5403F Rue du Lac de Courtil, 46090 Mercuès, France
Plaisirs d'Eau / Piscines & Spa;18 Av. des Entreprises, 62221 Noyelles-sous-Lens, France
Planète Sauvage;La Chevalerie, 44710 Port-Saint-Père, France
Plan d'eau;Les Buissonnades, 04700 Oraison, France
Plan d'eau;Rue du Plan d'Eau, 10160 Paisy-Cosdon, France
Plan d'eau;19270 Sainte-Féréole, France
Plan d'eau;Rue de l'Union, 16270 Terres-de-Haute-Charente, France
Plan d'eau communal de la Dombes;Plan d'eau communal de la Dombes, 01390 Saint-Jean-de-Thurigneux, France
Plan d'eau communal de Praz-sur-arly;95 Rte des Belles, 74120 Praz-sur-Arly, France
Plan d'eau Communautaire;892 Av. du Stade, 04160 Château-Arnoux-Saint-Auban, France
plan d'eau d'Arlanc;63220 Arlanc, France
Plan d'eau d'Hurongues;69590 Pomeys, France
Plan d'eau de Bussière-Galant;Plan d'Eau des Ribières, 87230 Bussière-Galant, France
Plan d'Eau de Cournon-d'Auvergne;8 All. Pierre de Coubertin, 63800 Cournon-d'Auvergne, France
Plan d'eau de Cunlhat;63590 Cunlhat, France
Plan d'eau de la Grenouillère;All. de la Grenouillère, 37360 Saint-Antoine-du-Rocher, France
Plan d'eau de Lalleyriat;01130 Le Poizat-Lalleyriat, France
Plan d'eau de Langourla;9 Rue Hameau du Lac, 22250 Le Mené, France
Plan d'eau de Rabouillet;66730 Rabouillet, France
Plan d'eau de Reichshoffen;XM2H+7Q, 67110 Reichshoffen, France
Plan d'Eau de Rumilly;Rue du Moulin, 74150 Rumilly, France
Plan d'eau de saint jean saint Maurice;449 Rte du Ménard, 42155 Saint-Jean-Saint-Maurice-sur-Loire, France
Plan d'eau de Saint-Anthème;Plan d'eau de, 63660 Saint-Anthème, France
Plan d'eau de Saint Martin L'Ars;86350 Saint-Martin-l'Ars, France
Plan d'eau de Sainte-Hélène-sur-Isère;Plan d'eau, 73460 Sainte-Hélène-sur-Isère, France
Plan d'eau des Forges;19510 Lamongerie, France
Plan d'Eau des Lônes;Rue de la Dragueline, 38530 Pontcharra, France
Plan d'Eau des Ozières;Chem. des Ozières, 03400 Yzeure, France
Plan d'Eau du Canada;Plan d'Eau du Canada, 60000 Beauvais, France
Plan d'eau du Chêne;EV 6, 44521 Oudon, France
Plan d'eau du Colombier;All. du Colombier, 69480 Anse, France
Plan d'eau du Mas;63500 Issoire, France
Plan d'eau du Moulin d'Armand;Lieu-dit Le Moulin d'Armand, 07320 Rochepaule, France
Plan d'Eau du Pas des Ondes;D61, 26510 Cornillon-sur-l'Oule, France
Plan d'eau et camping municipal;D988, 63330 Saint-Maurice-près-Pionsat, France
Plan d'eau Neubiltz de Reichstett;Rue du Commerce, 67116 Reichstett, France
Plan d’eau de Cognac la Forêt;7 All. Sauty de Chalon, 87310 Cognac-la-Forêt, France
Plan d’eau de la Roque et de st Jean du Bruel;12230 Saint-Jean-du-Bruel, France
Plan d’eau de Lescheraines;"Base de Loisirs ""Les îles du Chéran, 73340 Lescheraines, France"
Plan d’eau de Pannecé;FQM2+GJ, 44440 Pannecé, France
Plan d eau;49320 Gennes-Val-de-Loire, France
Plan d eau de Leignecq;42380 Merle-Leignec, France
Play Ground;14330 Le Molay-Littry, France
Plein Air Vacances by Sunreva;91 Rue de Thor, 34000 Montpellier, France
Pleinair 77;centre commercial les 3 voiles, Av. de la Libération, 77280 Othis, France
Pointe du figuier;83820 Rayol-Canadel-sur-Mer, France
POLYGLISS;
Pont de la Légende;64390 Sauveterre-de-Béarn, France
Pont de Ponsonnas;38350 Ponsonnas, France
Pont du Toulourenc;D40A, 84340 Mollans-sur-Ouvèze, France
Poolsnap École de ski nautique wakesurf à Sciez-sur-Léman;650 Rte du Port, 74140 Sciez, France
Port d'Arlan;Port d'Arlan, 29242 Ouessant, France
PortAventura Caribe Aquatic Park;Avinguda de l'Alcade Pere Molas, s/n, 43480 Vila-seca, Tarragona, Espagne
PortAventura Park;Avinguda de l'Alcade Pere Molas, s/n, 43480 Vila-seca, Tarragona, Espagne
PortAventura World;Av. Pere Molas, s/n, 43480 Vila-seca, Tarragona, Espagne
Prairie de l'étang;49122 Le May-sur-Èvre, France
Presqu'ile Saint-Laurent;29840 Porspoder, France
PRL La Pomme de Pin;916 Rte de Seignosse, 40230 Saubion, France
PRL Le Vedrignans;9 Chem. de Vedrignans, 66800 Saillagouse, France
Promenade confort : sentier du lac et randocroquis des rives du Coisétan;D20, 73800 Sainte-Hélène-du-Lac, France
Puisaye Piscine & Spa;16 route de Fontenoy, 89520 Levis, France
Pumptrack;15 Rue des Changeraux, 35133 La Selle-en-Luitré, France
Pumptrack de Saint-Vincent-sur-Jard;6 Rue des 4 Saisons, 85520 Saint-Vincent-sur-Jard, France
Pumptrack Salignac sur Charente;Rte du Tourniquet, 17800 Salignac-sur-Charente, France
Pyrène-Sports;42 Rue de la Lanne, 65120 Luz-Saint-Sauveur, France
Pyrénées Kid's Park;Chem. du Roy, 65800 Aureilhan, France
Quiberon Aventure - Parc accrobranche - Réservation recommandée;Bd du Conguel, 56170 Quiberon, France
R' DU LARGE location;255 Rue de Keryet, 29760 Penmarch, France
Ré Glisse Location;814 Av. des Dunes, 17940 Rivedoux-Plage, France
Récré Activ;Chemin de l, 631 Isle de la Serre, 38390 Porcieu-Amblagnieu, France
RécréoParc - Camping Urbain;5340 Boulevard Marie-Victorin, Sainte-Catherine, QC J5C 1L9, Canada
Résidence;Résidence ROYAL MILAN, 1 Chem. de Vielle Aure, 65170 Saint-Lary-Soulan, France
Résidence Arinella Pierre & Vacances;48 route de la Mer, 20260 Lumio, France
Résidence Clair Soleil;39100 Dole, France
Résidence de l'Arbois;14 Rte des Garrigues, 83330 Le Castellet, France
Résidence des Iles Le Conquet;55 Rte Touristique, 29217 Le Conquet, France
Résidence Goélia - Sun Village;4 Av. du Bosquet, 34420 Portiragnes, France
Résidence les 3 Sommets;Col de Porte, 555 Rte du Charmant Som, 38700 Sarcenas, France
Résidence Les Horizons d'Huez Pierre & Vacances;503 Rue des Passeaux, 38750 Huez, France
Résidence Les Iles;52 Rue Pnte du Bile, 56760 Pénestin, France
Résidence Les Mouflons I et II Pierre & Vacances;5 Place du haut Fleury, 74440 Taninges, France
Résidence Les Rivages de Coudoulière;26 Av. du Lac, 83140 Six-Fours-les-Plages, France
Résidence Les Rivages de Rochelongue;Cap d, 3 Rue Jean Paul Poumayrac, 34300 Agde, France
Résidence Les Sellettes;132 Chem. de l'Oumede, 83350 Ramatuelle, France
Résidence Les Terrasses d'Azur Pierre & Vacances;Route de la Lombarde, 06420 Isola, France
Résidence Maeva;92 Pl. du Poilu, 74400 Chamonix-Mont-Blanc, France
Résidence Maeva Le Port-Les Hébrydes;Bd Guadeloupe, 66420 Le Barcarès, France
Résidence Nemea Les Chalets des Evettes;1169 Rte des Évettes, 73590 Flumet, France
Résidence Pierre & Vacances Les Mélèzes;236 Rte de l'Altiport, 38750 Huez, France
Résidence Pierre & Vacances Les Océanes;54 Bd des Océanides, 44380 Pornichet, France
Résidence Sole e Mare;traversa di u levante, 20221 Santa-Maria-Poggio, France
Résidence Ulysse;Rue Albert Lecocq, 11370 Leucate, France
Résidences Camping du château;2720 Tramelan, Suisse
Rêve de Piscine;62 rue de la Besneraye, Rte du Meuble, 35520 Melesse, France
Rêves de Cimes | Canyoning - Via Ferrata - Accrobranche;Residence l'apparté, Rte de Mezzavia, 20167 Mezzavia, France
Rêves de cimes - Canyoning (bureaux);Chem. des Culetta, 20167 Ajaccio, France
Rando Aqua Réunion Canyoning;Bassin La Paix, Saint-Benoît 97470, La Réunion
Rando Palmée;Lac de Bournazel, 19700 Seilhac, France
Randonnée du Lac Sainte-Hélène;Unnamed Road, 73800 Les Mollettes, France
Randonnée sur GR4;Sur D.71 (rive gauche, à 15 km, 83630 Aiguines, France
Randonnées en Corse : Costa Verde Sport Nature et Découvertes;Costa Verde Sports Nature et Découvertes Magasin Moriani Sportswear Immeuble Castel Verde Bâtiment A, Moriani Plage, 20230 San-Nicolao, France
RDS Relais de Thiais;291 Av. de Fontainebleau, 94320 Thiais, France
Reculée et Cascade de La Frasnée;13 D144, 39130 La Frasnée, France
Relais Nature - Santes;20 Chem. du Halage, 59211 Santes, France
Remoov'eau - Bien-être aquatique à Belfort;5 Rue de l'Adjoint Houbre, 90000 Belfort, France
Remparts du Quesnoy;59530 Le Quesnoy, France
Residence Du Lac de Castillon;Hameau de la Baume, 04120 Castellane, France
Residence Les Perles du Soleil;2 Av. Armand Jean du Plessis, 34300 Agde, France
Restaurant des Dombes;24 route du vieux jonc, 01240 Saint-André-le-Bouchoux, France
Restaurant La Caravelle Beach;Ficareto Sottano Plage de la Caravelle, 20230 Poggio-Mezzana, France
Restaurant Le Bellevue;695 Rte du Revard, 73100 Trévignin, France
Restaurant Le Chaudron;Camping Marvilla Parks - Saint Avit Loisirs, Al Buga, 24260 Saint-Avit-de-Vialard, France
Restaurant Le Point g;51 Rue de Saint-Malo, 35120 Saint-Broladre, France
Restaurant Le Saint Aignan;4 Place de l'Église, 53250 Saint-Aignan-de-Couptrain, France
Restaurant Pizzeria Le Podgio;L'Avillanella, 20230 Poggio-Mezzana, France
Rev'asion;3 Rue de la Tour de Vaillière, 01370 Val-Revermont, France
Rhodia Club Omnisports;102 N7, 38150 Salaise-sur-Sanne, France
Ritchi Animation;Rue de l'Oratoire, 84390 Sault, France
Rivière Albu;1 U Mulinu, 20217 Ogliastro, France
Rivière La Solenzara;R8QJ+87, 20145 Sari-Solenzara, France
Rocher du Goudoul;29740 Plobannalec-Lesconil, France
Rocher Mistral - Le parc qui célèbre la Provence;2300 Rte du Château, 13330 La Barben, France
Rochers de PontPierre;07360 Saint-Fortunat-sur-Eyrieux, France
Route des Crêtes;D23, 04120 La Palud-sur-Verdon, France
RustiK - Parc d'Immersion;171-173 Le Bois Maheu, 61500 Chailloué, France
Séquoia Parc Petting Zoo;17320 Saint-Just-Luzac, France
Safran - Gîtes de France;Rte d'Urçay, 18360 Saulzais-le-Potier, France
Saint Benoit Aventure;D139 La Métairie aux Moines, 37500 Saint-Benoît-la-Forêt, France
Saint Clément Aventure - Parc Accrobranche & activités dans l'Allier;SAINT CLÉMENT AVENTURE La cartonnée (Plan d'eau, 03250 Le Mayet-de-Montagne, France
Saint-Agnan-en-Vercors Tourisme;26420 Saint-Agnan-en-Vercors, France
Saint-Amant-Roche-Savine Tourisme;63890 Saint-Amant-Roche-Savine, France
Saint-Anthème Tourisme;63660 Saint-Anthème, France
Saint-Bonnet-Tronçais;2 Rue de l'Étang, 03360 Saint-Bonnet-Tronçais, France
SAINTE FOY TOURISME;130 Placette du Brenzet, 73640 Sainte-Foy-Tarentaise, France
Sainte-Croix Lodges Nature;Route de Sainte-Croix, 57810 Rhodes, France
Saline Royale d'Arc-et-Senans;Grande Rue, 25610 Arc-et-Senans, France
Salle de Réception LA FACTORY;6 Rue Claude Bernard, 69240 Thizy-les-Bourgs, France
Salle des Fêtes;14 Rue Neuve, 80260 Molliens-au-Bois, France
Salle des Fêtes;27 Av. du 8 Mai, 58240 Saint-Pierre-le-Moûtier, France
Salle des Fêtes;21540 Savigny-sous-Mâlain, France
Salle des fêtes Municipale du Breuil;5061A Rue du Breuil, 69460 Salles-Arbuissonnas-en-Beaujolais, France
Salle Polyvalente Albert Bourson;27 Rue de Charrau, 57140 Norroy-le-Veneur, France
SANDAYA Les Alicourts;Les Alicourts, 41300 Resort, France
Sannat Aire pour camping-cars [Réseau AireServices];23110 Sannat, France
Sant'anghjulu;Unnamed Road, 20256 Corbara, France
Saubusse Tourisme;7 Rue Batteste, 40180 Saubusse, France
Sauvain Tourisme;rue du lilas, Le Bourg, 42990 Sauvain, France
SAVANE KIDS;200 Rte de Bourges, 45500 Poilly-lez-Gien, France
SCEA Château De Parnay;1 Rue Antoine Cristal, 49730 Parnay, France
Scelleur Paysage;La Grenonnière, 61320 Le Ménil-Scelleur, France
Schoenau plage;Wacholderrain, 67390 Schœnau, France
Scoobyland parc 66;Scoobyland, zone de loisirs, Les Rôtes Lieu dit, 66440 Torreilles, France
Seaquarium du Grau-du-Roi;Av. du Palais de la Mer Hall Seaquarium, 30240 Le Grau-du-Roi, France
SECUREO;3629 Rte de Lyonnes, 42210 Saint-Cyr-les-Vignes, France
Selectour - Elan Evasions;2 rue des Comptoirs Centre Commercial Hyper U, 35410 Châteaugiron, France
Selectour - Préférence;14 Rue du Dr Leroy, 72000 Le Mans, France
SENSAS Cergy;parking payant sur place, 12 Rue des Chauffours Bâtiment Ordinal, 95000 Cergy, France
Sentier sensoriel;73FW+CW, 58230 Saint-Brisson, France
Sentier Sous-Marin de Cerbère-Banyuls;Plage de Peyrefite, Banyuls FR, 66650 Cerbère, France
Serre Che Aventure;Sous le Rocher du Bez, Chem. des Prépas, 05240 La Salle-les-Alpes, France
Sentiero Lotu-Saleccia;Saleccia, 20246 Santo-Pietro-di-Tenda, France
Site de la Chartreuse Sainte-Croix-en-Jarez;4 Pl. des Portes, 42800 Sainte-Croix-en-Jarez, France
Site historique des Forges de Paimpont;Les Forges de Paimpont, 35380 Paimpont, France
SIVOM du Lac de Monteynard;Sous Jullières, 38650 Treffort, France
SNC Ski Nautique Choletais;35FR+M6, 49300 Cholet, France
Société Relot Frères;9 Rue du Rocher-Tournoly, 44780 Missillac, France
SoGo Loisirs Accrobranche;Plan d'eau des Ozières, 03400 Yzeure, France
Societe Des Regates Assoc;1 Rue Maurice Taconet, 76310 Sainte-Adresse, France
Source de l'Ain;39300 Nozeroy, France
Source de la Buèges;Unnamed Road, 34380 Pégairolles-de-Buèges, France
Source de la cuisance;Rue de la Cascade, 39600 Les Planches-près-Arbois, France
Source ferrugineuse de la Fontfort;42990 Sauvain, France
Sources de la Saine;39460 Foncine-le-Haut, France
Spa du Pasino de Saint Amand;Chem. de l'Empire, 59230 Saint-Amand-les-Eaux, France
Space Kid;Zone de Loisirs La Bruyère, 42600 Savigneux, France
SPEL ET EAUX;1 Rue Arago, 66220 Saint-Paul-de-Fenouillet, France
Sport Nature by Erwan;
Sport Nature Lozère;11 Esp. Marceau Farelle, 48400 Florac Trois Rivières, France
Sporting Club Tufféen;Rue de la Libération, 72160 Tuffé Val de la Chéronne, France
Square Pierre Grac;Rte des Guiols, 83310 La Môle, France
Squash Thônes;3 All. François Cochat, 74230 Thônes, France
St James's Park;London SW1A 2BJ, Royaume-Uni
Stade de la Muire;20 Av. du 29 Août 1944, 51430 Tinqueux, France
Stade Municipal George Estelé;Chem. du Canton, 31530 Saint-Paul-sur-Save, France
Stade nautique de l'Ecoparc;PM6P+G5, 50870 Tirepied-sur-Sée, France
Stade Nautique Rainier III;Rte de la Piscine
Stand'Park;Le Stand, 88700 Rambervillers, France
Subaqua Club du Poitou;57 Rue de la Ganterie, 86000 Poitiers, France
SULLY PISCINES;96 Rue de Paris, 45600 Saint-Père-sur-Loire, France
Sun Force Watersports;Chem. des Tamaris, 83350 Ramatuelle, France
Sur L'o Piscine;7 Bis Chem. des Deux Chênes, 33480 Avensan, France
SURF CENTER - Location Nautique Lac de Sainte-Croix;Plage, Margaridon, 83630 Les Salles-sur-Verdon, France
Svalgurok;Liegewiese Rulantica, Ellenweg 1, 77977 Rust, Allemagne
SWIM ORLÉANS;derrière le Zénith d'Orléans, 5 Rue Jean-Baptiste Corot, 45100 Orléans, France
Swim Stars | Enghien-les-Bains;41 bis Rue de Malleville, 95880 Enghien-les-Bains, France
Swim Stars | Folelli;Espace, 20213 Penta-di-Casinca, France
SWIME;36 Rue des Philippats, 10800 Saint-Julien-les-Villas, France
Swimming-Pôle;10 Av. de la Libération, 14480 Le Fresne-Camilly, France
Teleski;Rue des Etangs, 95000 Neuville-sur-Oise, France
Teleski Nautique De Côte D'Or;Base de Loisirs Saule Guillaume, 21700 Premeaux-Prissey, France
Terra OLT;Le Bourg, 12300 Saint-Parthem, France
Terrain de Jeux du Parc des Lurons;Mnt des Lurons, 38290 Satolas-et-Bonce, France
Terrain multisport de Turny;28 Rue des Canes, 89570 Turny, France
Terre des Lacs;87 Chem. du Collet du Moulin, 06850 Saint-Auban, France
Terre-Mer Aventure;Av. Surcouf, 56510 Saint-Pierre-Quiberon, France
Terres de France - Résidence Les Silènes;15 Av. des Bains, 38580 Allevard, France
The Secret Garden;La Villeneuve, 71130 Uxeau, France
Tipareo;route de duzer sainte rose, 97115, Guadeloupe
Toboggan et Cie Angoulême;Zone, Les Avenauds, 16160 Gond-Pontouvre, France
Toboggan;1 Imp. du Lac Plaisance, 87800 Saint-Hilaire-les-Places, France
Toboggans Aquatiques;11 Rue des Eurimants, 71140 Bourbon-Lancy, France
Tombeau de Merlin;35380 Paimpont, France
Tour de l'Orle d'Or;Rue du Rempart, 21140 Semur-en-Auxois, France
Tour génoise de l’Isolella;All. des Dentis, 20166 Pietrosella, France
Trampoline Aktiv'Park | Toulouse - Plaisance-du-Touch;7 Rue du Dr Charcot, 31830 Plaisance-du-Touch, France
Trampoline Park Gravity Space® - Toulon La Seyne Sur Mer - Parc de loisirs - Anniversaire;150 Chem. de la Capellane, 83500 La Seyne-sur-Mer, France
Trampoline Park Marseille Plan de Campagne;Chem. de Collet Rouge, 13170 Les Pennes-Mirabeau, France
Trampoline Park Toulouse Montaudran;164 Rte de Revel, 31400 Toulouse, France
Trestel Surf Club;Rue de Trestel, 22660 Trévou-Tréguignec, France
Troglodyte museum;1 Esc. de la Barque, 41800 Troo, France
Tropicarium Bonsaï La Baule;Rte de Brederac, 44500 La Baule-Escoublac, France
Trous à Tenaud;Parc de loisirs communal 44160, Sainte-Reine-de-Bretagne, France
TY CIRCUS parc de jeux couvert;6 All. Emile le Page, 29000 Quimper, France
Tyrolienne;35360 Médréac, France
Tyrovol;Rte des Lacs, 66760 Porté-Puymorens, France
TYTAZ / Ecole de Wake de Bretagne;449 Rte de Bénodet, 29000 Quimper, France
UCPA Orpierre;74 Chem. de Flonsaine, 05700 Orpierre, France
Une Parenthèse par Nature - Le Loft Normand;1 Ham. de la Bondé, 27250 Saint-Antonin-de-Sommaire, France
UNIVERS PISCINES & SPA;Lyon, 9 Rue Pasteur, 69720 Saint-Bonnet-de-Mure, France
Usine élévatoire de Trilbardou;77450 Trilbardou, France
Utopia;8 Les Étangs de Saint-Ange, 89400 Bussy-en-Othe, France
Vél’eau - Centre d'aquabike à Paris 15ème;6 Vla Saint-Charles, 75015 Paris, France
Vélorail de La Sioule;Les grands champs, 03800 Le Mayet-d'École, France
Vélo-Rail Mayenne;17 D258, 53300 Saint-Loup-du-Gast, France
Vacances;24260 Saint-Chamassy, France
Vacansoleil France;131 Imp. des Palmiers, 30100 Alès, France
Vagues Océanes;25 Rue de Saint-Etienne, 85210 Saint-Aubin-la-Plaine, France
Vallée d'Orlu - vallée de l'Oriège;Pl. André Amiel, 09110 Orlu, France
Vallée de la jordanne;15590 Mandailles-Saint-Julien, France
Vallée de la Solenzara;D268, 20240 Sari-Solenzara, France
VAR NATUR'EVASION;93 Rte de Carces RD 562, 83510 Saint-Antonin-du-Var, France
Variation Sport Nature - Canoë kayak Saint Antonin Noble Val;Chemin de la Plage, 82140 Saint-Antonin-Noble-Val, France
VayaForm;24 bis Rte de Montpellier, 34430 Saint-Jean-de-Védas, France
Venise Verte Evasion;66 Rue des Gravées, 79270 Sansais, France
Via Ferrata du Lac de Vouglans / Regardoir;Lieu-dit, Le Regardoir, 39260 Moirans-en-Montagne, France
Via Ferrata St Antonin Roc d'Anglars;Route du Roc d'Anglars, 82140 Saint-Antonin-Noble-Val, France
Viaduc de Saint Georges le Gaultier;Viaduc, 72130 Saint-Georges-le-Gaultier, France
Villa Burrus;11A Rue Maurice Burrus, 68160 Sainte-Croix-aux-Mines, France
Villa des Bains de Mer;47 BIS Rue des Canadiens, 80350 Mers-les-Bains, France
Village Accueil Groupes;19 Route de Brion, 86350 Saint-Secondin, France
Village Club du Soleil Le Reverdi;LE REVERDI Les Villages Clubs du Soleil, D44, 83120 Le Plan-de-la-Tour, France
Village Club Miléade Carry-le-Rouet;Chem. des Eaux Salées, 13620 Carry-le-Rouet, France
Village Club Miléade Chamonix;1336 Rte des Lacs, 74400 Chamonix-Mont-Blanc, France
Village Club Miléade La Ferté-Imbault;Rue de l'Écluse, 41300 La Ferté-Imbault, France
Village Club Miléade Samatan;Av. de Lombez, 32130 Samatan, France
Village Club Miléade Tignes;Av. des Neiges, 73320 Tignes, France
Village dans le ciel;83690 Tourtour, France
Village de Loguivy de la Mer;8 Rue de la Jetée, 22620 Ploubazlanec, France
Village de Vacances de L'Isle d'Aulps;536 Rte du College, 74430 Saint-Jean-d'Aulps, France
Village des Pêcheurs - Treffiagat - Rêves de mer;Moguergrean, 29730 Treffiagat, France
Village des tortues de Moltifao;Village des tortues lieu dit Tizarella, 20218 Moltifao, France
Village martyr d'Oradour-sur-Glane;La Cité Martyre, 87520 Oradour-sur-Glane, France
Vilpert Segolene;1432 Rte du Revard, 73100 Trévignin, France
Violette Nouvian - Kinésiologue;1432 Rte du Revard Espace Meditrine, 73100 Trévignin, France
Volerie du Forez;1540 Route de St Anne, Le Château, 42130 Marcilly-le-Châtel, France
VP SCINE Centre AQUATIQUE;81 Av. Louis Pasteur, 42152 L'Horme, France
Wake Park Rincerie;Wake Park de, La Rincerie, 53800 La Selle-Craonnaise, France
Waterski Park;5006F Rue Chevalleret, 60700 Pontpoint, France
Winter Parc;plateau de rocherousse Altitude 2300 mètres accessible par telemix Rocherousse, 05170 Orcières, France
Wonderful Land;Schuman - Shopping Promenade, Rue Robert Schumann, 77410 Claye-Souilly, France
Wow Safari Peaugres;D821, 07340 Peaugres, France
Yatouland;Chem. de la Gravière 4, 1227 Genève, Suisse
Youpi Parc Libourne;51 Rue Chaperon Grangère, 33500 Libourne, France
Youplaboumb Parc;Lac des vieilles forges, 08500 Les Mazures, France
Zebulair Jocs Inflables;66340 Osséja, France
Zone humide des Monneries;69870 Poule-les-Écharmeaux, France
Zone ombragée en bord de riv5;5 Rue de la Baignade, 25160 Oye-et-Pallet, France
Zoo de La Boissière du Doré;2 La Châtaigneraie, 44430 La Boissière-du-Doré, France
Zoo des Sables d'Olonne;Rte du Tour de France, 85100 Les Sables-d'Olonne, France
Zwembad Center Parcs De Kempervennen;Kempervennendreef 8, 5563 VC Westerhoven, Pays-Bas
Natura Massage;Lot II J 159 C Ambohijatovo, Antananarivo 101, Madagascar
Freibad Hangeweiher;Am Hangeweiher 32, 52074 Aachen, Allemagne
Freizeitbad Aqua Fun;In d. Enz 23, 54673 Neuerburg, Allemagne
Quellenhof Spa by BABOR;Monheimsallee 52, 52062 Aachen, Allemagne
SCHWERELOS Floating & Massage Spa Aachen;Schumanstraße 18A, 52146 Würselen, Allemagne
Aiyara Thai Massage & Spa;Seilgraben 16, 52062 Aachen, Allemagne
Adassah Massage et bien être;107 By Pass, Antananarivo, Madagascar
Skinscare Isoraka;3GQC+HG6, Lalana Raveloray, Antananarivo, Madagascar
Skinscare Wellness;Lalana Raveloray, Antananarivo 101, Madagascar
Souffle de Vie - Cécile ORSOT DESSI;Centre de Gaïa Androhibe, Antananarivo 102, Madagascar
JAMET Anne-Lise -ADELY'S NATURE- YSSINGEAUX;Pôle Santé du Pays des Sucs, 1 Av. de Chaussand, 43200 Yssingeaux, France
Le gite nature et spa;Villedieu, 42110 Sainte-Foy-Saint-Sulpice, France
"Village Vacances ""Le Domaine Sauvage""";62224 Équihen-Plage, France
"Étang Le Monsiau & parcours ""le plaisir des cimes""";1 D128 la fort de vivrai, 03220 Saint-Plaisir, France
"Piscine et toboggan du camping de ""Mayotte""";368 Chem. des Roseaux, 40600 Biscarrosse, France
"Club de natation ""Les Dauphins de Saint-Pierre-du-Mont""";214 Rue de la Provence, 40280 Saint-Pierre-du-Mont, France
"Plan d'Eau ""Les Fargues""";Rue Pavée, 11220 Ribaute, France
"Jardin d'enfants ""La Motte de l'Agly""";Rue du Souvenir, 66250 Saint-Laurent-de-la-Salanque, France
"Base De Loisirs ""LA TERRASSE "" de Saint-Ferréol ! Restaurant - Séminaire - Activité sportive - LA TERRASSE";144 Rte de Carcassonne, 81540 Sorèze, France
"Eric Harmonie Bien-Être ""massage californien""";3 b Rue des Vergers, 67670 Wittersheim, France
"l'inattendu63 ""Cabane Spa""";
"Drainage Lymphatique ""Brésilienne"" et Thérapies Associés";1 Rue du Colombier, 45300 Yèvre-la-Ville, France
"""Une envie de Bonheur"" Nathalie RESAL-AIZIER";31 Rue Liétard, 88370 Plombières-les-Bains, France
"Office de Tourisme de Volvic - Maison UNESCO ""Chaîne des Puys - faille de Limagne""";12 Rue des Sources, 63530 Volvic, France
"""ECOUTE TON ETRE - Michele MENICALLI "" Massages Bien-Être ""detente-sportif-esthétique""";17 bis Rue Pernetty, 42300 Roanne, France
"Massage et HEAD SPA ""Les mains de fée Clo "" ?nettoyage énergétique des lieux de vie";33 Rte de Beauvais, 60460 Précy-sur-Oise, France
"Maison paramedicale ""les fontaines""";4 Rue des Fontaines, 36320 Villedieu-sur-Indre, France
"La Source Pure ""Le BIO à fleur de peau """;46 Rue de la Catalane, 30310 Vergèze, France
"Restaurant ""Au château""";345 Rue de la Prairie, 71000 Varennes-lès-Mâcon, France
Château de Versols;25 Rue du Chateau, 12400 Versols-et-Lapeyre, France
Château de Montalègre;12400 Versols-et-Lapeyre, France
Château de Versailles;Place d'Armes, 78000 Versailles, France
Musée du Pont du Gard;400 Rte du Pont du Gard, 30210 Vers-Pont-du-Gard, France
Le Trait d'Union de Verrières-le-Buisson TUVB;Pl. Charles de Gaulle, 91370 Verrières-le-Buisson, France
Espace Jean Mermoz;4 Rue Marcel Giraud, 91370 Verrières-le-Buisson, France
Maison de l'Étang de La Loisne;Rue du Marais, 62113 Verquigneul, France
Domaine de l'Hôtel-Noble;11 Rue Aristide Briand, 37210 Vernou-sur-Brenne, France
bellezza & spa;31 Rue des Rosiers, 78480 Verneuil-sur-Seine, France
Hotel;27130 Verneuil d'Avre et d'Iton, France
IGESA Hôtel Premium Vernet-les-Bains;Hôtel du Portugal, All. du Parc, 66820 Vernet-les-Bains, France
Le Logis Saint François;4 Rue de l'Hôtel de Ville, 89270 Vermenton, France
Aire de jeu d enfants;89270 Vermenton, France
Parc arboré de Vermenton;2 Chem. des Coullemières, 89270 Vermenton, France
Bois de Verlinghem;1 Chem. de la Tuilerie, 59237 Verlinghem, France
Domaine de la Chanterelle;Rue du Beau Rang, 59237 Verlinghem, France
Accro Verdon;D957, D49, 83630 Vérignon, France
Claire B Institut&Spa - Vergt;2 Pl. Sainte-Marie, 24380 Vergt, France
Parc Japiot;1B Av. Général Mangin, 55100 Verdun, France
Hôtellerie Notre-Dame de Verdelais;1 les allées, 33490 Verdelais, France
EAU LOIN;14 Rue du Bois, 60950 Ver-sur-Launette, France
Le Pré de l'Etang;Rte d'Eve, 60950 Ver-sur-Launette, France
Etangs La Volière;Rte d'Ermenonville, 60950 Ver-sur-Launette, France
Go Massage Corse;24 Mucchiatana, 20215 Venzolasca, France
PERCHE HOTEL DE FRANCE;19 Rue du 13 Août 1944, 61190 Tourouvre au Perche, France
Ventenac Gites;1 Rue de la Fontaine, 11120 Ventenac-en-Minervois, France
ESCAPADES COCOONING;12 Av. de la Viale, 11610 Ventenac-Cabardès, France
Domaine de Sainte Anne;1 All. de Sainte-Anne, 89290 Venoy, France
Lac de la Buissonnière;5 Chem. de la Buissonnière, 38860 Les Deux Alpes, France
Ô Cocon Spa;307 Rue du Général Koenig, 60280 Venette, France
La sensuelle suite romantique & balnéo;17 Pl. du Quatorze Juillet, 34350 Vendres, France
Château de Vendegies au Bois;30 Rue Basse, 59218 Vendegies-au-Bois, France
Hôtel restaurant Médoc 33;32 Rte de Soulac, 33930 Vendays-Montalivet, France
Parc de l'Aventure - Parc Accrobranche de Loisirs au cœur du Médoc près de Bordeaux.;les Bains, 7 Rue André Goulée, 33930 Vendays-Montalivet, France
Minigolf du Parc de l'Aventure Montalivet medoc;7 Rue André Goulée, 33930 Vendays-Montalivet, France
Square Hélène De Savoie;34740 Vendargues, France
Kangoo Park Safari - La Grande Motte;Place du Cosmos, 34280 La Grande-Motte, France
Le Trianon d'Alésia;19 Av. Jean Jaurès, 21150 Venarey-les-Laumes, France
Base de loisirs coulée verte du Guyon;85190 Venansault, France
Parc du Guyon;85190 Venansault, France
Parc;78140 Vélizy-Villacoublay, France
SLPA Amance - Refuge;Ferme de, La Fourasse, 54770 Amance, France
Manoir de Beaupré;Unnamed Road, 37250 Veigné, France
Flory head spa;9 Imp. Figo, 84270 Vedène, France
Anaya Head Spa - Soin Japonais;accès, 2 Av. de la Libération, Av. Paccard, 42340 Veauche, France
Domaine de la Cour;Château de, La Cour, 53500 Vautorte, France
Gîte l'étable détente;La Hallerie, 53500 Vautorte, France
Restaurant Auberge de la Colline;1 Bis Rue de l'Église, 54330 Vaudémont, France
ELIOSPA Vars - L'Alpe Blanche;20 B All. Journod Monique, 05560 Vars, France
Office de Tourisme de Vars;15 All. Charlot Paul, 05560 Vars, France
Vars Mountain Kart;Cr Georges Rohner, 05560 Vars, France
Luge du Caribou;Le Fournet, 05560 Vars, France
Promenade au bord de l'Ariege ??;09120 Varilhes, France
Lac de Varennes-les-Mâcon;Rue de la Prairie, 71000 Varennes-lès-Mâcon, France
Restaurant La Table de Varennes;2 Rue de Brie, 91480 Varennes-Jarcy, France
Auberge de Varaignes;5 Pl. des Recettes, 24360 Varaignes, France
Hotel spa;17 Pl. Maurice Marchais, 56000 Vannes, France
parc de vals les bains;07600 Vals-les-Bains, France
La Truite Dorée;46090 St Géry-Vers, France
Esplanade Émile Turco;2 Rue du Lieutenant Panis, 34350 Valras-Plage, France
Valras;8 Rue Sévigné, 34350 Valras-Plage, France
OFFICE DE TOURISME VALRAS-PLAGE BEZIERS MEDITERRANEE;2 Square René Cassin, 34350 Valras-Plage, France
Parc Aventure Accrojump;Route de Valras, 34410 Sérignan, France
Le Port de Valras plage;39 Boulevard de Verdun, 34500 Béziers, France
Télésiège des jeux;73450 Valmeinier, France
ulm valmeinier;Les violettes, 73450 Valmeinier, France
Tyrolienne de L'aigle;73450 Valloire, France
Tyrolienne la Catelle;73450 Valloire, France
Lac de Vallègue;31290 Vallègue, France
Gîtes du Château de Valflaunès;179 Rue de l'Ancien Lavoir, 34270 Valflaunès, France
Restaurant au Soleil;114 Rue Principale, 67210 Valff, France
Jardin Remarquable de Baudouvin;Rue des Gibelin, 83160 La Valette-du-Var, France
Hotel;4 Av. Guy Môquet, 94460 Valenton, France
Parc Jacques Chirac;1 Pl. sur la Bondé, 94460 Valenton, France
Parc de la Libération;1 All. du 25 Août 1944, 94460 Valenton, France
Piscine municipale;900 Rte de Cannes, 06560 Valbonne, France
Office de Tourisme de Val Cenis Termignon;Parc national de la Vanoise, Pl. de la Vanoise Maison de, 73500 Val-Cenis, France
Office de Tourisme de Val Cenis Lanslebourg;89 Rue du Mont-Cenis, 73480 Val-Cenis, France
Parc Le Duc;Rte de Fontanès, 34270 Vacquières, France
Restaurant Le Védaquais;Pl. de la Liberté, 72500 Vaas, France
La Védaquaise - Gîtes de France;29 Rue Léopold Beauté, 72500 Vaas, France
Ussat Tourisme;09400 Ussat, France
Pôle Nautique Hague;Rte du Fort, 50460 La Hague, France
Maison etxe xuria;64430 Urepel, France
Hôtel des Voyageurs Restaurant;64490 Urdos, France
Salle Gaby Crepet;31 Rue Jules Ferry, 42240 Unieux, France
Parc Max Trouche;7092 Av. Pierre Semard, 04220 Sainte-Tulle, France
La Beauté des Sens;14 Grande Rue, 95740 Frépillon, France
Plan d'eau;63250 Chabreloche, France
Lumae Institut | Centre d'épilation laser et esthétique avancée | Moissy-Cramayel;88 Rue Pierre Semard, 77550 Moissy-Cramayel, France
Alexandra Peruzotti - Massage ventre Chariez Vesoul;En la Courbotte, 70000 Chariez, France
La Rozelie Restaurant;Le chateau, 50340 Le Rozel, France
Parc Animalier d'Écouves;La Houssaye, 61500 Le Bouillon, France
Decathlon Essentiel Aubenas;ZAC LES, ROUTE DE MONTÉLIMAR, Chem. des Terres de Millet, 07200 Saint-Didier-sous-Aubenas, France
Piscine Municipale d'Aubenas;43 Rue Georges Couderc, 07200 Aubenas, France
Square Jacques Picard;1 Chemin des Bordes, 77540 Rozay-en-Brie, France
Ile de Loisirs de Jablines-Annet;77450 Jablines, France
Bourgogne Détente - ressourcez vous au coeur de la Bresse Bourguignonne;Bourgogne Détente, Rue Grande Rue, 71270 Charette-Varennes, France
Plage des Recorts;1-399 Rue des Recorts, 74200 Anthy-sur-Léman, France
Parc des Rives;Rte des Rives, 74200 Anthy-sur-Léman, France
Plage Champ de l'Eau;87 Rue de la Plage, 74200 Anthy-sur-Léman, France
Plage municipale;Quai de Ripaille, 74200 Thonon-les-Bains, France
Plage du Port de Séchex;Rte du Port de Séchex, 74200 Anthy-sur-Léman, France
Col de la Croix du Fau;D989, 48140 Saint-Privat-du-Fau, France
Genie Therm;30 Rue de la Ferme, 54430 Réhon, France
Parc;18 Chem. de l'Usclade, 30340 Saint-Privat-des-Vieux, France
Skatepark;Parc, 18 Chem. de l'Usclade, 30340 Saint-Privat-des-Vieux, France
La baie des pirates;62560 Dennebrœucq, France
Centre Aquatique Intercommunal;1 Rue Vincent Auriol, 12700 Capdenac-Gare, France
Retenue d'eau de la madeleine;12700 Causse-et-Diège, France
Ile de beauté;12 Av. de la Marne, 08000 La Francheville, France
La Palmeraie Lodge;16 chemin PAVAO, Matoury 97351, Guyane française
Spa Maison R - Face & Body;Lotissementla rhumerie, 19 rue du vieux puits, Matoury 97351, Guyane française
Les Terres de Nataé;RH5R+VW, Kerrousseau, 56620 Pont-Scorff, France
Les Bains de la Reine;5 Rue du Château, 56160 Guémené-sur-Scorff, France
Manoir de Saint-Urchaut;Saint-Urchaud, 56620 Pont-Scorff, France
Base de loisirs;130 Rue des Lavandières, 56500 Évellys, France
Moulin des Princes;Moulin des Princes, 56620 Pont-Scorff, France
Expéria Park Lorient;Douar Gwen, 56270 Ploemeur, France
Mayapark;Zone Artisanale Manebos, Rue-Straed Jean-Marie Tjibaou, 56600 Lanester, France
La Montagne Aire de Jeux;56620 Pont-Scorff, France
Mine d'argent saint-Nicolas;Clairière du Silberthal, 68700 Steinbach, France
Parc de l'Ozanne;Pass. Saint-Romain, 28160 Brou, France
Parc Steinbach;27-29 Rue de la Sinne, 68100 Mulhouse, France
ATOUT PISCINES;ZA du Gault, 43330 Pont-Salomon, France
Plan d’eau à pont Salomon;1Ter Rue de la Semène, 43330 Pont-Salomon, France
Parc thermal;70300 Luxeuil-les-Bains, France
CF Institut;7 Grand Place Norbert Segard, 59114 Steenvoorde, France
Ancienne piscine de la Haute Moselle Natation;29 Rue Aristide Briand, 54550 Pont-Saint-Vincent, France
Lac de Lupiac;932 Chem. de Lacoste, 32290 Lupiac, France
Piscine Adolphe Duméry;Rue des Thermes, 23110 Évaux-les-Bains, France
Acroforest;Rue du Frais Vent, 27930 Brosville, France
Parc Maczek;Rue Jean de la Fontaine, 59114 Steenvoorde, France
Charm Nails Institut de beauté minceur anti-âge et relaxation Pont-Saint-Pierre;11 Pl. du Marché, 27360 Pont-Saint-Pierre, France
Château de Pont-Saint-Pierre;Le Château, 27360 Pont-Saint-Pierre, France
Aire de Jeux;4CGF+H2, 44860 Pont-Saint-Martin, France
Centre Hospitalier de Pont-Saint Esprit;10 Rue Philippe le Bel, 30130 Pont-Saint-Esprit, France
Bureau d'Information Touristique de Pont-Saint-Esprit;La Cazerne, Boul. Gambetta, 30130 Pont-Saint-Esprit, France
Musée d'Art Sacré du Gard;2 Rue Saint-Jacques, 30130 Pont-Saint-Esprit, France
Pont Piscine;1071 Av. Kennedy, 30130 Pont-Saint-Esprit, France
Mairie de Pont Saint Esprit-Urbanisme;Centre pépin, Boul. Gambetta, 30130 Pont-Saint-Esprit, France
Swing Family Parc (Parc de loisirs & attractions);36 Blanchisserie, 30760 Aiguèze, France
Espace Zoologique de Saint-Martin la Plaine;Rue Antoine Seytre, 42800 Saint-Martin-la-Plaine, France
Mausolée de Lady Mond;7 Locmaria, 22810 Belle-Isle-en-Terre, France
Le Plan désert (lac);73590 Notre-Dame-de-Bellecombe, France
Office de Tourisme de Notre Dame de Bellecombe;167 Av. de Savoie, 73590 Notre-Dame-de-Bellecombe, France
La Maloterie;Rte de Bellebrune, 62142 Belle-et-Houllefort, France
Le Nauticum;Rue Général Giraud, 42300 Roanne, France
camping de la boutiere;La Boutière, 71990 Saint-Léger-sous-Beuvray, France
Domaine du Colombier;1, Grande Rue Route départementale 981 Beauvais Gisors, 60155 Saint-Léger-en-Bray, France
Le Domaine de Coyolles;17 Rue du Moulin, 02600 Coyolles, France
Château de la Reine Blanche;Rte Forestière des Étangs de Commelles, 60580 Coye-la-Forêt, France
Parc aux balançoires;38 Rue du Layon de l'Enclave, 60580 Coye-la-Forêt, France
Château la Grand'Cour;11 Rte de Nevers, 18350 Mornay-Berry, France
Aqua-Loisirs Pays Florentais;1 Rue du Viaduc, 18400 Saint-Florent-sur-Cher, France
Institut Athéna...de beaute et Spa...;1 Les Chaumes, 33390 Cars, France
Domaine de Savigny;Domaine de Savigny, 58330 Saint-Saulge, France
Magic Wellness;8 Chem. de la Plaine de Jouars, 78490 Méré, France
Magicfit Méré;za gare ouest, 8 Chem. de la Plaine de Jouars, 78490 Méré, France
Pisciculture d'Urepel;480 D948, 64430 Urepel, France
Base De Loisirs De Tauriac;46130 Tauriac, France
Swim Stars | Montgeron;1 Rue d'Eschborn, 91230 Montgeron, France
WAM PARK - Bordeaux Sud - Baurech;259 Chemin, Port Leyron, 33880 Baurech, France
Arbo'magic - Parc de loisirs NATURE;55 route de la Garenne, 26410 Menglon, France
Restau Snack de la piscine;19 Chem. du Bez, 26410 Châtillon-en-Diois, France
Accrobranche Adventure Camp;455 chemin de la Plage, 07120 Grospierres, France
Massage Plélan-le-Grand - Drainage Lymphatique Renata França - Caroline Sena Reuzé - Bem Me Quer;6 Imp. des Bûcherons, 35380 Plélan-le-Grand, France
CPTS de Brocéliande;3 Rue de la Licorne, 35380 Plélan-le-Grand, France
Communauté de Communes de Brocéliande;1 Rue des Korrigans, 35380 Plélan-le-Grand, France
Parking de la Piscine Municipale;35380 Plélan-le-Grand, France
Étang de Boissy sous Saint yon;91790 Boissy-sous-Saint-Yon, France
Parc De L'Ormeteau;11 Rue de l'Ormeteau, 91790 Boissy-sous-Saint-Yon, France
Résidence Pays de Ramerupt;2 Rue des Anciens Combattants, 10240 Ramerupt, France
La Maison du Pays;2 Rue des Anciens Combattants, 10240 Ramerupt, France
Actiretraite Ramerupt;2 Rue des Anciens Combattants, 10240 Ramerupt, France
Euskadi Wake Park;789 Chem. de Bourouilla, 64520 Sames, France
La pêche du Parc;Les Touches, 50640 Buais-Les-Monts, France
Le Galizan;Rue Jean Baptiste Riboulet, 03250 Ferrières-sur-Sichon, France
Château de Montgilbert;03250 Ferrières-sur-Sichon, France
Pisciculture du Moulin du Piat;Moulin Piat, 03250 Ferrières-sur-Sichon, France
Pisciculture de Ferrieres;Route de la Guillermie, 03250 Ferrières-sur-Sichon, France
L'arboretum Paul Barge;03250 Ferrières-sur-Sichon, France
Vestiges du Château de Rougemont;90110 Rougemont-le-Château, France
Sur le Green S.L.G.;48 Rue de Masevaux, 90110 Rougemont-le-Château, France
O'Fil de l'Eau Marciac;Résidence Hameau du Lac, 32230 Marciac, France
Office de Tourisme de Marciac;4 bis place du Chevalier d'Antras, 32230 Marciac, France
Gulli Parc Bry-sur-Marne;1er Centre commercial Les Armoiries, 19bis Bd Jean Monnet, 94360 Bry-sur-Marne, France
Entrée aquatique parc croissant vert;48 Av. de Blancheville, 93330 Neuilly-sur-Marne, France
Forêt Domaniale de Rambouillet;France
Azena Espace Beauté Spa;15 Rue de la Louvière, 78120 Rambouillet, France
Camping de mon Village (Camping-Car Park);Lieu-dit Pradet, RN 122, 15170 Ferrières-Saint-Mary, France
Christele Bien Etre;4 Mail de l'Île aux Moines, 35170 Bruz, France
Sabai Nang Thai Massage;5 Imp. Irène Joliot-Curie, 35170 Bruz, France
Domaine de Cicé-Blossac - Le Restaurant;43 Av. de la Chaise, 35170 Bruz, France
Parc de jeux;88700 Rambervillers, France
Grotte de Camprafaud;FW53+26, 34360 Ferrières-Poussarou, France
Verrerie archéologique de Couloubrines;VQJX+6P, 34190 Ferrières-les-Verreries, France
Sereposer au Kasaï-Spa;842 Chem. des Tamaris, 83350 Ramatuelle, France
Azur Park;51 Rdpt de la Foux, 83580 Gassin, France
Piscine Municipale Hélène Dufenieux;Complexe sportif du Moulin Blanc, 21 Route des Salins, 83990 Saint-Tropez, France
Wake Park Plessé;Route de Savenay – Etang de, Buhel, 44630 Plessé, France
Karukera46;3 Chem. du Peyronnet, 46300 Fajoles, France
Château de Bruyères;9 Rue de Joseph, 91680 Bruyères-le-Châtel, France
Aquaparc de Marcôt - le JAG;Rte de Marcôt, 73270 Beaufort, France
Grotte De Rouffignac;24580 Rouffignac-Saint-Cernin-de-Reilhac, France
Château de l'Herm;24580 Rouffignac-Saint-Cernin-de-Reilhac, France
Office de Tourisme de Rouffignac;5 Pl. Simone Veil, 24580 Rouffignac-Saint-Cernin-de-Reilhac, France
Bassin Aventures Accrobranche entre Bordeaux et Arcachon;16 Av. des Loisirs, 33470 Gujan-Mestras, France
Piscines Ibiza Rouffiac Tolosan;26 Imp. du Clos du Loup, 31180 Rouffiac-Tolosan, France
Pitchoun Parc Grenade;89 rue de l'Autan ZAC, Palegril, 31330 Grenade, France
Piscine Toulouse Lautrec;Imp. Barthe, 31200 Toulouse, France
Château de Ferrières;Rue du Château, 77164 Ferrières-en-Brie, France
Les Petits Baigneurs Ferrières-en-Brie;22 Rue du Mans, 77164 Ferrières-en-Brie, France
Aqualoft Fitness Club 77 Ferrières;22 Rue du Mans, 77164 Ferrières-en-Brie, France
Parc de la Taffarette;77164 Ferrières-en-Brie, France
Parc Loisirs et Nature de la Porte du Hainaut;Av. de la Font Bouillon, 59590 Raismes, France
Pure Aventure;9 Av. de la Font Bouillon, 59590 Raismes, France
Parc de la Porte du Hainaut;Rue du Château, 59590 Raismes, France
Jardins de Versailles;Place d'Armes, 78000 Versailles, France
Société de Natation de Versailles;7 Rue Léon Gatin, 78000 Versailles, France
Office de tourisme;12A Pl. de la République, 68250 Rouffach, France
Brasserie Julien;1 Rue Raymond Poincaré, 68250 Rouffach, France
Fontaine d'Orfonds;37600 Ferrière-sur-Beaulieu, France
Location de pédalos et paddle surf lac du moulinet;Lac du Moulinet 48130, 48130 Le Buisson, France
Lac du Moulinet;Lac du Moulinet, 48100 Le Buisson, France
Concept 4 VIP;
Espace Détente massage energetic institut rouen;Rue Desseaux, 76100 Rouen, France
Woupi Rouen - Grand Quevilly;3 Rue Paul Lambard Prolongée, 76120 Le Grand-Quevilly, France
Balygoo;35 impasse pierre georges latécoère, 76230 Bois-Guillaume, France
Centre Médical Pasteur Brunoy;1 Rue de Soulins, 91800 Brunoy, France
Parc de Rouelles (La Bouteillerie);76610 Le Havre, France
Parc de Rouelles (Arboretum);76290 Le Havre, France
Piscine de Caucriauville Le Havre;181 Rue Edouard Vaillant, 76610 Le Havre, France
Les Châteaux de Bruniquel;Rue du Château, 82800 Bruniquel, France
Village Médiéval de Bruniquel;Chem. des Remparts, 82800 Bruniquel, France
Office de tourisme Bruniquel;2 rue de la fraternité, 82800 Bruniquel, France
Association Terre Mère;Travers Grand, 82800, Bruniquel, France
Restaurant Bruniquel Chez PIGASSOU;8 Rue de L Hôpital, 82800 Bruniquel, France
Château de la Ferrière de Flée;3 Rue du Général de Gaulle, 49500 Segré-en-Anjou Bleu, France
La Balade du Père Nicolas;Le Rohic, 56930 Pluméliau-Bieuzy, France
Parc de la Noisette;91370 Verrières-le-Buisson, France
Colline du parc de la noisette;91370 Verrières-le-Buisson, France
Ancienne minière de La Ferrière-aux-Etangs;61450 La Ferrière-aux-Étangs, France
Base de Loisirs des 3 fontaines de Champagné St Hilaire;1 Pl. de la Mairie, 86160 Champagné-Saint-Hilaire, France
Roxane Maison de Beauté;Parking Pôle Culturel et Associatif Marcel Rivière, Rue de la Chapelle, 85280 La Ferrière, France
FUNSHINE - Parc de Loisirs en Vendée;9 bis La Morinière, 85280 La Ferrière, France
Moulin à huile de la Restanque;Route d'Argens, 38 Av. des Loisirs, 11200 Roubia, France
Château de Ferrette;68480 Ferrette, France
Office du Tourisme du Sundgau-Ferrette;1a Rue de la 1ère Armée, 68480 Ferrette, France
La Piscine - Musée d'art et d'industrie André Diligent de Roubaix;23 Rue de l'Espérance, 59100 Roubaix, France
Base de Loisirs Fred Chouvier;Rue de Buet, 72350 Brûlon, France
Plan d'eau de Brûlon;XQ6F+5P, 72350 Brûlon, France
Magic Park Land - Parc d'attractions;Autoroute A55 - Fos/Martigues, 13820 Ensuès-la-Redonne, France
Château de Radepont;Rue Grande 87, 27380 Radepont, France
Centre Hospitalier de la haute vallée de la Moselle;60 Rue Charles de Gaulle, 88160 Le Thillot, France
Restaurant Relais d'Aumale;37 Pl. des Fêtes Henri Delaunay, 60560 Orry-la-Ville, France
Chateau De La Borne Blanche;48 Rue d'Hérivaux, 60560 Orry-la-Ville, France
Le Parc De La Flânerie;Rue Maréchal Foch, 62118 Biache-Saint-Vaast, France
Sable et turquoise;ROUTE NATIONALE 124, 31820 Pibrac, France
L'air Du Temps;38 Rue Georges Joignet, 27660 Bézu-Saint-Éloi, France
Auberge du Château;28 Pl. Pierre d'Amboise, 86130 Dissay, France
Parc de jeux de Léoville;17500 Léoville, France
LOUCIA ESTHETIQUE Beauty-Zen ??Électrolyse /Laser/Head Spa et divers soins;25 Rue de la Tapie, 30320 Bezouce, France
Maison d'accueil St Hugues;85 chemin de l'Abbaye, 26190 Léoncel, France
Pianottoli Diving;Port de Pianottoli Route du port, 20131 Pianottoli-Caldarello, France
La Terre Etoilée;Chez marguerite, 3995 Lanciato, 20131 Pianottoli-Caldarello, France
Plage de San Giovanni;20131 Pianottoli-Caldarello, France
DOUCIER AVENTURE;COLLONDON, 39130 Doucier, France
Plage de Chevano;Porro, 20131 Pianottoli-Caldarello, France
Massage Land;169 Rue des Chênes Lieges, 40550 Léon, France
Plage du Lac de Léon;Rue des Berges du Lac, 40550 Léon, France
Petit Spa Zen by Mia Bayle Ginabat;100 Grand-Rue, 40550 Léon, France
Kouloud Zebli - Ostéopathe;6 All. des Tournesols, 95870 Bezons, France
Adrénaline Parc - Plus grand accrobranche d’Aquitaine;Lieu dit Thomas, 40660 Moliets-et-Maa, France
ISLALEÓN;C. de la Fuente, 101, 24010 Trobajo del Camino, León, Espagne
Parc Nelson Mandela Bezons;95870 Bezons, France
Camping Capfun - Paillotte;66 Rte des Campings, 40140 Azur, France
Parc Sacco et Vanzetti;14 Rue de la Berthie, 95870 Bezons, France
Chez Gisou;Rue des Berges du Lac, 40550 Léon, France
Parc Bettencourt;21 Rue des Barentins, 95870 Bezons, France
Fitness Park - Salle de sport Bezons;60 Rue Emile Zola, 95870 Bezons, France
La Tour de Diors | Réceptions & Hébergements;1 Rte de Saint-Amand, 36130 Diors, France
Marina Institut;2 Cr Gambetta, 33850 Léognan, France
Bruno Flaujac Coiffures - Coiffeur Leognan;100 Av. de Bordeaux Centre commercial E.Leclerc, 33850 Léognan, France
Restaurant Le Manège;88 Chem. du Barp, 33850 Léognan, France
La Ferme Exotique;Domaine de la Roussie, 1932 Chem. du Port de l'Esquillot, 33140 Cadaujac, France
Calanques de Piana - Calanche di Piana;20115 Piana, France
Les Roches Bleues;Lieu Dit les Calanche, RD81, 20115 Piana, France
Plage d'Arone;20115 de la Plage d'arone, 20115 Piana, France
La Voûte;Place de la Fontaine, 20115 Piana, France
Le cœur de la Corse;6MX4+MW, 20115 Piana, France
Château de Dinteville;3 grande rue, 52120 Dinteville, France
Opaline;492 Rte de Pauillac, 33290 Le Pian-Médoc, France
Happy City Béziers;2442 Rte de Narbonne, 34500 Béziers, France
Children Paradise;Rue Henri Chr?tien, 66600 Rivesaltes, France
Grottes de Bèze;Chem. des Grottes, 21310 Bèze, France
AURORA VIBES SOINS;9 Imp. d'Étain, 57370 Phalsbourg, France
Institut A Deux Mains;4 Rue Général Leclerc, 57370 Phalsbourg, France
Pole santé DINGE;1 Place gumiel de izan, 35440 Dingé, France
Padiparc - Parc zoologique;Le Gouffre, 46500 Padirac, France
CRYOTERA - Pôle de Cryothérapie Reims;2 Rue Jules Méline, 51430 Bezannes, France
Beaute et Technologie Stahl - Institut de Beauté & Spa Reims - Bezannes - Minceur;2 Rue Jules Méline, 51430 Bezannes, France
Centre Esthétique de Bezannes;5 Cr Christian Lange, 51430 Bezannes, France
Urgences de la Polyclinique Reims-Bezannes;109 Rue Louis Victor de Broglie, 51430 Bezannes, France
Aquacfit Reims;24 Rue Pierre Taittinger, 51100 Reims, France
Parc Pierre Mendès France;Rue Vauban, 51100 Reims, France
Parc de la Roselière;51430 Bezannes, France
Piscine Talleyrand;41 Rue de Talleyrand, 51100 Reims, France
Parc du Regrimet;120 Rue Pré Plancher, 26210 Lens-Lestang, France
Espace Bien être dinan;16 Rue de la Ferronnerie, 22100 Dinan, France
Serenity Spa Lens;Rue André Desprez, 62440 Harnes, France
Centre de santé Filieris;1 Av. André Delelis, 62300 Lens, France
Centre Hospitalier de Pfastatt;1 Rue Henri Haeffely, 68120 Pfastatt, France
Parc du Général de Gaulle;5 Rue de la Mairie, 68120 Pfastatt, France
Piscine de Bourtzwiller;28 Rue Saint-Georges, 68200 Mulhouse, France
Masseur-kinésithérapeute du sport/Kiné du sport/Balnéothérapie/Physiotherapist/Physiotherapy;fond de cour, 23 Rue Piron Rdc g, 21000 Dijon, France
Piscine de la Fontaine d'Ouche;All. de Ribeauvillé, 21000 Dijon, France
Centre médical;19 Rue Cami de la Serre Montèze, 66370 Pézilla-la-Rivière, France
Naturopathe - Maryline;10 Rue des Écoles, 66370 Pézilla-la-Rivière, France
ARGELES AVENTURE;Espace de Loisirs, 7 Imp. Copernic, 66700 Argelès-sur-Mer, France
Decathlon Essentiel Digoin;ZAC des charmes, Avenue de l'Europe, 71160 Digoin, France
Institut Relax'Sens;5 Rue de la Faïencerie, 71160 Digoin, France
Le Grand Bain à Digoin;Pl. de la Grève, 71160 Digoin, France
ObservaLoire;2 Rue des Perruts, 71160 Digoin, France
Office de tourisme du Grand Charolais;7 Rue nationale, 71160 Digoin, France
Bricomarché Digoin;Avenue de l'Europe, 71160 Digoin, France
Les Canalous Bourgogne - Digoin;Rue du Port Campionnet Rive droite, 71160 Digoin, France
Agua Marine Piscines;55 Av. du Général de Gaulle, 71160 Digoin, France
Bassin de joutes;Rue de la Chevrette, 71160 Digoin, France
Nolimit Aventure Digny;59 Bois de la Fontaine, 28250 Digny, France
Làchez-Prisc Massages soins visage et soins énergétiques uniquement sur rendez-vous. Bon cadeaux en ligne.;10 All. des Sophoras, 34120 Pézenas, France
Parc du Pontreau;14 Rue Saint-Exupéry, 86140 Lencloître, France
Sens et Être hypnose / massage / thérapies brèves;8 Av. François Hue, 34120 Pézenas, France
Etablissement Thermal;Av. des Thermes, 04000 Digne-les-Bains, France
Institut du chateau;334 Chem. du Sermoraz, 01700 Beynost, France
Abri préhistorique du Moustier - Gisement du Moustier;Le bourg, 24620 Peyzac-le-Moustier, France
Auberge Le Moustier;302 Rte Abri du Moustérien, 24620 Peyzac-le-Moustier, France
Etang de Beynes;3 Pl. d'Estendart, 78650 Beynes, France
Parc de l'étang;22 Pl. du 8 Mai 1945, 78650 Beynes, France
Lac de Miel;Étang de Miel, 19190 Beynat, France
Étang de Miel;22 Étang de Miel, 19190 Beynat, France
Château de Beynac;Le Château de Beynac, Place du château, 24220 Beynac-et-Cazenac, France
La tour du couvent;1-2 Imp. du Présidial, 24220 Beynac-et-Cazenac, France
Le 500 Bornes;1 Rue des Gorges d'Allagnon, 43410 Lempdes-sur-Allagnon, France
Piscine Marcel-Boubat;Rue de la Rochelle, 63370 Lempdes, France
Office de Tourisme du Plateau de Montbazens - Bureau de Peyrusse-le-Roc;Le Rempart, 12220 Peyrusse-le-Roc, France
Decathlon Essentiel Lempdes;Rue de la Rochelle, 63370 Lempdes, France
MSP;130 promenade du canal, 57260 Dieuze, France
piscine municipale de Peyrus;1 Les Charignons, 26120 Peyrus, France
WATER JUMP Ô KIRI BAUDREIX;5 Av. du Lac, 64800 Baudreix, France
Centre de Réadaptation Cardio-Respiratoire- Dieulefit Santé;211 chemin de Chamonix, 26220 Dieulefit, France
Office de Tourisme de Dieulefit-Bourdeaux;1 Pl. Abbé Magnet, 26220 Dieulefit, France
Provence Massages et Magnétisme Peyruis;89 Imp. des Roubines, 04310 Peyruis, France
Le Parad'Ysi - centre minceur et épilation définitive;2 Rte du Mardaric, 04310 Peyruis, France
Piscine Municipale;Av. du Stade, 04310 Peyruis, France
Office de Tourisme Val de Meuse Voie Sacrée;14 Rue de la Tuilerie, 55320 Dieue-sur-Meuse, France
Réparation-spa;66 Rte nationale, 68440 Dietwiller, France
MYL ET UNE BEAUTE;24 Grande Rue, 28700 Béville-le-Comte, France
L Instant Lymphe – Drainage lymphatique visage & corps Chartres;3 All. des Blés d'Or, 28700 Béville-le-Comte, France
Les Cottages du Tarn - location de Gîtes;Gabit, 81310 Peyrole, France
Plan d’eau du Fleckenstein;Camping du Fleckenstein, Tannenbruck, camping du Fleckenstein lieu dit, 67510 Lembach, France
Capitainerie de Port-Dienville;Base nautique, Port Dienville, 10500 Dienville, France
Ski Nautique Club de l'Aube;Plage, Port Dienville, 10500 Dienville, France
Plage de Dienville;Base de loisirs de, 10500 Dienville, France
Moulin de Keriolet;Moulin de Keriolet, 29790 Beuzec-Cap-Sizun, France
La Catheline;Gare supérieur de la télécabine, 01410 Lélex, France
Parc de Brieux;"49°12'20. 6°10'00.0""E, 8 Rue de France, 57280 Maizières-lès-Metz, France"
DREAM FUN;175 Rue Albert Ricquier, 59310 Beuvry-la-Forêt, France
Parc du Millénium;34 Rue du Collège, 59310 Orchies, France
Spa des Anges;487 Rue Aristide Briand, 62660 Beuvry, France
Bois des Lutins Lyon-est Diemoz;La combe du loup, RD 518, 38790 Diémoz, France
Parc de loisirs : AVENTURIO Beuvry;Rue de la Passerelle, 62660 Beuvry, France
Office de tourisme de Beuvron-en-Auge;2 Esp. Woolsery, 14430 Beuvron-en-Auge, France
Parc de loisirs Les Maillards;Les Maillards, 86450 Leigné-les-Bois, France
French Piscine et Spa;41ter Av. Ernest Ferroul, 11160 Peyriac-Minervois, France
Château de Léhon;2-5 All. du Château, 22100 Dinan, France
Étang du Doul;11440 Peyriac-de-Mer, France
Promenade des Pontons;27 Rue des Salins, 11440 Peyriac-de-Mer, France
Étang du Vignoble;Chem. de Halage, 59300 Valenciennes, France
Parc Ruissard;Parc, 59192 Beuvrages, France
Parc communal de Beuvillers;Rue du Stade, 14100 Beuvillers, France
Office de Tourisme du Pays Diois;1 Rue des Jardins, 26150 Die, France
Drôme Aventure;Domaine du Martouret, 340 Rte d'Ausson BP 13, 26150 Die, France
Parc de loisirs du Four;Route du Cap Ferret, 33950 Lège-Cap-Ferret, France
Etang de Beutal;25250 Beutal, France
Téléski Nautique Les O Kiri;5 Av. du Lac, 64800 Baudreix, France
Etangs de Legé (Zone de loisirs du Paradis);44650 Legé, France
Zone de Loisirs du Paradis;44650 Legé, France
Vallée de la Course;1 Pl. de la Mairie, 62170 Beussent, France
Friendly Adventure;592 Rue Pierre Brossolette, 62110 Hénin-Beaumont, France
Plage de Leffrinckoucke;Digue Europlage, 59495 Leffrinckoucke, France
Batterie de Zuydcoote;Chem. de la Batterie, 59495 Leffrinckoucke, France
Espace corps santé;99 Bd Jean-Baptiste Trystram, 59495 Leffrinckoucke, France
Opale Longe Côte;2 Digue Nicolas II, 59240 Dunkerque, France
Foyer Rural de la Terre de Peyre;Rte du Languedoc, 48130 Peyre en Aubrac, France
Zoo de Jurques;La Butte Jurques, 14260 Dialan sur Chaîne, France
Parc naturel régional de l'Aubrac;Village d'Aubrac, 7920 Route d'Aubrac, 12470 Saint-Chély-d'Aubrac, France
Maison de Retraite Les Rocs;33 Grand Rue, 79200 La Peyratte, France
Parc de la Butte;28 All. Johann Strauss, 59115 Leers, France
Vassiviera;24 chem. des côtes, 87470 Peyrat-le-Château, France
Chemin des poètes;1156 Rte de L'Ile, 87470 Peyrat-le-Château, France
Le ruisseau des moulins;Le Mazet, 87470 Peyrat-le-Château, France
Pharmacie Cluzel;1 Rue Carnot, 87470 Peyrat-le-Château, France
O'Peyrat Club;40 Rue de Noussat, 87300 Peyrat-de-Bellac, France
Hôpital intercommunal du Haut Limousin;4 Av. Charles de Gaulle, 87300 Bellac, France
Domaine de Gauchoux;GAUCHOUX HAUT, 87300 Peyrat-de-Bellac, France
Office de tourisme de Beuil;1 Av. du Comté de Beuil Rue du, 06470 Beuil, France
Centre commercial le terme;RD 908, centre commercial à, 13124 Peypin, France
Centre Sportif du Devoluy;Superdévoluy, 05250, 05250 Dévoluy, France
Piscine municipale à La Joue du Loup;05250 Dévoluy, France
Dévoluge : luge 4 saisons;14 Rte du Puy, 05250 Dévoluy, France
Base de loisirs de Superdévoluy;Superdévoluy, 05250 Dévoluy, France
LE CARPE DIE'M Esthetic & Spa;19 Av. de la Libération, 13790 Peynier, France
Institut L’écrin Naturel;Centre Médical de la Treille, Av. de Villelongue, 13790 Peynier, France
Ambre De SBK;Centre commercial le forum CD6 route de TRETS, 13790 Peynier, France
Centre Médical de la Treille;Av. de Villelongue, 13790 Peynier, France
Foyer Rural Peynier;Hôtel de ville, 13790 Peynier, France
Parc;1B Rle des Marchelles, 59570 Gussignies, France
Base de loisirs de la Garenne à Peynier et théâtre de verdure;13790 Peynier, France
Piscine intercommunale de Peymeinade;Chem. du Stade, 06530 Peymeinade, France
GRAND BLEU;2 Rue Amador Lopez, 06150 Cannes La Bocca, France
Lac beugin;Rue du Lac, 62150 Beugin, France
Cascade Waterpark - Base de loisirs de Damazan;lac du Moulineau, 47160 Damazan, France
Pexiora Tourisme;11150 Pexiora, France
O2 Aventure;Lac de la cavayère, 11000 Carcassonne, France
Centre Médical;25 ter Rue du Valet, 60620 Betz, France
Piscine;Place du général de Gaulle, 32700 Lectoure, France
Base nautique de Devesset;S.I.G.L.D Lac de, 07320, Devesset, France
Lac de Devesset;560 Chem. du Lac, 07320 Devesset, France
Plage Le Rocher;30250 Lecques, France
Parc d'activités de la Meslais Fougères Communauté;35133 Lécousse, France
Plan d'eau Marigné Peuton;40 Rte de Marigné-Peuton, 53360 Peuton, France
La Tablée;953 Rte d'Escalles, 62231 Peuplingues, France
Lac de Kerné Uhel;9P3V+2R, 22480 Peumerit-Quintin, France
Decathlon Rennes Betton;Pluvignon ZAC de, 35830 Betton, France
Aqua Kiné Santé;2 Rue de Rome, 35830 Betton, France
Institut Douce'Heure;17 Rue du Mont Saint-Michel, 35830 Betton, France
Avenir Ouest Energie;5 Rue des Tisserands, 35830 Betton, France
Alizé Beauté;59 Av. d'Armorique, 35830 Betton, France
Un Moment Pour Moi;4 Rue du Trégor, 35830 Betton, France
Bébés Dauphins Rennais;15 Av. des Gayeulles, 35700 Rennes, France
Swim Stars | Betton;2 Rue de Rome, 35830 Betton, France
Château de Quintin;22800 Quintin, France
Piscine de Doucy;Chantemerle Doucy, 73260, 73260 La Léchère, France
Poule Wake Park;450 Rte des Lacs, 73260 La Léchère, France
Parc Animalier la Pommeraie;La Pommeraie Bourg 1, Lanvreon, 29710 Peumerit, France
Office de Tourisme de Lecci;Croix de Lecci, T10, 20137 Lecci, France
La Plage de Saint Cyprien;22 San Cipriano, 20137 Lecci, France
Plage du Benedettu;20137 Lecci, France
Parc Aventure Petreto;RT 40, Pont d'Abra, 20140 Moca-Croce, France
Les Pépinières de Saint Cyprien;1380 STRADA DI, Mora Dell Onda, 20137 Lecci, France
Corsica Jet - Jet Ski Corse;Palombaggia, 20137 Porto-Vecchio, France
ENFANTS SAUVAGES porto vecchio;Village de, 20137 Porto-Vecchio, France
Propiscines - Porto Vecchio;Route de Saint-Cyprien, 20137 Lecci, France
Souterrain de Petosse;239 Rue du Chat Ferré, 85570 Petosse, France
"Nama Spa - Les 2 Alpes ""Les Crêtes""";"Club Belambra ""Les Crêtes, 1 promenade des Ecrins, 38860 Les Deux Alpes, France"
Spa Cinq Mondes Hôtel Chalet Mounier;Hôtel Chalet Mounier, 2 Rue de la Chapelle, 38860 Les Deux Alpes, France
2 Alpes Bien-être;59 Av. de la Muzelle, 38860 Les Deux Alpes, France
Office de Tourisme des 2 Alpes;4 Place des 2 Alpes, 38860 Les Deux Alpes, France
Decathlon Mountain Les 2 Alpes;108 Av. de la Muzelle, 38860 Les Deux Alpes, France
Lac d'Enghien;69 Rue du Général de Gaulle, 95880 Enghien-les-Bains, France
Ecopark Adventures Sannois | Accrobranche 95;Chem. de l'Ermitage, 95110 Sannois, France
Parc de la Galathée;Park de la Galathée, 95170 Deuil-la-Barre, France
Parc Victor Labarrière;Rue Victor Labarrière, 95170 Deuil-la-Barre, France
Parc de la chevrette;95170 Deuil-la-Barre, France
VILLA GOLDEN NATURE;1b Rue de Rosenwiller, 67490 Dettwiller, France
Au Temple de Thoa Magnétiseur;4 a Rue Beau Site, 67490 Dettwiller, France
Parc Lilo Z'enfants;Plage de la Garenne, 16 Bd de la Mer, 14910 Benerville-sur-Mer, France
Chauffage Der Energies;10 Rue du Maquis Mauguet, 52100 Bettancourt-la-Ferrée, France
FUN AVENUE;19 Rue des Roises, 52100 Bettancourt-la-Ferrée, France
T2gym;27 Rue Jean Jaurès, 52100 Saint-Dizier, France
Irripiscine by Irrijardin Bettancourt-la-Ferrée;Rte de Bar le Duc, 52100 Bettancourt-la-Ferrée, France
Pierre Percée Pays des Lacs;La Grande Haie, 88110 Celles-sur-Plaine, France
Forêt Domaniale de Desvres;62240, France
Le Coeur de Rose;1 Rue des Écoles, 62240 Desvres, France
Musée de la Poterie;2 Rue de Kuhlendorf, 67660 Betschdorf, France
KIDS MOTOR PARK PARCOURS NINJA LASER GAME PARCOURS AVENTURE KARTING ENFANTS;1985 Chem. de la Vallée, 13400 Aubagne, France
Oasis lagoon;3 Bis Rte du Trou d'Eau, Saint-Paul 97434, La Réunion
Centre de Loisirs Hélios;39 Rte de Labatsus, 65120 Barèges, France
Escale Beauté;43 Av. Massenet, 47390 Layrac, France
Parc de loisirs du lac de l'Uby;Av. du Lac, 32150 Cazaubon, France
Palmeraie du Sarthou;Au Sarthou, 32110 Bétous, France
Gaec Du Sillon;14 Rue de France, 54570 Lay-Saint-Remy, France
IRR - Établissement de Lay Saint Christophe;4 Rue du Professeur Montaut, 54690 Lay-Saint-Christophe, France
LAY-SAINT-CHRISTOPHE - Centre de Réadaptation;54690 Lay-Saint-Christophe, France
Massage à Deshaies;260 All. Capado, Deshaies 97126, Guadeloupe
Jardin Botanique de Deshaies;76X2+JHP, villers, Deshaies 97126, Guadeloupe
O Coeur de Deshaies;La haut matouba Deshaies, 97126, Guadeloupe
Cétacés GED excursions;allée capado, Deshaies 97126, Guadeloupe
Karacoli Beach & Spa;Plage de Grande Anse DESHAIES, 97126, Guadeloupe
Deshaies Tourisme;8654+8MR, N 2, Deshaies 97126, Guadeloupe
Piscine Municipale;Rue Saint-Martin, 37350 Le Grand-Pressigny, France
Cabinet kinésithérapie balnéothérapie Futura Kiné;Technoparc Futura, Rue de l'université, 62400 Béthune, France
Piscine du Petit Port;Bd du Petit Port, 44300 Nantes, France
Office de Tourisme Intercommunautaire des Gorges Allier;Place des Anciens Moulins, 43380 Lavoûte-Chilhac, France
Chemin sur Pilotis de la Réserve du Marais de Lavours;01350 Ceyzérieu, France
Maison du Marais de Lavours;01350 Ceyzérieu, France
Plage des salins ~ point d'eau;Salin, 07570 Désaignes, France
Le domaine de la Gare;La Gare lieu dit, 70120 Lavoncourt, France
Etang des Renoncules - Etang de Laviron;219 D31, 25510 Laviron, France
Parc animalier de Lussas;310 chemin de la fabrique, 07170 Lussas, France
Piscine Orgeval;25 Rue Raymond Poincaré, 51100 Reims, France
Parc de la Farandole;Chem. de Saint-Etienne, 51450 Bétheny, France
Piscine Louvois;1 Bd des Phéniciens, 51100 Reims, France
Spa Les Alizés;Chem. de Grippiere, Petit-Bourg 97170, Guadeloupe
Château de St Cyr;1 Château de Saint-Cyr, 60240 Lavilletertre, France
Grand Etang De La Villetertre;60240 Lavilletertre, France
Jia Jia Massage à Déols;6 Pl. Carnot, 36130 Déols, France
QIPAO;Av. Gustave Eiffel, 36130 Déols, France
Délicat'Institut;12 Rte d'Issoudun, 36130 Déols, France
Porte de l'horloge;15 Rue de l'Horloge, 36130 Déols, France
Decathlon Châteauroux Saint Maur;ZAC Cap Sud, Av. d'Occitanie, 36250 Saint-Maur, France
Le Comptoir Local;2 Pl. de la République, 36000 Châteauroux, France
Ô Grill;12 Av. Georges Hennequin, 36130 Déols, France
L'îlot Z'enfants;Avenue Daniel Bernardet, Rle de Belle-Isle, 36000 Châteauroux, France
Kalmia bien-être : Massage relaxant Petit-Bourg Guadeloupe;4282 Chem. de Grande Savane, Petit-Bourg 97170, Guadeloupe
Spa Gommage B??R;48 Chem. de Pointe A Bacchus, Petit-Bourg 97170, Guadeloupe
Be'M'Be Beauté Minceur et Bien-Etre;Tacos Legend, Immeuble Bienvenue Colin, au dessus du, Petit-Bourg 97170, Guadeloupe
Centre Premier Caraibes;3 lotissement les quatres vents, Arnouville 97170, Guadeloupe
Institut de Beauté Sav'diet;immeuble de pneu cash, ZAC de colin, immeuble indigo (RDC, Petit-Bourg 97170, Guadeloupe
ICIGO Guadeloupe;Le Savannah, #48, BatB, Le haut du bourg, Saint-François 97118, Guadeloupe
Jardin Botanique de Valombreuse;Chemin de Valombreuse, Cabout, Petit-Bourg 97170, Guadeloupe
Base Nautique de Petit-Bourg;Pointe-à-Bacchus, Petit-Bourg 97170, Guadeloupe
Zoo de Guadeloupe au Parc Des Mamelles;Route de la traversée - Parc des Mamelles - 97125, Bouillante, Guadeloupe
Piscine APO 971;La Gripière, Petit-Bourg 97170, Guadeloupe
Canyon de la rivière Moustique;5947+3V7, Petit-Bourg 97170, Guadeloupe
Parc Saint Jean;9, 97170 Rue Hegesippe Legitimus, Petit-Bourg, Guadeloupe
Base de loisirs Orange Montisel;Imp. de Cou, 74800 Saint-Sixt, France
L'institut de Beauté Sabrina Abbate;55 Av. d'Alsace, 90160 Denney, France
Kids Rides;3 Imp. des Pêchers, 07170 Lavilledieu, France
Centre de Ressourcement Nature Divine;lieu-dit Le Cernétrou, 5 Route du Chapuzieux, 39370 La Pesse, France
Escapade Institut;11 Rte de Pau, 64230 Denguin, France
Complexe Nautique Louis Peguilhan;347 Bd du Cami Salié, 64000 Pau, France
UNUA Institut (anciennement le Boudoir du Bien-être);28 Rue André Pujol, 33600 Pessac, France
Institut Illis - Centre de bien-être;45 Rue de Compostelle, 33600 Pessac, France
GL CENTRE DE BALNÉOTHÉRAPIE;60 Rue Pierre Rambaud, 33600 Pessac, France
Camping de Dénezé-sous-le-Lude;49490 Noyant-Villages, France
Bioparc de Doué la Fontaine;103 Rue de Cholet, 49700 Doué-en-Anjou, France
Base de Loisirs Pesmes;La Colombière, 70140 Pesmes, France
Bureau d'information Touristique de Pesmes;23 Grande Rue, 70140 Pesmes, France
Musée Les Sources d'Hercule;2 Rue de la Prte Saint-Nicolas, 54120 Deneuvre, France
Bricomarché Deneuvre- Baccarat;Rte de Lachapelle, 54120 Deneuvre, France
Plan d'eau de Bessy sur Cure;5 Pl. de la Mairie, 89270 Bessy-sur-Cure, France
Mouv'Aquatic;111 Rue Gine, 34690 Fabrègues, France
Plan d'eau;49190 Denée, France
Centre de loisirs;63920 Peschadoires, France
Decathlon Bessoncourt;Zone commerciale Porte des Vosges, 90160 Bessoncourt, France
Centre de santé médical Amaelles;1 Rue des Glycines, 90160 Bessoncourt, France
"Fort de Bessoncourt dit ""fort Sénarmont""";Rue du Fort de Senarmont, 90160 Bessoncourt, France
Passage Bleu - Bessoncourt;2 Zone Commerciale La Porte de Belfort D419a Proche Auchan, 90160 Bessoncourt, France
10·55 Belfort Bessoncourt | loisirs indoor & restaurant;7 Imp. des Marcassins, 90160 Bessoncourt, France
CAP NATURE parc de loisirs Pradines;Chem. de l'Île, 46090 Pradines, France
Parc du Château;16-18 Rue des Oiseaux, 31410 Lavernose-Lacasse, France
Parc Public;Ruisseau du Petit Rabé, 31410 Lavernose-Lacasse, France
Étang de Pervenchères;61360 Pervenchères, France
Centre Hospitalier de Denain;25 bis Rue Jean Jaurès, 59220 Denain, France
Destination Bien-être et beauté;40 Rue I et F Joliot Curie, 87250 Bessines-sur-Gartempe, France
AQUA'RL;99 Rue François Gernelle, 84120 Pertuis, France
L'Escale Détente 84;Rue Marius Jouveau, 84120 Pertuis, France
CENTRE AGLAÉ - Institut de Beauté à Pertuis;334 Rue Saint-Martin, 84120 Pertuis, France
HARMONEA;334 Rue Saint-Martin, 84120 Pertuis, France
OSMO'Z salle de sport 100% aquatique;71 Rue Amédée Gordini, 87280 Limoges, France
Aire de jeux pour enfants;87250 Bessines-sur-Gartempe, France
Sensas' parc pnd;Plan d'Eau de, 36160 Pouligny-Notre-Dame, France
Plage de Sagnat;87250 Bessines-sur-Gartempe, France
Château Laverdines;2A Rte de la Chapelle, 18800 Baugy, France
Cave et cuisine;1 COUR DU WAUXHALL, 71150 Demigny, France
Paradis kids -cayres;43510 Cayres, France
Luna Park;3 Imp. Copernic, 66700 Argelès-sur-Mer, France
La Ferme Aventure du Perthus;route de l'albere, 66480 Le Perthus, France
Romantic'home'spa;18 Rue de la Vologne, 88600 Laveline-devant-Bruyères, France
KADINE SPA;25 Rue Edmond Bourgeois, 95340 Persan, France
Restaurant Hôtel Du Marais;48 Rue Jean Catelas, 95340 Persan, France
QIPAO;ZAC du, Le Chemin Herbu, 95340 Persan, France
Parc de l'Esches;15 Rue Francisco Ferrer, 95340 Persan, France
Parc Robespierre;Rue Gambetta, 95340 Persan, France
L'escale des sens;155 Chem. des Palanques, 82170 Bessens, France
js-sante;4 Pl. de la Fraternité, 82170 Bessens, France
Plan d'eau de Laveissière;15300 Laveissière, France
Lioran park;Prairie des sagnes, 15300 Laveissière, France
Lioran aventure;Prairie des Sagne, 15300 Laveissière, France
Plan d'eau du Tremplin;9G69+Q8R, 42660 Le Bessat, France
L' Escale des Sens;628 Rte de St Sauveur, 07150 Bessas, France
Bricomarché Delle;73 Fbg de Belfort, 90100 Delle, France
Espace Ludi'lacs de Bessans;8X6H+GC3, 73480 Bessans, France
Office de Tourisme de Bessans;5 Pl. du Pontet, 73480 Bessans, France
Royaume des enfants;Île de loisirs de Cergy, Rue des Etangs, 95000 Neuville-sur-Oise, France
Centre Hospitalier de Lavaur;1 Pl. Vialas BP 85, 81500 Lavaur, France
Beauté Et Compagnie esthéticienne;122 Rue de Nielles, 62129 Delettes, France
Domaine du Neyrial;335 chemin les Bruyerettes, 43200 Yssingeaux, France
Centre Nautique de Perros-Guirec (CNPG);Plage de Trestraou, 22700 Perros-Guirec, France
Le Linkin;Bd du Linkin, 22700 Perros-Guirec, France
Aquarium Marin de Trégastel;37 Bd du Coz-Pors, 22730 Trégastel, France
Centre Aquaforme Cambrai;33 Rue des Chaudronniers, 59400 Cambrai, France
Forest Adventure;Forêt de l’abbaye, 3 Rte de l'Étang, 50390 Saint-Sauveur-le-Vicomte, France
Decathlon Troyes - Lavau;Lieu dit Les Dames Blanches, 10150 Lavau, France
Site de la tombe princière et le complexe funéraire monumental celtique de Lavau « Zac du Moutot »;10150 Lavau, France
Parc des Loisirs LA VALOTTE;10150 Lavau, France
Institut Samana-Spa;1 Pl. Saint-Just, 58300 Decize, France
rituel massages;6 Rue Marguerite Monnot, 58300 Decize, France
Hygiaform;35 Rue de la République, 58300 Decize, France
Base nautique;58300 Decize, France
Base de loisirs des Vallées de la Braye et de l'Anille;D302, 72390 Lavaré, France
Camping de Lavaré;72390 Lavaré, France
Château de Lavardin;Place du Château, 41800 Lavardin, France
Office de Tourisme et du Thermalisme - Bureau de Decazeville;Square Jean Ségalat, Av. Cabrol, 12300 Decazeville, France
Centre Hospitalier de Decazeville;60 Av. Prosper Alfaric, 12300 Decazeville, France
Espace Bien Etre;Plateau Supérieure, 12300 Decazeville, France
Centre de Santé du Lavardacais;4 Rue Saint-Jean, 47230 Lavardac, France
EHPAD Les Monts du Matin;35 Chem. de la Panetière, 26300 Bésayes, France
Citadelle de Besançon;99 Rue des Fusillés de la Résistance, 25000 Besançon, France
Beauty Bike / aquabiking et sauna;39 Av. Font Argent, 25000 Besançon, France
Okidok;7 Rue Guillaume Apollinaire, 25000 Besançon, France
Piscine La Fayette;5 Rue Louis Garnier, 25000 Besançon, France
FUNKY PARC;Juste derrière l’Intermarché, ZAC Chateaufarine, 5 Rue Guillaume Apollinaire, 25000 Besançon, France
Aquarium-Insectarium (Muséum de Besançon);99 Rue des Fusillés de la Résistance, 25000 Besançon, France
Piscine de Chalezeule;12 Rte de Belfort, 25220 Chalezeule, France
Youpla Land;17 Chem. de la Conge, 85270 Saint-Hilaire-de-Riez, France
Beau Land Park;992 Av. des Becs, 85270 Saint-Hilaire-de-Riez, France
Magic Parc;44 Rue Neuve, 85160 Saint-Jean-de-Monts, France
Paddle Aventure - Marche aquatique - Vendée;Le Veillon, 85440 Talmont-Saint-Hilaire, France
Parc de loisirs - Feeling Forest - Vendée;Av. de la Parée Préneau, 85270 Saint-Hilaire-de-Riez, France
Parc de la Lombardière;461 Rue de la Lombardière, 07430 Davézieux, France
Parc de Déomas;32 Rue Mathieu Duret, 07100 Annonay, France
Piscines de France (07);1388 Rte de Lyon, 07430 Davézieux, France
Espace piscine 51;14 Bd des Halliers, 51110 Lavannes, France
Kinéau Balnéothérapie et Santé;50 Av. Ledru Rollin, 94170 Le Perreux-sur-Marne, France
institut pedrosa;166 Av. du Maréchal Joffre, 94170 Le Perreux-sur-Marne, France
La Magie du Soin - Le Perreux-sur-Marne;10 Rue de la Marne, 94170 Le Perreux-sur-Marne, France
Ecole de natation Les Petits Canards au Perreux sur Marne 94;50 Av. Ledru Rollin, 94170 Le Perreux-sur-Marne, France
Centre Kiné Sport;26 Rue du Canal, 94170 Le Perreux-sur-Marne, France
Cabinet de massages Hina Sens;4 All. André Gide, 93330 Neuilly-sur-Marne, France
KinéO2;76 Av. Ledru Rollin, 94170 Le Perreux-sur-Marne, France
Parc des Cités Unies;92 Av. du Général de Gaulle, 94170 Le Perreux-sur-Marne, France
Massages et Head spa By Oceanide;33 Pl. de l'Étoile, 83980 Le Lavandou, France
Tanaka Spa;Pramousquier Plage, 83980 Le Lavandou, France
Office de Tourisme du Lavandou;153 Quai Gabriel Péri, 83980 Le Lavandou, France
Office De Tourisme Cavaliere Le Lavandou;Bd des Acacias, 83980 Le Lavandou, France
Piscine de Davejean;8 Av. de Laroque, 11330 Davejean, France
LOTUS THAI MASSAGE;70 bis Rue de Paris, 78610 Le Perray-en-Yvelines, France
Le Temps d'un Soin;4 Ter Rue de la Breloque, 78610 Le Perray-en-Yvelines, France
Parc public de Laval-sur-Vologne;88600 Laval-sur-Vologne, France
La Caravane Sauna et Bain nordique;Cazalères chemin de, 09350 Daumazan-sur-Arize, France
Un Temps pour Soi et Le Temple d'Ananda;Bd Aristide Briand, 66100 Perpignan, France
Régie Municipale La Piscine Parc;2 Rue du Méridien, 66000 Perpignan, France
Centre ludo-sportif Les Hermines : Parc Aventure;Ronde de Vassivière, Vassivière, 63610 Besse-et-Saint-Anastaise, France
Mont Dore Aventures;Le Salon du Capucin, 63240 Mont-Dore, France
Perpezat Tourisme;D552, 63210 Perpezat, France
Centre F.A.M.E.;8 Pl. du Champ de Foire, 19410 Perpezac-le-Noir, France
Etang de Perpezac le Noir;19700 Perpezac-le-Noir, France
LEYVINIE;Leyvinie, 19310 Perpezac-le-Blanc, France
AUDE DELISMELE -AMESSENCE HARMONIE;La Claparède, 12380 Laval-Roquecezière, France
La Pierre Glissoire;60440 Péroy-les-Gombries, France
Zenhined;12 Grande Rue, 90160 Pérouse, France
Restaurant des Sapins;10 Rue des Sapins, 90160 Pérouse, France
Cité médiévale de Pérouges;Pl. du Tilleul, 01800 Pérouges, France
Office de tourisme de Pérouges - Plaine de l'Ain Tourisme;9 Rte de la Cité, 01800 Pérouges, France
Musée du Vieux Pérouges;1 Rue des Princes, 01800 Pérouges, France
Parc des Oiseaux;X2RM+2P Parking, D1083, 01330 Villars-les-Dombes, France
Centre écotouristique Bertrichamps;23 Rue Jean Coltat, 54120 Bertrichamps, France
La Table du Boulanger;51 Rue du Général Leclerc, 54120 Bertrichamps, France
Piscine intercommunale;Complexe Sportif Clos du Paradis, 2 Chem. du Paradis, 45150 Jargeau, France
Domaine de Grandlac;Grand Lac, 48500 Laval-du-Tarn, France
Office de Tourisme Péronne Haute Somme;1 Rue Louis XI, 80200 Péronne, France
Communauté de Communes de la Haute Somme;23 Av. de l'Europe, 80200 Péronne, France
Hammam yara;39 Rte de Saint-André, 01960 Péronnas, France
Centre Expert Esthétique;747 Av. de Lyon, 01960 Péronnas, France
LUDILUCKY;171 All. du Thioudet, 01960 Péronnas, France
NATUR'AILE - Institut de beauté Pays de Gex - Péron;Résidence de l'Etraz, 01630 Péron, France
Originelle;403 Rue du Mail, 01630 Péron, France
Salle Champ Fontaine;Rte de Péron, 01630 Péron, France
Centre d'Animation de la Préhistoire de Darney;14 Rue Stanislas, 88260 Darney, France
Les thermes;Rue des Thermes, 8018 Strassen, Luxembourg
Hôpital de Darnétal;116 Rue Louis Pasteur, 76160 Darnétal, France
La ruche du bien-être;19 Rue Cuvelier, 76160 Darnétal, France
Centre Hospitalier de Laval;33 Rue du Haut Rocher, 53000 Laval, France
Centre Hospitalier Durécu-Lavoisier;116 Rue Louis Pasteur, 76160 Darnétal, France
Technitherm;31 Rte de Darnétal, 76000 Rouen, France
Piscine Mental'Ô;11 Rue Eugène Lisbonne, 34470 Pérols, France
complexe ferry;Rue Chp des Oiseaux, 76160 Darnétal, France
Piscine Saint-Nicolas;139 Bd Jourdan, 53000 Laval, France
Ecuries de Bertoncourt;6 Rue de la Croisette, 08300 Bertoncourt, France
Institut Sandlaur;1129 Chem. des Coudoulets, 84210 Pernes-les-Fontaines, France
En Harmonie;92 Av. Perle du Comtat, 84210 Pernes-les-Fontaines, France
Mille et une beautés;275 Quai de Verdun, 84210 Pernes-les-Fontaines, France
L'équilibre O Temps du Bien-Etre;Le Bien Être O Fontaines, 488 Chem. des Barrades, 84210 Pernes-les-Fontaines, France
Aurélie Deveze Massages bien etre et Drainage Lymphatique;92 Av. Perle du Comtat, 84210 Pernes-les-Fontaines, France
Porte Notre-Dame;2 Pont Notre Dame, 84210 Pernes-les-Fontaines, France
Lac de Lauzun;Canton du Val du Dropt, 47410, France
Passerelles des Cîmes;RD 24, Route de Fontaine de Vaucluse, 84800 Lagnes, France
Splash Piranha;764 Chem. de la Sorguette, 84170 Monteux, France
Lac du Lauzet-Ubaye;04340 Le Lauzet-Ubaye, France
LauzerParc;19bis Av. de la Mairie, 31650 Lauzerville, France
Bureau de Tourisme de Lauzerte (Office de Tourisme Intercommunal du Pays de Serres en Quercy);10 Pl. des Cornières, 82110 Lauzerte, France
Domaine Equestre de Lauzerte;647 chemin de las boutes, 82110 Lauzerte, France
Jardin des Sculptures;82110 Lauzerte, France
Jardin du Pèlerin;chemin de l'hortis, 82110 Lauzerte, France
Ferme Du Carroir;Le Carroir, 37230 Pernay, France
Centre Balnéo Des Bruyères;27A Chem. de la Brocardière, 69570 Dardilly, France
Centre K.W - Cryolipolyse & Radiofréquence;71 Chem. du Moulin Carron, 69570 Dardilly, France
Basic-Fit 24/7;Chem. du Moulin Carron 56B, 69570 Dardilly, France
Exalto Dardilly;41 Chem. du Moulin Carron, 69570 Dardilly, France
City Aventure - Lyon Sainte Foy;Chem. de la Croix Berthet, 69110 Sainte-Foy-lès-Lyon, France
Bkidz;Allée des Hêtres, 1 Rue des Vergers, 69760 Limonest, France
Parc Charles Fenain;82 Rue Marie Curie, 59553 Lauwin-Planque, France
Village De Lautrec;1 D92, 81440 Lautrec, France
Domaine les cabausselies;146 Chem. des Cabausseillès, 81440 Lautrec, France
L'espace détente;146 Chem. des Cabausseillès, 81440 Lautrec, France
Le Jardin du Clocher;4 Rue de la Rodé, 81440 Lautrec, France
L'oc-xalis;6 Pl. du Monument, 81440 Lautrec, France
Moulin à vent de la Salette;1 Pl. de L'ormeau, 81440 Lautrec, France
Office de Tourisme du Lautrécois-Pays d'Agout - Bureau de Lautrec;18 Rue du Mercadial, 81440 Lautrec, France
Millaris Ax-les-Thermes;Ax-les-thermes FR, 6 Le Castelet za, 09110 Perles-et-Castelet, France
sauna Atlantis 24;14 Rue la Fayette, 24000 Périgueux, France
Aire De Loisirs Du Florival;68610, Pénétrante de Guebwiller, 68500 Lautenbach, France
Vivarium du Moulin;6 Rue du Moulin, 68610 Lautenbachzell, France
Virtualia;3 Rue Jacques de Vaucanson, 17180 Périgny, France
Aquilus Piscines et Spas La Rochelle;4 Rue Joseph Cugnot, 17180 Périgny, France
L’Alsacienne room et spa;Rue Haute, 68610 Lautenbach, France
Parc de Buhl;68610 Lautenbach, France
EHPAD du Pays de Daoulas;4 Rue Jacques Dubois, 29460 Daoulas, France
Etang Prerault;79170 Périgné, France
L'étang Segura;P6GC+WG, 63800 Pérignat-sur-Allier, France
Swimming pool camping Luberon parc;13350 Charleval, France
La beauté tout simplement;13 quater Rue d'Andelain, 02800 Bertaucourt-Epourdon, France
Moulin de Dannemois ancienne demeure de l'artiste Claude François;32 Rue du Moulin, 91490 Dannemois, France
Casa Italia;13 Rue de Bâle, 68210 Dannemarie, France
Expéria Park Bénodet;3a Route de Bénodet, Prad Poullou, 29950 Clohars-Fouesnant, France
Miss Aqua Planet;Rte du Letty, 29950 Bénodet, France
PANDAVENTURE PARK parc de jeux couvert;CAMPING DU LETTY, Chem. de Creisanguer, 29950 Bénodet, France
Plage de Benodet;Av. de la Plage, 29950 Bénodet, France
Espace Bien-Être Marvilla Parks;7 Rte de Bénodet, 29950 Clohars-Fouesnant, France
MAISON DU TOURISME ET DU VIN DE PAUILLAC & OT MEDOC VIGNOBLE;Maison du Tourisme et du Vin, 33250 Pauillac, France
Parc de l'Hôtel de ville de Lardy;70 Grande Rue, 91510 Lardy, France
Stade Nautique de Pauillac;1 Rue Mandavy, 33250 Pauillac, France
Parc de Schoppenwihr;68126 Bennwihr, France
Parc Broussard;43 Rue de Verdun, 91510 Lardy, France
PARC;54720 Cutry, France
piscine larnaudie pierre;4BIS Rue des Écoles, 24570 Le Lardin-Saint-Lazare, France
Clinéa;21 Pass. de l'Europe, 64000 Pau, France
Espace aquatique Emeline Pierre;22 Rue du Golf, 64140 Billère, France
Youpi Parc;1 Rue Pierre Bourdieu, 64160 Morlaàs, France
U Nativu;20253, 20253 Patrimonio, France
Restaurant Lustincone;lieu dit lustincone, 20253 Patrimonio, France
Activités aquatiques corse;506 Rte de la Roya, 20217 Saint-Florent, France
Réserve naturelle régionale du marais de Larchant;Rue de Dame Jouanne, 77760 Larchant, France
Auberge de La Dame Jouanne- Le Chalet Jobert;Auberge de la dame Jouanne, Forêt de la commanderie, 8 Rocher de Dame Jouanne, 77760 Larchant, France
Résidence Trianon Patay 45;30 Rue Trianon, 45310 Patay, France
Plan d'eau de Benfeld;Rte de Herbsheim, 67230 Benfeld, France
Parcs Forestier de Larçay - Les Hâtes;Château du Bois des Hâtes, 37170 Chambray-lès-Tours, France
Bois de larcay;All. du Chêne, 37270 Larçay, France
Piscine de Cusset;44 Av. de l'Europe, 03300 Cusset, France
Ehpad Curtafond - Korian Home de Cortefredone;58 Pl. du Home, 01310 Curtafond, France
Parc de la Clarence;Hôtel de Ville, Rue Jean Jaurès, 62122 Lapugnoy, France
Bois de la Louvière;Hôtel de Ville, 62122 Lapugnoy, France
Cascade Affluent du Boyat;D21, 73190 Curienne, France
Parc de jeux aquatique gratuit;149 Chem. de la fruitiere, 73190 Saint-Jeoire-Prieuré, France
Plage de Campomoro;20110 Belvédère-Campomoro, France
Tour de Campomoro;20110 Belvédère-Campomoro, France
Plage de Cala d'Agulia;20110 Belvédère-Campomoro, France
Plage de Portigliolo - Arinella di Portigliolu;Belvédère, 20110 Belvédère-Campomoro, France
Waterplay Campomoro centre nautique;Plage de, 20110 Campomoro, France
Centre Nautique AquaLoisirs - Propriano Corsica;Plage de Portigliolo, Route de, Belvedere-Campomoro, 20110 Propriano, France
CAMPONAUTIK;Centre du village, 20110 Belvédère-Campomoro, France
Waterplay Cupabia;Waterplay, Cupabia, 20140 Serra-di-Ferro, France
Cap'Découverte;Cap Découverte, 81450 Le Garric, France
L'institut Lapalud;L institut, 21 ter Av. de la Gare Ét à, 84840 Lapalud, France
Lac des Girardes;419 Chem. Des Girardes, 84840 Lapalud, France
Plage du Lac de la Pignedoré;Chem. de Sérignan, 26700 Pierrelatte, France
Château de La Palice;Bd de L Hôtel de ville, 03120 Lapalisse, France
Espace aquatique du Pays de Lapalisse;All. des Sports, 03120 Lapalisse, France
Institut Galland;20 Pl. de la République, 03120 Lapalisse, France
Office de Tourisme Pays de Lapalisse;9 Pl. Charles Bécaud, 03120 Lapalisse, France
Résidence Les Cèdres de Paron - emeis;63 Rue du Mail Richelieu, 89100 Paron, France
Beauté Naturelle;28 Rue de la Boissière, 22290 Lanvollon, France
Christ'L institut de bien être;du, 12 Pl. du Marché au Blé, 22290 Lanvollon, France
Grotte de Culles-les-Roches;1 Rte des Vignes, 71460 Culles-les-Roches, France
Sarl Remon Pisciculture;21 Rue de la Vêquerie, 53260 Parné-sur-Roc, France
Piscine Municipale;le bourg, 12370 Belmont-sur-Rance, France
Relais d'Information Touristique - Belmont;Place Georges Mouls, 12370 Belmont-sur-Rance, France
EHPAD Résidence le Sherpa;Route Camares, 12370 Belmont-sur-Rance, France
Les Roger-Bontemps;8 Rue du Quai Talard, 22100 Lanvallay, France
Solenn CATY;3 Rue des Chanteries, 22100 Lanvallay, France
Cascade de Clairefontaine;01510 Virieu-le-Grand, France
Gorges de Thurignin;Unnamed Road, 01260, Valromey-sur-Séran, France
Gold river;1380 Rte de la Corneille Walibi, 38630, 38630 Les Avenières Veyrins-Thuellin, France
Viaduc de Culan;18270 Culan, France
Château de Culan;1 Esp. l'Esplanade du Château, 18270 Culan, France
Lunéa - Romantique room avec spa privatif;55 Gr Grande Rue, 03290 Dompierre-sur-Besbre, France
Via Ferrata de Lantosque;129 route de la Cougourdière, 06450 Lantosque, France
Lac de Parisot;Lac de, 82160 Parisot, France
Pharmacie de Parisot;4 Place KERESTEDJIAN-FAURE, 82160 Parisot, France
Château de Lantilly (XVIIIème);9 Rue Saint-Antoine, 21140 Lantilly, France
Piscine Georges Vallerey;148 Av. Gambetta, 75020 Paris, France
Aqua by - Charonne;4 Rue Jules Vallès, 75011 Paris, France
Fédération des Activites Aquatiques d'Eveil et Loisir F.A.A.E.L;9 Rue Parrot, 75012 Paris, France
Aqua by;21 Rue du Faubourg Saint-Antoine, 75011 Paris, France
Bassin-Ecole Vitruve;62 Rue Vitruve, 75020 Paris, France
Piscine Alfred Nakache;4-12 Rue Denoyez, 75020 Paris, France
Lantic Parc Aventure;Les Etangs, 22410 Lantic, France
Piscine Bassin Ecole Atlas;18 Rue de l'Atlas, 75019 Paris, France
Mercure Paris Opéra Garnier Hôtel & Spa;4 Rue de l'Isly, 75008 Paris, France
Institut spa voyage des sens;29 Rue Edouard Vuillard, 71480 Cuiseaux, France
Piscine Marjorie Gestring (ex:Champerret);36 Bd de Reims, 75017 Paris, France
Étang de la grande chaussée;70270 La Lanterne-et-les-Armonts, France
Centre de bien-être;11 Rue Cels, 75014 Paris, France
Parc bateau aquatique;12 All. du Chef d'Escadron de Guillebon, 75014 Paris, France
Piscine Armand-Massard;66 Bd du Montparnasse, 75015 Paris, France
Piscine de la Cité;17 Bd Jourdan, 75014 Paris, France
Piscine Aspirant Dunand;20 Rue Saillard, 75014 Paris, France
Aux trois étangs;6 La Grande Lande, 61220 Bellou-en-Houlme, France
Plan d'eau;61220 Bellou-en-Houlme, France
Piscine Château des Rentiers;184 Rue du Château des Rentiers, 75013 Paris, France
Piscine Dunois;70 Rue Dunois, 75013 Paris, France
Centre Sportif Léo Lagrange;8 Rue Ferdinand de Béhagle, 75012 Paris, France
Piscine de l'INSEP;46 Rte de la Pyramide, 75012 Paris, France
Bassin aux Otaries;Rte de Ceinture du Lac Daumesnil, 75012 Paris, France
Aire de jeux du lac de Saint-Mande;46 Chau. de l'Étang, 94160 Saint-Mandé, France
Piscine Jean Boiteux;13 Rue Antoine-Julien Hénard, 75012 Paris, France
Sérénité Spa;216 Rue Maximilien Robespierre, 59553 Cuincy, France
Dorys esthetique;6 Rue de la Côte d'Argent, 33990 Hourtin, France
Hourtin - Office de Tourisme Médoc Atlantique;1 Rue de Lachanau, 33990 Hourtin, France
la riviere de Chauvignac;21 Rte du Littoral, 17120 Chenac-Saint-Seurin-d'Uzet, France
Parc du Chêne Joli;Av. du Chêne Joli, 35538 Noyal-sur-Vilaine, France
Piscine de Saint-Yorre;Rue de la Gravière, 03270 Saint-Yorre, France
Parc Nicolas Larbaud;1 Rue de Verdun, 03270 Saint-Yorre, France
Lac de Saint-Ybars;09210 Saint-Ybars, France
Centre Hospitalier Centre Bretagne;Kerio, 56920 Noyal-Pontivy, France
Maison de Retraite Résidence Ty Noal;Rés du Coguen, 56920 Noyal-Pontivy, France
Decathlon Pontivy;40 Av. des Cités Unies, 56300 Pontivy, France
Le Relais de Gohélève;ZI du Goheleve, 56920 Noyal-Pontivy, France
Parc de Garaboeuf;Le Château, 19140 Les Trois-Saints, France
Baw Sports;6 Rue du Camp de Verdun, 35136 Saint-Jacques-de-la-Lande, France
Le bateau pirate;35230 Noyal-Châtillon-sur-Seiche, France
BlueNat;5 Bd Albert 1er, 35200 Rennes, France
Jeux des Vignes;4 Rue du Moulin, 35230 Noyal-Châtillon-sur-Seiche, France
PUMPTRACK DE NOYAL CHATILLON SUR SEICHE BY P-TRACKS;35230 Noyal-Châtillon-sur-Seiche, France
Parc et Plan d'eau de la Ville Gaudu;22 Rue de la ville Gaudu la Poter, 22400 Lamballe-Armor, France
Parc Naturiste plein air relax club Espace naturiste familiale;47 Rle de la Blanche, 59116 Houplines, France
Flows;9 Rue Françoise Dolto, 59930 La Chapelle-d'Armentières, France
Parc Paul Harris;63 Rue Dufour, 59116 Houplines, France
Au New bon Acc' (Au bon accueil);36 Rte de Charleville, 08300 Novy-Chevrières, France
Madame France Gobeil;475 Rue Fernand Desjardins, 60730 Novillers, France
Massage du monde oise;475 Rue Fernand Desjardins, 60730 Novillers, France
Ain massage;273 Rue du Ctre, 01150 Saint-Vulbas, France
Centre Hospitalier de Novillars;4 Rue du Dr Charcot, 25220 Novillars, France
Parc Du Houlme;87B Rue du Général de Gaulle, 76770 Le Houlme, France
baignade;1 Rue des Fossés, 89310 Poilly-sur-Serein, France
Office de Tourisme de Noves;14 Bd de la République, 13550 Noves, France
Mas de l'Angélus;560 Chem. Des Abeies, 13550 Noves, France
Le relais de la bassaque;Vieux Chemin de Saint-Andio, 13550 Noves, France
Centre Aquatique Olivier Pleindoux;549 Av. Jean Mermoz, 13160 Châteaurenard, France
Breizh Adrénaline (Karaez Adrénaline) - Parc de Loisirs & Aventure;1 Kerniguez, 29270 Carhaix-Plouguer, France
Domaine départemental du Château de Kerjean;Kerjean, 29440 Saint-Vougay, France
Plage du Lac de Chemille-sur-Indrois;37460 Chemillé-sur-Indrois, France
Clic'Lac Terre d'Aventures;Pièce de Chemillé Lieu-dit, 37460 Chemillé-sur-Indrois, France
La Descente du Colorado;Le Pal, 03290 Saint-Pourçain-sur-Besbre, France
L'Archipel;Le PAL, 03290 Saint-Pourçain-sur-Besbre, France
Centre Du Bien Etre;3 Rue de Coulvée, 49120 Chemillé-en-Anjou, France
Saint-Vivien-de-Médoc - Office de tourisme Médoc Atlantique;1 Pl. de la Brigade Carnot, 33590 Saint-Vivien-de-Médoc, France
Ferme Eau Médoc;Le Port, 1, Lieu-dit La Petite Canau, 33590 Saint-Vivien-de-Médoc, France
Ehpad Mirambeau;11 Rue Mirambeau, 33590 Saint-Vivien-de-Médoc, France
Canoë Kayak Medoc Explorer;écluse du port, La Petite Canau, 33590 Saint-Vivien-de-Médoc, France
Kayak et Découvertes;16 bis Rte du Port, 33590 Saint-Vivien-de-Médoc, France
Les soins de Lisou;14 Rue Grand Rue, 33590 Vensac, France
Guinguette de la Plage;9 Rte de la Plage, 33590 Saint-Vivien-de-Médoc, France
Kayak Café;16 bis Rte du Port, 33590 Saint-Vivien-de-Médoc, France
FAMILY FUN PARK;49 Rte de Semussac, 17132 Meschers-sur-Gironde, France
Centre de Beauté Marie Laure;28 Rue Gambetta, 78800 Houilles, France
Au Bonheur des Dames;5 Rue de l'Église, 78800 Houilles, France
Institut de beauté Houilles Bodyminute;28 Av. Charles de Gaulle, 78800 Houilles, France
le lac du moulin blanc;33920 Saint-Christoly-de-Blaye, France
Caniparc;8 Rue Rouget de Lisle, 78800 Houilles, France
Lussagnet / Le Houga Lake;South France - HUGE WRONG ALTITUDE :))))) (tilt the view in 3D, Lussagnet, Le Houga, France
Plan d'eau de Chéméry;Rue du Château, 41700 Chémery, France
Centre Gériatrique de Nouzonville;Rue de L Hôpital, 08700 Nouzonville, France
Hôpital Nouzonville;8 Rue Edouard Vaillant, 08700 Nouzonville, France
Bricomarché Saint Vite;Zone du, 47500 Saint-Vite, France
Aire de jeux - parc de la grotte;52 Rue Charles de Gaulle, 25410 Saint-Vit, France
Plan d'Eau de l'Arche;Rue du Lavoir, 37380 Monnaie, France
Étang de Nouzilly;37380 Nouzilly, France
Château de Houetteville;27400 Houetteville, France
Parc Animalier des Monts de Guéret Les Loups de Chabrières;Parc Animalier des Monts de Guéret, 23000 Sainte-Feyre, France
Escapades Verticales;L'Île aux Pies, Base de Loisirs, Rte de l'Île aux Pies, 56350 Saint-Vincent-sur-Oust, France
Etang d'Houdilcourt;08190 Houdilcourt, France
bambou jaune massage;4 Imp. des Grillons, 85520 Saint-Vincent-sur-Jard, France
Festy park;6 Rue du Goulet, 85520 Saint-Vincent-sur-Jard, France
Ten-Chi Bien-Etre Massage;62 bis Av. Daguerre, 77500 Chelles, France
Chelles Chaleur;62 Rue de la Belle Île, 77500 Chelles, France
AS Chelles Aquatique;Av. Hénin, 77500 Chelles, France
Association AQUA FORME;Pavillon de la piscine, 61 Av. Hénin, 77500 Chelles, France
Base nautique du Graon;14 Rue du Lac, 85540 Saint-Vincent-sur-Graon, France
Les Terrasses du Graon;14 Rue du Lac, 85540 Saint-Vincent-sur-Graon, France
Mounky Parc;6 Av. des Érables, 54180 Houdemont, France
Le Château des Aventuriers - Parc d'attractions et de loisirs en Vendée (85);Château de la Guignardière Route des Sables d'Olonne, D949, 85440 Avrillé, France
Hôpital de Houdan;42 Rue de Paris, 78550 Houdan, France
Château Le Paluel;Château le, 24200 Saint-Vincent-le-Paluel, France
Amour de Nature ST Vincent le Paluel;Lieu dit, 24200 Saint-Vincent-le-Paluel, France
Accrobranche | La Forêt des Écureuils;1063 Rte du Quercy, 24200 Saint-Vincent-le-Paluel, France
Accrobranche I FEEL WOOD;1230 Rte du Quercy, 24200 Carsac-Aillac, France
Ô Des Cimes Spa d'Altitude Le Hameau de Pierre Blanche;All. des Diligences, 74310 Les Houches, France
Parc de Merlet (sur réservation);2495 Chem. de Merlet, 74310 Les Houches, France
Centre Sportif Richard Bozon;214 Av. de la Plage, 74400 Chamonix-Mont-Blanc, France
Base de Loisirs des Chavants;180 All. des Diligences, 74310 Les Houches, France
Le Parc des Doublorigènes;Le Petit Moucaud, 14 Rte de la Lande, 24410 Saint-Vincent-Jalmoutiers, France
Aire de loisirs les lauriats;Les Liaurats, 71440 Saint-Vincent-en-Bresse, France
Un Temps Pour Soi;2 Route de Mouilleron en pareds, 85390 Cheffois, France
Plan d'eau de Saint Vincent du Lorouer;2 D137, 72150 Saint-Vincent-du-Lorouër, France
Le Monde Merveilleux des Lutins;6 Les Guerbys, 26730 Hostun, France
Château de Javarzay;9 Av. des Fils Fouquaud, 79110 Chef-Boutonne, France
Jardin De Curé de Chédigny;37310 Chédigny, France
Baignade en Plein Air;440 Très le Moulin, 01110 Champdor-Corcelles, France
Parking via ferrata de la Guinguette Hostiaz;01110 Plateau d'Hauteville, France
Beauty kate;16 Av. Côte d'Argent, 40230 Saint-Vincent-de-Tyrosse, France
CRYOX / Recovery Pro;48 Av. nationale, 40230 Saint-Vincent-de-Tyrosse, France
Un océan de massage by Christelle Landelle;19 Rue de Tirebeste, 40230 Saint-Vincent-de-Tyrosse, France
Office de tourisme Landes Atlantique Sud Saint-Vincent-de-Tyrosse;127 Av. nationale 10, 40230 Saint-Vincent-de-Tyrosse, France
HOSTENS AVENTURE;Domaine Départemental Gérard Lagors, 33125 Hostens, France
Caldea;Parc de la Mola, 10, AD700 Escaldes-Engordany, Andorre
Spa Thermal Roc Blanc Andorra;Plaça Coprínceps, 5, AD700 Escaldes-Engordany, Andorre
Sport Wellness Mountain Spa;Crta General II - Tram Soldeu 56, AD100 Canillo, Andorre
Parc du Cheval Rhône-Alpes;1095 Le Luizard, 01150 Chazey-sur-Ain, France
Commanderie Templière et Hospitalière du Larzac;Place de l'Église, 12230 Sainte-Eulalie-de-Cernon, France
Vélorail et train touristique du Larzac;La gare, 12230 Sainte-Eulalie-de-Cernon, France
"Le Couvent ""Cabinet de Curiosités""";Le Bourg, 42560 Chazelles-sur-Lavieu, France
Canoë Détente Dordogne du Port d’Enveaux - Location de Canoë / Kayak / Paddle - Famille LASSIGNARDIE;1189 Rte d'Enveaux, 24220 Saint-Vincent-de-Cosse, France
Jungle Park - jeux pour enfants de 1 à 12 ans;4 Rue des Guérins, 42120 Le Coteau, France
La Grange de la Chamary;La Chamary, 42120 Saint-Vincent-de-Boisset, France
Centre de rencontre des générations;655 Mont Evray, 41600 Nouan-le-Fuzelier, France
Château de Chalès;Route de Saint-Viâtre, 41600 Nouan-le-Fuzelier, France
Borne 47 - Studio wellness & Aqua au sud de Tarbes;1 impasse du Mont Perdu, 65310 Horgues, France
Leçons de natation à Chazé/Argos pour enfants et adultes;1 Rue de la Croix Marie, 49500 Chazé-sur-Argos, France
Mylène atelier aquatique;Pl. de la Mairie, 68000 Colmar, France
Bricomarché Bayeux;Rte d'Esquay sur Seulles, 14400 Saint-Vigor-le-Grand, France
CHAMPAGNE J.M. TISSIER;JM TISSIER, 9 Rue du Général Leclerc, 51530 Chavot-Courcourt, France
Forteresse de Saint Vidal;Le Bourg, 43320 Saint-Vidal, France
Centre nautique Divonne-les-Bains;282 Av. des Alpes, 01220 Divonne-les-Bains, France
Le Château de Saint-Vidal;Le Bourg, 43350 Saint-Vidal, France
Base de Loisirs Intercommunale à Saint-Victurnien;13 Rte d'Aixe, 87420 Saint-Victurnien, France
L'Escale du Vignaud;2 rue des jardins, 87420 Saint-Victurnien, France
Auberge des 4 chemins;Pl. de la République, 38144 Notre-Dame-de-Vaulx, France
Anael;342 Bd Barthélémy Abbadie, 13730 Saint-Victoret, France
Village Santé;135 Rue Georges Guynemer Gonnet, 13730 Saint-Victoret, France
Musée de l'Aviation;147 Bd Barthélémy Abbadie, 13730 Saint-Victoret, France
Centre de Loisirs;9 Rue Louis XIII, 85270 Notre-Dame-de-Riez, France
Office de Tourisme;6 Rue du Ligneron, 85270 Notre-Dame-de-Riez, France
salle Keramor;68 Rue Emile Salaün, 29460 Hôpital-Camfrout, France
Mairie de L'Hôpital-Camfrout;7 Rue de la Mairie, 29460 Hôpital-Camfrout, France
parc du petit lodi;13730 Saint-Victoret, France
Piscine des Canetons;Av. Marius Ruinat, 13700 Marignane, France
Parc de la Glacière;200 Rue de la Glacière, 13730 Saint-Victoret, France
Parc de Camfrout;20 Ven. de Camfrout, 29480 Le Relecq-Kerhuon, France
Institut Clin d'Oeil;25 Av. de la Mer, 85690 Notre-Dame-de-Monts, France
Office de Tourisme Notre Dame de Monts;6 Rue de la Barre de Monts, 85690 Notre-Dame-de-Monts, France
Parc du Bateau;Av. de la Mer, 85690 Notre-Dame-de-Monts, France
Vallée des loisirs;12 Av. de Saint-Maurice, 82130 Lafrançaise, France
Games Factory PARK QUETIGNY;5 Rue de la Gouge, 21800 Quetigny, France
Jungle Kid;11 Rue des Artisans, 21800 Quetigny, France
Ferme Aquaponique du Cambrésis;20 Rue de Franqueville, 59266 Honnecourt-sur-Escaut, France
Étangs de la Cressonnière;D96A, 59266 Honnecourt-sur-Escaut, France
Zébulleparc;All. des Loisirs, 58160 Chevenon, France
Champi'folies;Le Pal, 03290 Saint-Pourçain-sur-Besbre, France
Sancy Aventure;Chiloza, 63610 Besse-et-Saint-Anastaise, France
Le Spa By M Honfleur;62 Cr Albert Manuel, 14600 Honfleur, France
Naturospace Honfleur;Bd Charles V, 14600 Honfleur, France
Club Honfleurais d'Activités Nautiques;Bd Charles V, 14600 Honfleur, France
Mexica Parc;Route d'Orange, 30150 Roquemaure, France
Animoys Land;8 Rue de la Fougère, 88150 Chavelot, France
Games Park 88;1b Rue du Pré Droue, 88150 Chavelot, France
Base de Loisirs de Courtille;Rte de Courtille, 23000 Guéret, France
Vallée de la Gartempe;23000 Saint-Victor-en-Marche, France
Le Jardin des Oules;Rte du Parc, 30700 Saint-Victor-des-Oules, France
Piscine Intercommunale;Rte de l'Éternité, 38230 Charvieu-Chavagneux, France
Centre Hospitalier de Nontron;zi de, 24300 Nontron, France
Basic-Fit;18 Av. Jules Ferry, 24300 Nontron, France
Office de Tourisme du Périgord Nontronnais - Bureau de Nontron;16 Pl. Alfred Agard, 24300 Nontron, France
Bricomarché Nontron;Rte de Piégut, 24300 Nontron, France
Périgord Vert Aventures;Plan d'eau des Nouailles, 24300 Nontron, France
Complexe Sportif Pierre REY;537 Rue de la Libération, 73300 Saint-Jean-de-Maurienne, France
Bricomarché Homecourt;Rue Jean Moulin, 54310 Homécourt, France
Lac de Saint-Viaud;TSN44, LES CHALETS DU LAC, 44320, Saint-Viaud, France
Baignade du Lac de Saint-Viaud;4 Rue du Parc des Sports, 44320 Saint-Viaud, France
Etang de la Papiermüehle;57470 Hombourg-Haut, France
Office de Tourisme de la Communauté de Communes de Freyming-Merlebach;19 Rue de Metz, 57470 Hombourg-Haut, France
Maison des Étangs / Musée des étangs de Sologne;2 Rue de la Poste, 41210 Saint-Viâtre, France
Aire naturelle de Camping;41210 Saint-Viâtre, France
Plan d'eau du Mouet;FX82+96, 41300 Saint-Viâtre, France
Les hauts de bruyères;JWCJ+XP, 41600 Chaumont-sur-Tharonne, France
Château de Chavaniac Lafayette;1 Allée de l'Hermione, 43230 Chavaniac-Lafayette, France
Office de Tourisme de Saint-Véran;8 rue de la Poste, 05350 Saint-Véran, France
CENTRE DE VACANCES CJH - ST VERAN;31, 05350 Saint-Véran, France
Parc Des Amoureux;Restaurant des amoureux Restaurant des amoureux, 05350 Molines-en-Queyras, France
Lac de la Roche de Rame;05310 La Roche-de-Rame, France
Plage l'étang Holving;13 Rue de l'Étang, 57510 Holving, France
Base Nautique Flandre Lys;Imp. Rte nationale, 59660 Haverskerque, France
Le jardin Bosselé;2184 Rue d'Aire, 62350 Saint-Venant, France
[AirePark] Aire de camping-car de Nomexy;31 Rue de l'Estrey, 88440 Nomexy, France
Parc animalier des Clautres;Les Clautres, 23230 Bord-Saint-Georges, France
Étang La Valette;23320 Saint-Vaury, France
Maison de Retraite le Grand Chêne;35 Av. des Platanes, 79330 Saint-Varent, France
Domaine du Mont-Remy;2 Rue du Château, 52300 Nomécourt, France
Grand Aquarium de Saint-Malo;Rue du Général Patton, 35400 Saint-Malo, France
VIKINGS PARC Montauroux;Chem. du Stade, 83440 Montauroux, France
Parc des Arboins;755 Chemin Départemental, 5 Route de Saint-Vallier, 06460 Saint-Vallier-de-Thiey, France
Cascade du Hohwald;9 Rte du Kreuzweg, 67140 Le Hohwald, France
Square Kuntz;10 Rue Principale, 67140 Le Hohwald, France
Accrobranche - Parc Salomon - SAINT VALERY / SOMME;Rue de Neuville, 80230 Saint-Valery-sur-Somme, France
Cascade de l'Audeux;D120, 25530 Chaux-lès-Passavant, France
Grotte De La Glacière;Bois de la Glacière, 25530 Chaux-lès-Passavant, France
Lac de Nolay;21340 Nolay, France
Parc Aventure Land;Accès par D14, 1 bis Rue Chalot Sortie N°19, 95420 Magny-en-Vexin, France
Restaurant Château de Noizay La Renaudie;Promenade de Waulsort, 124 Rue Victor Hugo, 37210 Noizay, France
Havre de paix spa proche Amboise & châteaux de la Loire;7 Rue du 8 Mai, 37210 Noizay, France
KROMI PARK;Rue du Général Bethouart, 39100 Dole, France
Parc Animalier Fougerolles Saint-Valbert;Les Granges, 70220 Fougerolles-Saint-Valbert, France
Institut de Beauté Taalba Monika;27 Rue Jean Jaurès, 93130 Noisy-le-Sec, France
Camping Hoedic;56170 Hœdic, France
La Ballastière;Chem. de la Souffel, 67800 Bischheim, France
Aire de jeux d'eau Oasis;86 Quai des Belges, 67000 Strasbourg, France
Parc du Heyritz;Chem. du Heyritz, 67100 Strasbourg, France
Terrain d'aventures;67800 Hœnheim, France
Bassin d'apprentissage de Noisy le Roi;Rle de la Grande Ceinture, 78590 Noisy-le-Roi, France
Wellness & SPA du Grand Hôtel Les Endroits;Bd des Endroits 94, 2300 La Chaux-de-Fonds, Suisse
Piscine de numa-droz;Rue du Progrès 25, 2300 La Chaux-de-Fonds, Suisse
Étang Le Marais Chantraine;797W+29, 60660 Saint-Vaast-lès-Mello, France
Plan d'eau de Noironte;26 Rue de Chirey, 25170 Noironte, France
Tour Vauban de Saint-Vaast-la-Hougue;Rte du Fort, 50550 Saint-Vaast-la-Hougue, France
Tour Vauban de Tatihou;Tatihou Island, BP3, 50550 Saint-Vaast-la-Hougue, France
Office de Tourisme du Cotentin | Bureau de Saint-Vaast-la-Hougue;41 Quai Vauban, 50550 Saint-Vaast-la-Hougue, France
Fort de la Hougue;50550 Saint-Vaast-la-Hougue, France
Les Parcs Saint Vaast;1 Rue des Dics à Flots, 50550 Saint-Vaast-la-Hougue, France
Le Jardin Secret;86300 Sainte-Radégonde, France
Baignade de Longueil Sainte Marie;Chaussée du marais, 60126 Longueil-Sainte-Marie, France
Plan d'eau;6 La Roche E, 42440 Noirétable, France
Les Géants du Ciel - Vol en Scène;Château des Evêques, Rue Saint-Pierre, 86300 Chauvigny, France
Centre de Santé Communal des Sources;96 Rue du 19 Mars, 26240 Saint-Uze, France
Bulles de détente;61 Rue Pierre Semard, 26240 Saint-Uze, France
La Sauvagette;459 D6015, 76210 Lanquetot, France
Bricomarché Saint-Usage;Rte de Dijon, 21170 Saint-Usage, France
Chateauform Château de Nointel;Rue Notre Dame, 95590 Nointel, France
Parc De Loisirs;7 Rue de la Chantrie, 44320 Chauvé, France
Pornic Aventure - parc accrobranche;Chem. des Trois Croix Sainte-Marie, 44210 Pornic, France
Parc De L'étang;44320 Chauvé, France
Restaurant de la gare Munzenberger;16 Rue Principale, 68118 Hirtzbach, France
Parc Charles de Reinach;Rue du Château, 68118 Hirtzbach, France
Cascade Blangy;Rte de Blangy, 02500 Hirson, France
Parc;68560 Hirsingue, France
THERM & EAU;7 Rte de la Fresnais, 35120 Hirel, France
Saint Ulphace;1 Rue de Soizé, 72320 Saint-Ulphace, France
Lac de Nohic;82370 Nohic, France
Spa Tata Harper Lou Pinet Saint-Tropez;70 Chem. du Pinet, 83990 Saint-Tropez, France
Office de Tourisme de Saint-Trojan-les-Bains;Av. du Port, 17370 Saint-Trojan-les-Bains, France
Plage de Saint-Trojan-les-Bains;17370 Saint-Trojan-les-Bains, France
Le P'tit Train de Saint-Trojan;Rue Camille Samson, 17370 Saint-Trojan-les-Bains, France
Parc Boum Badaboum;Unnamed Road, 17190 Saint-Georges-d'Oléron, France
EHPAD Armand Cardeux;Rue des Lilas, 18390 Nohant-en-Goût, France
O'TRUCK PARK;Zac Du Grain D'or, Imp. du Grain d'Or, 41260 La Chaussée-Saint-Victor, France
Toboggan;24 Rue Nouvelle de Montjuzet, 63100 Clermont-Ferrand, France
Stade Nautique Pierre-de-Coubertin;Rue Pierre de Coubertin, 63000 Clermont-Ferrand, France
Etang de CHAURIAT;63117 Chauriat, France
Mondial Piscine (MPK);296 Rue du Pied Griffier, 79180 Chauray, France
Benay Laetitia;138 Rue des Combes, 79180 Chauray, France
Piscine Municipale;Camping, 10400 Nogent-sur-Seine, France
KAMI Bien Être;62 Rue Roland Vachette, 60180 Nogent-sur-Oise, France
L'Odyssee Shiatsu;6 RUE DES PHARES Saint Brieuc Lamballe, 22120 Hillion, France
La Cabane de Mytilus;9 impasse mytilicole, 22120 Hillion, France
formeozen;17 Rte de Lermot, 22120 Hillion, France
Institut Plaisir Beauté;11 Rue de la Tour du FA, 22120 Hillion, France
PARC AVENTURE INDIAN FOREST Accrobranche I Paintball (Lamballe-Armor - Morieux);Parc Aventure Indian Forest, 622 Rue de l'Etang, 22400 Lamballe-Armor, France
JUMPING R - Le spécialiste des animations clés en main pour évènements réussis en Bretagne;22 Chem. des Granges, 22120 Yffiniac, France
Point Soleil Nogent sur Marne;2 Rue Eugène Galbrun, 94130 Nogent-sur-Marne, France
Kiny Parc;Rue des Peupliers, 57565 Niderviller, France
N'CO PARK;zone commerciale la ramondia, 465 Boulevard du futur, derrière GIFI, 65300 Lannemezan, France
EAU LOISIR;114 Rue Saint-Supery, 65200 Hiis, France
L'ASSIETTE VALLÉE DE L'AUBE;Imp. du Presbytère, 10240 Nogent-sur-Aube, France
Piscine de Nogent;2 Rue de la Piscine, 52800 Nogent, France
Grotte de Thaïs;2-3 place des fontaines de Thaïs, 26190 Saint-Nazaire-en-Royans, France
Base de loisirs Roland Naudin;506-578 Chem. des Plages, 88390 Chaumousey, France
L'arbre à fil;80 Imp. des Tisserands, 26190 Saint-Jean-en-Royans, France
Lac du Marandan;657 Les Marandans, 38160 Saint-Romans, France
Château de Nogent le Roi;Unnamed Road, 28210 Nogent-le-Roi, France
Lutinopark Aventure Accrobranche;Parc du chateau, All. Jeanne de France, 28210 Nogent-le-Roi, France
La Maison du Tourisme de Nogent-le-Roi;1 Rue Prte Chartraine, 28210 Nogent-le-Roi, France
Château de Maintenon;Pl. Aristide Briand, 28130 Maintenon, France
Citadelle de Brouage;17320 Marennes-Hiers-Brouage, France
Office de tourisme de Brouage;2 Rue de l'Hospital, 17320 Marennes-Hiers-Brouage, France
Gite le Beauvais Saint Thomas De Courceriers;Beauvais, 53160 Saint-Thomas-de-Courceriers, France
Base de loisirs de La Rincerie;671 Chemin de l'Etang, 53800 La Selle-Craonnaise, France
EHPAD Le Château de la Source;7 Rue Porteneuve, 02310 Nogent-l'Artaud, France
Château de La Source;1 Imp. de Kerouartz, 02310 Nogent-l'Artaud, France
Maison De Santé;Rue Leduc de la Tournelle, 02310 Nogent-l'Artaud, France
Château de Haut Éclair – Lieu de mariage & salle de réception à Nogent?le?Bernard;27 Rue Basse, 72110 Nogent-le-Bernard, France
Maison de Retraite Delante;1 Rue Roland Chartrain, 72110 Nogent-le-Bernard, France
Château de Chaumont-sur-Loire;Château de Chaumont-sur-Loire, 41150 Chaumont-sur-Loire, France
Domaine de Chaumont-sur-Loire;478 Le Château, 41150 Chaumont-sur-Loire, France
Écuries du Château de Chaumont;Rpe du Château, 41150 Chaumont-sur-Loire, France
Le Grand Chaume;Queneau, 41150 Chaumont-sur-Loire, France
Parc animalier et botanique de Branféré;Parc animalier et botanique & Parcabout de Branféré, 56190 Le Guerno, France
Plaisirs d'O;25 Rue de Lann Vrihan, 56450 Le Hézo, France
Centre Hospitalier de Nogaro - U.S.L.D.;Av. du Général Leclerc, 32110 Nogaro, France
Destination Bien-être;4 Pl. des Capucins, 32110 Nogaro, France
Parc Municipal du Grand Cèdre;Rue des Fossés, 32110 Nogaro, France
Le Parc aux Rapaces de Madiran;557 route d’Aydie, 65700 Saint-Lanne, France
Centre historique les orgues basaltiques;9 Av. d'Agde, 34630 Saint-Thibéry, France
Piscine Municipale;Av. du 19 Mars 1962, 38540 Heyrieux, France
Parc de la Fraternité;6 Lot. la Pierre Ronde, 38540 Heyrieux, France
Pédalorail;Suivre la D18 par la, Rte de Florensac, 34630 Saint-Thibéry, France
Plaine des Sports du Vexin-Thelle;50 Rue Pierre Budin, 60240 Chaumont-en-Vexin, France
Loisinord - Stade Nautique;Rue Léon Blum, 62290 Nœux-les-Mines, France
Parc Voltaire;62290 Nœux-les-Mines, France
Parc Loisinord - Anciennement Stade nautique;Rue Léon Blum, 62290 Nœux-les-Mines, France
Jump City Trampoline Parc 77;1 Rue Niels Bohr, 77400 Saint-Thibault-des-Vignes, France
SENSAS Marne-la-Vallée;10 Rue de la Noue Guimante, 77400 Saint-Thibault-des-Vignes, France
Le refuge des Noës;190 Rte de St Rirand, 42370 Les Noës, France
La Société Protectrice des Animaux (SPA) - Refuge de Pornic;"Lieu-dit ""Saint-Roch, Le Brandais, 44210 Clion Sur Mer, France"
Gîtes Sport Nature des Noës;190 Rte de St Rirand, 42370 Les Noës, France
Parc de loisirs de Chéméré;38 Rue du Béziau, 44680 Chaumes-en-Retz, France
La Boizonnière;1 rue Mln de la Boizonniere, 44320 Chaumes-en-Retz, France
Parc éolien des Noës;42370 Les Noës, France
parc residentiel de loisirs des Noës;route de saint Rirand, 42370 Les Noës, France
Escal'Arbres;La Rousselière, 44320 Frossay, France
Complexe sportif de la Pacauderie;La Pacauderie, 44680 Chaumes-en-Retz, France
Etang;43MX+H3, 44680 Chaumes-en-Retz, France
Planet Kids;12 Rue Jules Guesde, 62510 Arques, France
lac de petichet;Chem. du Miradou, 38119 Saint-Théoffrey, France
Office de tourisme de Saint-Thégonnec;13 Pl. de la Mairie, 29410 Saint-Thégonnec Loc-Eguiner, France
Logis Hôtel de France;6 Pl. de la Mairie, 29410 Saint-Thégonnec Loc-Eguiner, France
Ferme de la monédière Deguillaume Cédric;La Monedière, 19390 Chaumeil, France
Étang Jean Ségurel;19390 Chaumeil, France
Lake Wakepark;Site de Fréaudour, 87250, France
Piscine à Noé;88 Rte de Toulouse, 31410 Noé, France
Centre Hospitalier des Monts du Lyonnais;257 Av. de la Libération, 69590 Saint-Symphorien-sur-Coise, France
Salle des sports des pinasses;90 Chem. de la Rivière, 69590 Saint-Symphorien-sur-Coise, France
Monts paysage piscine;899 Av. du Forez, 69590 Saint-Symphorien-sur-Coise, France
site d’escalade du Val d’Orzon;Pass. des Oiseaux, 69590 Saint-Symphorien-sur-Coise, France
Etang du Marnant;Étang Marnant, 58250 La Nocle-Maulaix, France
Pyrénées Hô;Av. de Rouziet, 31440 Cierp-Gaud, France
Château de Thénières;12460 Saint-Symphorien-de-Thénières, France
Saint-Symphorien-de-Thénières - Tourisme;12460 Saint-Symphorien-de-Thénières, France
Le village d'Heudreville-Sur-Eure en Normandie;Rue des Écoles, 27400 Heudreville-sur-Eure, France
Domaine d'Ocreville;2 Chem. de la Continuité, 27400 Heudreville-sur-Eure, France
Eva Patrick;3 Rue du Gué, 27400 Heudreville-sur-Eure, France
Le jardin de René Godefroy;Le Mouchel, 27400 Heudreville-sur-Eure, France
Lac de Madine Site de Nonsard;Lac de Madine, 55210 Nonsard-Lamarche, France
Résidence Hôtelière Le Louvre;13 Quai Hector Berlioz, 69360 Saint-Symphorien-d'Ozon, France
Le temple zen;4 Av. Claude de la Colombière, 69360 Saint-Symphorien-d'Ozon, France
Parc de Loisirs;370 Rue Nungesser et Coli, 69960 Corbas, France
Parc du Poizat;D149E, 69360 Saint-Symphorien-d'Ozon, France
Lac de Léry-Poses;Rue de Savoie, 27740 Poses, France
Parc jeux enfants;18 Rue de la Briquetterie, 27400 Heudebouville, France
Sweety Sweety;107 Rte de Paris, 42300 Mably, France
Aire Naturelle D'Antonion;33730 Noaillan, France
Au Bon Accueil;3, N13, 78270 Chaufour-lès-Bonnières, France
Parc Kennedy;Unnamed Road, 03200 Vichy, France
Château de Nizy-le-Comte;24 Rte de Reims, 02150 Nizy-le-Comte, France
La bulle de Sue - Head spa & Massage;1 All. des Tourterelles, 14190 Saint-Sylvain, France
Parc de la Flatière;14190 Saint-Sylvain, France
Piscine/Centre Nautique de Boulogne sur Gesse;Rte du Lac, 31350 Boulogne-sur-Gesse, France
Spa Les 5 Sens by EcÔtelia;992 Rte d'Aubergney, 33430 Le Nizan, France
"Base nature ""Risl'adventure""";11-5 Chem. de Bouvier, 61300 Saint-Sulpice-sur-Risle, France
Château De Chauffailles;71170 Chauffailles, France
Piscine intercommunale;Rue Pierre de Coubertin, 71170 Chauffailles, France
Piscine CAPI Alice Milliat;31 Av. du Dauphiné, 38300 Bourgoin-Jallieu, France
Piscine CAPI Pierre Rajon;1 Av. du Stade, 38300 Bourgoin-Jallieu, France
Le St-Sulpice;15 Route d'Aubusson, 23480 Saint-Sulpice-les-Champs, France
Centre de santé communal;94b Rue de Saint-Louis, 68220 Hésingue, France
Centre ayurvédique Adi Shakti;23 Rue de Hesingue, 68220 Hégenheim, France
Centre Hospitalier de Basse-Vilaine;2 Rue de la Piscine, 56130 Nivillac, France
Bricomarché Nivillac;Clos des Métairies, 56130 Nivillac, France
Le Sarah B;9 Quai Saint-Antoine, 56130 La Roche-Bernard, France
SPA de la Creuse;21 Clocher, 23000 Saint-Sulpice-le-Guérétois, France
St Sulpice;5R6W+H2, 23000 Saint-Sulpice-le-Guérétois, France
Office de Tourisme des 7 Vallées;19 Pl. d'Armes, 62140 Hesdin-la-Forêt, France
Beffroi;22 Rue Henri Catteau, 62140 Hesdin-la-Forêt, France
Les Narces de Chaudeyrolles;43430 Chaudeyrolles, France
Chaudeyrolles Tourisme;43430 Chaudeyrolles, France
Gaëlle SAMIT Ostéopathe D.O. et Posturologue;8 Place du 8 mai 1945, 87370 Saint-Sulpice-Laurière, France
Les Rives d'Aurec;siege administratif, Base de Loisirs, 37 PLACE DE L EGLISE, 36 plaines des loisirs, 43110 Aurec-sur-Loire, France
Etang;62196 Hesdigneul-lès-Béthune, France
L'Institut du Bien Etre;18 Ter Av. Rhin et Danube, 81370 Saint-Sulpice-la-Pointe, France
Terre Des Sens;11 Av. de l'Hôtel de ville, 33450 Saint-Sulpice-et-Cameyrac, France
Réflexologie - Pied Zen 81;5 Rue de Reims, 81370 Saint-Sulpice-la-Pointe, France
Camille Chopinot Naturopathe;Pôle Santé Henri Arnault, 3 Rue Marie Curie, 81370 Saint-Sulpice-la-Pointe, France
Souterrain médiéval du Castella;Rue du 3 Mars 1930, 81370 Saint-Sulpice-la-Pointe, France
Aquassoss;Hôtel de Ville - Parc Georges Spénale 81370, Saint-Sulpice-la-Pointe, France
ECOLE DE NATATION;13 Rue des Bleuets, 81370 Saint-Sulpice-la-Pointe, France
Source du Par;15110 Chaudes-Aigues, France
Tunnel le Malpas;Le Malpas, Nissan-lez-Enserune, France
Lac de Labrousse;33450 Izon, France
Aire de jeux Maucaillou;21 Maucaillou, 33450 Saint-Sulpice-et-Cameyrac, France
Le Ribiera;635 Rte de Forcalquier, 04300 Niozelles, France
Château de Chaudenay le Château;Rue du Chenechaux, 21360 Chaudenay-le-Château, France
La Voie De L'eau;24 Rue des Giloux, 04300 Forcalquier, France
Decathlon Niort;Zc Des Sports, 5 Rue Charles Darwin, 79000 Niort, France
Base Nautique Niort Noron;Av. Salvador Allende, 79000 Niort, France
Centre Aquatique;79180 Chauray, France
GetUp! Niort;130 Rue du Geneteau, 79180 Chauray, France
Piscine de Champommier;110 Rue de Champommier, 79000 Niort, France
FITÉÕ - Salle de sport aquatique et fitness;Bd de l'Atlantique, 79000 Niort, France
Parc Pour Enfants en Plein air;79000 Niort, France
Pirate Parc;14 Rue Roland Moreno, 17200 Saint-Sulpice-de-Royan, France
Planet Exotica;5 Av. des Fleurs de la Paix, 17200 Royan, France
COOLONGALOOK Parc Aventure;9 All. des Chevrefeuilles, 17200 Royan, France
Piscine Municipale;1 Bd Georges Clemenceau, 17200 Royan, France
Château de Nilvange;12 Rue du Maréchal Joffre, 57240 Nilvange, France
Decathlon Meaux;Centre Commercial des Saisons de Meaux, 5 Av. Roland Moreno, 77124 Chauconin-Neufmontiers, France
GALAXY PARK;3 Av. Roland Moreno, 77124 Chauconin-Neufmontiers, France
Un mètre sous Terre & Mer ????? - Spa & Jacuzzi privatif;12 Rue du Chanvre, 67850 Herrlisheim, France
Gravière du Balstein;67850 Herrlisheim, France
À Fleur de Peau;67 Rue des Monts du Matin, 26300 Chatuzange-le-Goubet, France
Centre du Vignaud;8 Rue du Moulin, 85240 Rives-d'Autise, France
Maison de la Meunerie;16 Rue du Moulin, 85240 Rives-d'Autise, France
Parc du Charlieu;220 Rte des Moulins, 26300 Chatuzange-le-Goubet, France
parking de la fontaine de l'ours;D13B, 31160 Herran, France
Gîtes et chambres d'hôtes avec piscine I Naturo-gîtes;22 Rte de Guitinières, 17150 Nieul-le-Virouil, France
Langlais Euro Loisirs;41 Boulevard de la Rance, 35400 Saint-Malo, France
Club Nautique Breizh Rance;Quai de Rance, 35430 Saint-Suliac, France
Au Bonheur des Dames L'Institut;18 rue du 8 mai 1945, 87510 Nieul, France
Centre Hospitalier Henri Laborit;1 Rue de l'Ancien Couvent, 86340 Nieuil-l'Espoir, France
Parc du Château de Nieul;87510 Nieul, France
Restaurant GRANGIER;20 RUE DE L OCCITANIE, 46200 Saint-Sozy, France
Parc Beauregard Aventure;Château de Beauregard, 14200 Hérouville-Saint-Clair, France
Piscine Montmorency;16 Rue de Bouvines, 14200 Hérouville-Saint-Clair, France
Centre Hospitalier de La Châtre;40 Rue des Oiseaux, 36400 La Châtre, France
Office de Tourisme du Pays de George Sand La Châtre;134 Rue nationale, 36400 La Châtre, France
Base de loisirs du lac de Sidiailles;Lac de, 18270 Sidiailles, France
Parc Fernand Maillaud;6 Rue Fernand Maillaud, 36400 La Châtre, France
Étang de La Châtre l'Anglin;36170 La Châtre-Langlin, France
Sev et Zen;2 Bd Jean Jaurès, 78400 Chatou, France
Diamond - Institut de Beauté;79 Av. du Maréchal Foch, 78400 Chatou, France
Base Nautique Éric Tabarly;88 Bd Bellerive, 92500 Rueil-Malmaison, France
Parc de l'Europe;Parc de l'Europe, 95 Bd Jean Jaurès, 78400 Chatou, France
Île des Impressionnistes;78400 Chatou, France
Bien Naître Et Devenir;2 Pass. Clerault, 78400 Chatou, France
Aquarilis Paris;4 Rue Michelet, 78420 Carrières-sur-Seine, France
AccroCamp Rueil-Malmaison | Accrobranche 92;Centre Sportif Vert-Bois, 1000 Côte de la Jonchère, 92500 Rueil-Malmaison, France
Château de Nieppe;6, Salam, 59850 Nieppe, France
Piscine et Création Nieppe;Drève Godefroy, 59850 Nieppe, France
Les Prés du Hem;150 Rue des Résistants, 59280 Armentières, France
Domaine de Châtonnay;155 Imp. des Terreaux, 38440 Châtonnay, France
CH'TI PARC;9 Bd Armolis, 62210 Avion, France
Etang Moule;Chem. de l'Étang Moule, 38440 Châtonnay, France
CERZA Parc des Safaris;D143, 14100 Hermival-les-Vaux, France
Parc de la Vallée;4 Rue Besson Bien Aimé, 79200 Châtillon-sur-Thouet, France
Office de Tourisme du Châtillonnais;1 Rue du Bourg, 21400 Châtillon-sur-Seine, France
Communauté de Communes du Pays Châtillonnais;9-11 Rue de la Libération, 21400 Châtillon-sur-Seine, France
Bricomarché Châtillon-Sur-Seine;Av. Noël Navoizat, 21400 Châtillon-sur-Seine, France
Musée de Châtillon sur Saône;12 Rue de l'Assaut, 88410 Châtillon-sur-Saône, France
Parc de l'Ermitage Sainte-Catherine;Rue Saint-Cricq, 33310 Lormont, France
Pumptrack de L'hermitage by P-TRACKS;L'Hermitage, France
Parc du rocher;35590 L'Hermitage, France
Essence Ciel;88 Grande Rue, 01150 Saint-Sorlin-en-Bugey, France
Statue du pape Urbain II;4 Rue de l'Église, 51700 Châtillon-sur-Marne, France
Parc De Châtillon Sur Loire;45360 Châtillon-sur-Loire, France
Aire de Jeux du Parc de Chatillon;45360 Châtillon-sur-Loire, France
parc aventure;Saint-Sorlin-d'Arves, France
Source du Lison;25330 Nans-sous-Sainte-Anne, France
Château de Châtillon-sur-Lison;25440 Cussey-sur-Lison, France
Centre Hospitalier Chatillon sur Indre;Maison de santé pluridisciplinaire, 13 Av. de Verdun, 36700 Châtillon-sur-Indre, France
Office de Tourisme du Châtillonnais en Berry;5 Pl. du Vieux Château, 36700 Châtillon-sur-Indre, France
INSTITUT SOPHIE;40 bis Rue Grande, 36700 Châtillon-sur-Indre, France
Bricomarché Châtillon-Sur-Indre;24 Rue Jean Lurçat, 36700 Châtillon-sur-Indre, France
Camping de mon Village (Camping-Car Park);Rue du Moulin de la Grange, 36700 Châtillon-sur-Indre, France
Lac des Écoles;736 Rte du Lac, 74260 Les Gets, France
Château de Châtillon-sur-Chalaronne;32 Imp. des Remparts, 01400 Châtillon-sur-Chalaronne, France
G.Beauty - Chatillon;64 Rue Commerson, 01400 Châtillon-sur-Chalaronne, France
Office de Tourisme - Dombes Tourisme;Pl. du Champ de Foire, 01400 Châtillon-sur-Chalaronne, France
Beauty K;285 Av. Raymond Sarbach, 01400 Châtillon-sur-Chalaronne, France
Aire Camping-Car Park;91 Rue des Peupliers, 01400 Châtillon-sur-Chalaronne, France
Base De Loisirs;Heurtebise, 17500 Jonzac, France
Parc Municipal;14 Av. de la Libération, 67110 Niederbronn-les-Bains, France
Temple de Kimi;93 Rue du Général de Gaulle, 90700 Châtenois-les-Forges, France
Histoire De Peau;2 Rue du Lieutenant Bidaux, 90700 Châtenois-les-Forges, France
Écluse de Mosnac;16120 Mosnac-Saint-Simeux, France
Tour des Sorcières;7 Rue de l'Église, 67730 Châtenois, France
Maison de Retraite du Badbronn;18 Rue de l'Ortenbourg, 67730 Châtenois, France
Musée Meyer's - La Maison du Distillateur;direction Villé, Forêt Domaniale de La Vancelle, D424 Route de Villé (sortie, 67730 Châtenois, France
Château de Bressieux;38870 Bressieux, France
cascade du Saltou;Canton d'Aumont-Aubrac, 48340 Les Hermaux, France
Les Hermaux Tourisme;48340 Les Hermaux, France
Plage Hermanville -sur-mer;14880 Hermanville-sur-Mer, France
Bulle Bien-Être - Institut de Beauté;88 Rue Edmonde Charles-Roux, 14880 Hermanville-sur-Mer, France
Les Petits Chiens;24 Le Montaguillaume, 23140 Saint-Silvain-sous-Toulx, France
La Vallée Gourmande;Le Bourg, 23190 Saint-Silvain-Bellegarde, France
Swim Stars | Nice;6 Av. Desambrois AQUADEMY AZUR, 06000 Nice, France
Parc Phœnix;405 Prom. des Anglais, 06200 Nice, France
Piscine de l'Ariane de Nice;26 Rue Guiglionda de Sainte-Agathe, 06300 Nice, France
Piscine Jean Bouin;2 Rue Jean Allègre, 06000 Nice, France
Arboretum de la Vallée aux Loups;102 Rue de Chateaubriand, 92290 Châtenay-Malabry, France
Parc de la Vallée aux Loups;87 Rue de Chateaubriand, 92290 Châtenay-Malabry, France
Maison de Chateaubriand;87 Rue de Chateaubriand, 92290 Châtenay-Malabry, France
Château de Châtenay;8 Rue Honoré de Mirabeau, 95190 Châtenay-en-France, France
Parc Herlies Piscine;59134 Herlies, France
"CLUB DE NATATION ""WEPPES NATATION""";40 Rue de la Croix, 59134 Herlies, France
Grotte de Niaux;Grotte de Niaux, 09400 Niaux, France
Parc de la Préhistoire;Rte de Surba À Banat, 09400 Tarascon-sur-Ariège, France
Spéléo canyon ariège : canyoning autour de Tarascon sur Ariège;La Vexane Route de, 09400 Niaux, France
Étang de La Roussille;32 Rte du Chêne, 23270 Châtelus-Malvaleix, France
Pumptrack;7 All. de la Plage, 23270 Châtelus-Malvaleix, France
Aire de jeux dans les arbres;5 All. de la Plage, 23270 Châtelus-Malvaleix, France
Plage de l'étang de la Roussille;23270 Châtelus-Malvaleix, France
étang de pêche de la Prugne;23270 Châtelus-Malvaleix, France
Plage de Châtelus-le-Marcheix;23430 Châtelus-le-Marcheix, France
Plage de Chatelus-le-Marcheix;2 Rue des Deux Ponts, 23430 Châtelus-le-Marcheix, France
Si Beau...Sibelle... Hydrotherapie canine;2 Rue Victor Hugo, 59195 Hérin, France
Domeniconi Didier;15 Rue de Vandoncourt, 25310 Hérimoncourt, France
Labymais 02 - Ferme pédagogique de La Belle Vue;Ferme de Belle vue, 02120 Le Hérie-la-Viéville, France
Parc Botanique de Haute Bretagne;4 La Folletière, 35133 Le Châtellier, France
Jardin de la source bleue;La Folletière, 35133 Le Châtellier, France
Secret de beauté;19 Rue Gambetta, 87800 Nexon, France
Château de Nexon et son Parc Classé;Pl. de l'Église, 87800 Nexon, France
Office de Tourisme Pays de Nexon - Monts de Châlus;6 bis Pl. de la République, 87800 Nexon, France
évasion beauté Nexon;6b Rue Pierre et Marie Curie, 87800 Nexon, France
Parc Château Nexon;87800 Nexon, France
Etang;87800 Nexon, France
Site de la Manu;All. du Jardin du Directeur, 86100 Châtellerault, France
MC Institut;111 Bd d'Estrées, 86100 Châtellerault, France
Decathlon Chatellerault;25 Rue de la Désirée, 86100 Châtellerault, France
Maison du Tourisme et du Vin;ESPACE, Esp. Paul Daumains, 33180 Saint-Seurin-de-Cadourne, France
Parc urbain de la Lizaine;Rue des Prés, 70400 Héricourt, France
Bassin d'apprentissage d'Héricourt;20-22 Rue de la Tuilerie, 70400 Héricourt, France
Parc-Arboretum de Saint-Setiers;8 Le Bourg, 19290 Saint-Setiers, France
Aven Parc - Parc d'attractions;15 Chem. de Kergoz, 29930 Pont-Aven, France
Espace Melati;47 Rue de Nièvre, 58000 Nevers, France
Le Poseidon;4 Ter Rue de la Passière, 58000 Nevers, France
Source de la Meuse;D130B, 52400 Le Châtelet-sur-Meuse, France
Office de tourisme des Hautes Vallées - Bureau de Névache La Clarée;Quartier, Ville Haute, 05100 Névache, France
L'île de douc'heure;Rue du Général de Gaulle, 44230 Saint-Sébastien-sur-Loire, France
Cabinet Balnéothérapie et Kinésithérapie Christophe HAUTCOEUR;27 Rue Maurice Daniel, 44230 Saint-Sébastien-sur-Loire, France
ALMA Modelage;21 Av. de la Martellière, 44230 Saint-Sébastien-sur-Loire, France
Parenthèse Urbaine ? Maison de Beauté Massage Renata França;2 Rue du Général de Gaulle, 44230 Saint-Sébastien-sur-Loire, France
Centre SMR Jules Verne - HGO;Pl. des Lucines, 44230 Saint-Sébastien-sur-Loire, France
La Douce Heure - Institut de beauté Nantes;8 Rte du Loroux Bottereau, 44230 Saint-Sébastien-sur-Loire, France
Hôpital La Musse - SMR;1 All. Louis Martin, 27180 Saint-Sébastien-de-Morsent, France
Résidence André Maginot;Rte de Bourges, 18330 Neuvy-sur-Barangeon, France
Fédération André Maginot La Grande Garenne;La Grande Garenne, route de Bourges, 18330 Neuvy-sur-Barangeon, France
Aquapark;Chem. de la Chaise, 45510 Neuvy-en-Sullias, France
Site de la Maison de l'Eau;Moulin Gentil, 18330 Neuvy-sur-Barangeon, France
Aventure Parc Accrobranche Nancay;Domaine Samord, 18330 Nançay, France
Camping de la Noue;23A Rte de Bourges, 18330 Neuvy-sur-Barangeon, France
Centre Crystal;72A Rue Principale, 67230 Herbsheim, France
Cascade de Châtelaudren;2 Rue du Maillet, 22170 Châtelaudren-Plouagat, France
Terrarium et Vivarium de Kerdanet;38 Kerdanet, 22170 Châtelaudren-Plouagat, France
Chateau de La Ville Chevalier;22170 Châtelaudren-Plouagat, France
Bureau touristique Falaises d'Armor;2 Rue du Maillet, 22170 Châtelaudren-Plouagat, France
Étang du Minihy;22170 Châtelaudren-Plouagat, France
Relais du Leff;2 Pl. des Sapeurs Pompiers, 22170 Châtelaudren-Plouagat, France
L'Auberge Du Goélo;1 Rue Saint-Magloire, 22170 Châtelaudren-Plouagat, France
Parc du plan d'eau;La Felonne, 36230 Neuvy-Saint-Sépulchre, France
Decathlon Herblay;12 Mail des Copistes, 95220 Herblay-sur-Seine, France
Le Time Parc - Parc de Structures Gonflables;Zone Artisanal de St Saviol, 86400 Val-de-Comporté, France
Maison de santé pluriprofessionnelle;17 Rue de Keskastel, 67260 Herbitzheim, France
Parc de loisirs;23 Rue de Rome, 37370 Neuvy-le-Roi, France
Parc de Loisirs Saint-Blaise;chemin de saint blaise 49520, 49500 Segré-en-Anjou Bleu, France
Château de Ranrouët;15 rue Guy de Rochefort, 44410 Herbignac, France
Familly Park;Chem. de la Chaise, 45510 Neuvy-en-Sullias, France
Centre Médical de Soins Immédiats (CMSI);Rue des Bouvreuils, 85500 Les Herbiers, France
Decathlon Les Herbiers;ZAC de la Tibourgère, 85500 Les Herbiers, France
Office de Tourisme du Pays des Herbiers;12 Rue des Arts, 85500 Les Herbiers, France
Bélisa Institut;358 Rte d'Uriage, 38320 Herbeys, France
La Tour de Vesvre;La Tour Lieu-dit, 18250 Neuvy-Deux-Clochers, France
Étang municipal;18250 Neuvy-Deux-Clochers, France
Site de Vesvre;Mairie de, Pl. de l'Église, 18250 Neuvy-Deux-Clochers, France
Châtel Indoor Kids Park;188 Chem. de l'Etringa, 74390 Châtel, France
Office de Tourisme de Châtel-Montagne;15 Pl. Alphonse Corre, 03250 Châtel-Montagne, France
La maison de Colette;10 Rue Colette, 89520 Saint-Sauveur-en-Puisaye, France
Musée Colette;Rue du Château, 89520 Saint-Sauveur-en-Puisaye, France
Parc du Château de Saint-Sauveur;89520 Saint-Sauveur-en-Puisaye, France
Parc aquatique Sommet Saint-Sauveur;655 Ch. Louis-Dufour, Saint-Sauveur, QC J0R 1R3, Canada
Plage Lac du Bourdon;"Lieu dit ""La Calanque, 89170, Saint-Fargeau, France"
City stade de châteauvilain;38300 Châteauvilain, France
Parc aux daims;12 Rue du Parc, 52120 Châteauvillain, France
Étang du petit bois;Étang du Petit Bois, 18250 Henrichemont, France
Y.C.Rouen 76 (base de plein air d'Hénouville);Base de plein air d, 1444 Chau. Bertrand, 76840 Hénouville, France
Château d'Hénonville;36 Rue Bamberger, 60119 Hénonville, France
La Plage de la Fontugne;900 route de la Glueyre, 07190 Saint-Sauveur-de-Montagut, France
PITCHOUN PARK;596 Chemin de la Base de Loisirs, 05600 Eygliers, France
Therapia - bien être au naturel;424 Av. des Confignes, 13160 Châteaurenard, France
Douce parenthèse ( HEAD SPA);581 Bd Ernest Genevet, 13160 Châteaurenard, France
Simples et sens;638 Av. de la Libération, 13160 Châteaurenard, France
Voyage des Sens - Massages & Esthétique - Institut & Domicile;94 Chem. des Issanes, 13160 Châteaurenard, France
Musée René Baubérot;Rue de la Prte Fortifiée, 87290 Châteauponsac, France
Domaine de Chapeau;Chem. de Chapeau, 72190 Neuville-sur-Sarthe, France
Abîme de Bramabiau;Route de Meyrueis, 30750 Saint-Sauveur-Camprieu, France
Lac du Bonheur;30750 Saint-Sauveur-Camprieu, France
GCU Camprieu;Camprieu Vallée du Trévezel, 30750 Saint-Sauveur-Camprieu, France
Etang Des Vallées Du Moulin De Chateauneuf Val de Bargis;58350 Châteauneuf-Val-de-Bargis, France
Grand Étang De Saint Saud;Unnamed Road, 24470, Saint-Saud-Lacoussière, France
Piscine Jean-Jacques Malina;298 Rue de l'Abbaye, 62110 Hénin-Beaumont, France
Parc naturel régional Périgord-Limousin;555 Rte de l'Ancienne Filature, 24450 La Coquille, France
Base de Loisirs de Rouffiac;424 Base de loisirs de Rouffiac, 24270 Angoisse, France
Decathlon Henin Beaumont;Zone D´Activités Commerciales Du, Chem. du Bord des Eaux, 62110 Hénin-Beaumont, France
Parc des Îles;1573 Bd des Frères Leterme, 62110 Hénin-Beaumont, France
Parc des Sports de Châteauneuf-sur-Sarthe;49330 Les Hauts-d'Anjou, France
"Parking ""Piscine""";49330 Les Hauts-d'Anjou, France
Mon esprit libre;83 Grande rue, Rés Saint-Nicolas, 45110 Châteauneuf-sur-Loire, France
L'Appart;58 Pl. des Cafés, 84450 Saint-Saturnin-lès-Avignon, France
Château de Neuville;4 Rue Joseph Cornudet, 95000 Neuville-sur-Oise, France
Parc Départemental du château de Châteauneuf-sur-Loire;1 Pl. Aristide Briand, 45110 Châteauneuf-sur-Loire, France
Château de Châteauneuf-sur-Loire;1 Pl. Aristide Briand, 45110 Châteauneuf-sur-Loire, France
Aire de Jeux;Unnamed Road, 45110 Châteauneuf-sur-Loire, France
Châteauneuf Pagaie Aventure;Rue de l'Île, 18190 Châteauneuf-sur-Cher, France
chateauneuf eaux vives;Rue de l'Île, 18190 Châteauneuf-sur-Cher, France
Centre Aquatique Eldorad'Ô;près de la caserne des pompiers, 50 Rue des Fauvettes, 80600 Doullens, France
Piscine de Châteauneuf-sur-Charente - GRAND COGNAC;2 Bd Gambetta, 16120 Châteauneuf-sur-Charente, France
Bain des Dames;16120 Châteauneuf-sur-Charente, France
Château d'Hendecourt les Cagnicourt;16 Rue du Mont, 62182 Hendecourt-lès-Cagnicourt, France
Bassin naturel du canyon du diable.;PF24+6G, 34725 Saint-Saturnin-de-Lucian, France
Planet Ocean Montpellier;Centre commercial Odysseum, All. Ulysse, 34000 Montpellier, France
Banc des Berritsu;17 Bd de la Mer, 64700 Hendaye, France
Decathlon Hendaye;8 Rue des Orangers, 64700 Hendaye, France
L.c.m Loisir;Départementale 9d, 13820 Ensuès-la-Redonne, France
PARC FRANCOIS MITTERRAND;Bd Marcel Pagnol, 13220 Châteauneuf-les-Martigues, France
PARC DES SPORTS 1 D 568 LA MOUTE NORD;13220 Châteauneuf-les-Martigues, France
Parc des Sports;Chem. du Bolmon, 13220 Châteauneuf-les-Martigues, France
Parc pour enfant;9 Rue Jean Moulin, 13220 Châteauneuf-les-Martigues, France
Parc Pierre Vincent;Chem. de la Pierre Vincent, 13220 Châteauneuf-les-Martigues, France
Piscine Municipale Irandatz;Rue de Santiago, 64700 Hendaye, France
Ocean Adventure : Ecole de Surf Hendaye;Bd de la Mer, 64700 Hendaye, France
Parc des Grands Bains;63390 Châteauneuf-les-Bains, France
Centre de l'Arche;1 Bd de Maule CS 50103, 72650 Saint-Saturnin, France
Lac de Châteauneuf-la-Forêt;87130 Châteauneuf-la-Forêt, France
Étang de pêche;16 Rue des Frères Chevé, 22600 Hémonstoir, France
Recrea 9 Aire de jeux;228 impasse Benoît fourneyron, 26780 Châteauneuf-du-Rhône, France
Services Thermi Sanit;193 Bis Rue de Lille, 59554 Neuville-Saint-Rémy, France
EHPAD Les Edelweiss;185 Rue de Lille, 59554 Neuville-Saint-Rémy, France
MegaDream Saint-Quentin;Rue de la Fère, 02100 Neuville-Saint-Amand, France
LE MANOIR NEO NORMAND;1 Rte du Village, 27680 Saint-Samson-de-la-Roque, France
Bassin de Natation du Parc;59510 Hem, France
Base de loisirs;90 Av. Henri Delecroix, 59510 Hem, France
Base de Loisirs et Etang de Pêche;90 Av. Henri Delecroix, 59510 Hem, France
Aqua Rel;3 Rue des Filles Sainte-Claire, 61000 Alençon, France
Maison de Santé de Saint-Saëns;57 bis Rue Dillard, 76680 Saint-Saëns, France
La Bonne Adresse;28 Rue Raymond Poincaré, 76680 Saint-Saëns, France
Office de Tourisme de Châteaulin;10 Pl. du Marché, 29150 Châteaulin, France
Bricomarché Châteaulin;Grand Rue, 29150 Châteaulin, France
Au Petit Bonheur;26a Quai Charles de Gaulle, 29150 Châteaulin, France
M2C;8 Quai Carnot, 29150 Châteaulin, France
L’Entourage;5 Quai Cosmao, 29150 Châteaulin, France
E.Leclerc Jardi;Rue Amiral Bauguen, 29150 Châteaulin, France
Saint Rome Plage;La rivière, 12490 Saint-Rome-de-Tarn, France
Office de tourisme du Pays de la Muse et des Raspes;Pl. du Ravelin, 12490 Saint-Rome-de-Tarn, France
EXPLONATURE;12490 Saint-Rome-de-Cernon, France
Château de Châteaugiron;Bd du Château, 35410 Châteaugiron, France
Pays de Châteaugiron Tourisme;2 Rue nationale, 35410 Châteaugiron, France
Centre International Pierre Monestier;21 Rue du Lionceau, 48500 Massegros Causses Gorges, France
Château de Mélac;12490 Saint-Rome-de-Cernon, France
Bien luné;ZA, La Plaine de Laumière, 12490 Saint-Rome-de-Cernon, France
Bricomarché Neufchâtel-En-Bray;Rte de Gaillefontaine, 76270 Neuville-Ferrières, France
Restaurant La Belle Epoque Châteaufort;10 Pl. des Ecoles, 78117 Châteaufort, France
Hydromania;Vicolo del Casale Lumbroso, 200, 00166 Roma RM, Italie
Grottes du Foulon;35 Rue des Fouleries, 28200 Châteaudun, France
Decathlon Chateaudun;28 Rte de Blois, 28200 Châteaudun, France
Château de Châteaubriant;Place du General Charles de Gaulle, 44110 Châteaubriant, France
Office de tourisme intercommunal Châteaubriant - Derval;29 Pl. Charles de Gaulle, 44110 Châteaubriant, France
Decathlon Essentiel Châteaubriant;1 Rue du Général Patton, 44110 Châteaubriant, France
L'île de Coco;10 Av. Jean Moulin, 44110 Châteaubriant, France
Restaurant Domaine De La Ferrière - Châteaubriant;Domaine De, La Ferrière, 44110 Châteaubriant, France
Bricomarché Chateaubriant;35 Rue du Président Kennedy, 44110 Châteaubriant, France
Circa'parc;215 Garaland, 26120 Châteaudouble, France
Privilege Home Institut;86 Rue du Dr Delegrange, 59960 Neuville-en-Ferrain, France
Decathlon Neuville - en - Ferrain Roncq;ZAC du petit Menin, 3 Rte du Petit Menin, 59960 Neuville-en-Ferrain, France
LUMI.ERE D'ETOILES;8 Rue Saint-Pierre, 35220 Châteaubourg, France
La Touche d'Elin;18 All. des Acacias, 35220 Châteaubourg, France
Le sens de la douceur - Massage Bien-être;48 All. des Tilleuls, 35220 Châteaubourg, France
PINCE ET COTON;5 Chem. de Houpre, 35220 Châteaubourg, France
Weeloc;Siège Social, 1 Rue du Vertuquet, 59960 Neuville-en-Ferrain, France
Parc Pasteur;1 Rue de Paris, 35220 Châteaubourg, France
La Tour;Le village, 30440 Saint-Roman-de-Codières, France
Aire de détente Les Thuiles;12 Rue Saint-Marc, 04400 Les Thuiles, France
Résidences Valdys de Rockroum;Rue du Dr Louis Bagot, 29680 Roscoff, France
Château du Schwartzenbourg;68140 Griesbach-au-Val, France
Le Jardin Exotique & Botanique de Roscoff;Lieu-dit Roc'h Hievec, 29680 Roscoff, France
Centre Nautique de Roscoff;1 bis Rue Capitaine Coadou, 29680 Roscoff, France
Pointe des Espagnols;29570 Roscanvel, France
Plage de Roscanvel;7 Rte de Pontscorff, 29570 Roscanvel, France
Fun Park Crozon;Rue de Dinan, 29160 Crozon, France
Piscine De Plein Air;1 Rue du Stade, 67240 Bischwiller, France
Rondin Parc;Palhères, 48300 Rocles, France
Plan d’eau de pigerolles;187 Chem. du Plan d'Eau, 05150 Rosans, France
O Coeur du bien être - Expert Amincissement / Soins du visage est devenu O Coeur de la beauté;2b Chem. du Pirot, 69290 Grézieu-la-Varenne, France
La Baie Des Pirates Lyon Craponne;13 Rue des Aqueducs, 69290 Craponne, France
Animalia Parc - Accrobranche - médoc;15 Rue de la Bruyère, 33990 Naujac-sur-Mer, France
Plage le pin sec;33990 Naujac-sur-Mer, France
Centre aquatique des 2 vallées;ZAC de, 60150 Thourotte, France
AquaGem;190 Chem. du Puits, 13420 Gémenos, France
Complexe sportif Dominique Prevost;31120 Roquettes, France
Lac de la canal;31120 Roquettes, France
Bois de la Canal;31120 Roquettes, France
PLAYPARK PUGET;Rte de la Bouverie, 83480 Puget-sur-Argens, France
L'ELEGANTE PAR NATURE;2250 Av. de la République, 06550 La Roquette-sur-Siagne, France
Shanti Life;31 Chem. de Pinchinade, 06370 Mouans-Sartoux, France
Espace loisirs du Béal;Prom. du Béal, 06550 La Roquette-sur-Siagne, France
Le Rocher De L’Américain;Chem. du Gabinet, 83440 Montauroux, France
Wibit sport parc;Lac de St Cassien, D37, 83440 Tanneron, France
Résidence les Jardins de Nassandres;11 Rue Joliot Curie, 27550 Nassandres sur Risle, France
AQUALAND PARK MAHAJANGA;Majunga, Madagascar
Maison du Thouarsais - Office de Tourisme;32 Pl. Saint-Médard, 79100 Thouars, France
Parc Naturel Départemental de l'Esteron;231 Rte de Conségudes, 06910 La Roque-en-Provence, France
CS+ ( Confort Sécurité Plus );11 Rue du Loup, 51420 Cernay-lès-Reims, France
Calicéo;14 Chem. du Vigneau, 44800 Saint-Herblain, France
FAN D'O Aquasports et Fitness Carquefou;2 Imp. Betelgeuse, 44470 Carquefou, France
Parc des Sports;Av. du Parc des Sports, 44470 Thouaré-sur-Loire, France
Piscine de la Petite Amazonie;Bd de Berlin, 44000 Nantes, France
Koh-Roque;D13 Route de Pézenas, 34320 Roquessels, France
Ô Tilleuls | Salon de massage;9 Av. des Tilleuls, 31120 Roques, France
Clos Serein;6 Rte d'Epoisses, 21460 Thoste, France
Vita-Laser;35 Raymond Poincaré Street, 68700 Cernay, France
Parc Vauban Aventures;Cote du, Chem. du Fort Saint-André, 39110 Bracon, France
Base De Loisirs;17160 Thors, France
Base de loisirs de Gresy sur Isere;Rte du Lac, 73460 Grésy-sur-Isère, France
Parc de la Tour;1543 Rte des Bauges, 73100 Grésy-sur-Aix, France
Aqualac SplashPad;20 Av. Daniel Rops, 73100 Aix-les-Bains, France
Gorges du Sierroz;165-167 Rte des Bauges, 73100 Grésy-sur-Aix, France
Les Restanques du Thoronet;57 Rue Claudius Camail, 83340 Le Thoronet, France
Parc Macquer;Parking de la Mairie, 77410 Gressy, France
Cité Souterraine de Naours;5 Rue des Carrières, 80260 Naours, France
Roquefort Le Vieux Berger;91 Le Combalou, 12250 Roquefort-sur-Soulzon, France
Office de Tourisme Pays du Roquefort;Av. de Lauras, 12250 Roquefort-sur-Soulzon, France
Parc du Château de Thorigny;3 Rue de la Division Leclerc, 89100 Thorigny-sur-Oreuse, France
Skatepark Nantouillet;1 Chem. des Communes, 77230 Nantouillet, France
Décor Aquatique;1128 D2085, 06330 Roquefort-les-Pins, France
Colisée - EHPAD LE CASTELET NOTRE DAME;1675 Rte de Roquefort, 13830 Roquefort-la-Bédoule, France
Résidence EHPAD Le Domaine de la Source UNIVI;Domaine de la Source, Chemin de la Source, 13830 Roquefort-la-Bédoule, France
CassisForest;Parc Régis Vidal, 13260 Cassis, France
Aquasession LA CIOTAT;943 Voie Antiope, 13600 La Ciotat, France
Aqua'Form La Ciotat;203 Av. de la Plaine Brunette, 13600 La Ciotat, France
Swim Stars;Le Merlançon, RD559a Les Barles ZAE, 13470 Carnoux-en-Provence, France
Parc Jean Moulin;All. des Cyprès, 13821 La Penne-sur-Huveaune, France
Mont De Cerisy Belle Etoile;Sur le Mont, 61100 Cerisy-Belle-Étoile, France
Les Secrets de Nadège - Institut de beauté spécialisé en soins personnalisés à Thorigné-Fouillard;Les Secrets de Nadège, 1 Rue Louis Blériot, 35235 Thorigné-Fouillard, France
Base de loisirs de Saint Céneré;Saint Céneré, 53340 Saulges, France
City Park L'ilôt;31190 Grépiac, France
Exk Parc de loisirs / Greoux: Canyon parc Accrobranche;Rte de Valensole, 04800 Gréoux-les-Bains, France
Château de Roquefixade;09300 Roquefixade, France
LESGECKOS - Canyoning Gorges du Loup & Côte d'Azur;3366 CD 503, 06620 Courmes, France
Parc aquatique;ZA Plage Sud, 11500 Quillan, France
Cascade de Cubserviès;11380 Roquefère, France
Jacuzzilib France - Location spa / jacuzzi;
Plan d’eau de Nantheuil;All. des Loisirs, 24800 Nantheuil, France
base de loisirs;34 Le Bourg, 24800 Nantheuil, France
Le Jardin Aquatique;64 Rue Ampère, 38000 Grenoble, France
Piscine Les Dauphins;12 Av. Edmond Esmonin, 38100 Grenoble, France
Piscine Municipale Jean Bron;7 Rue Lazare Carnot, 38000 Grenoble, France
Aventura Park | Parc de Loisirs Crépy-en-Valois;14 Rue Gustave Eiffel, 60800 Crépy-en-Valois, France
Chaine Thermale du Soleil;5 Rue du Néoulous, 66400 Céret, France
Piscine de Céret;Place de Lüchow, 66400 Céret, France
Nin's parc Jeux Gonflables Ceret;16 Rue du Néoulous, 66400 Céret, France
Piscine à Céreste-en-Luberon;78 Pl. de l'Europe, 04280 Céreste-en-Luberon, France
Grottes de Thouzon;2083 Rte d'Orange, 84250 Le Thor, France
Le Paradis de la Piscine Fusion le Thor;Zone Activités Saint Louis, 1 All. de la Sauge, 84250 Le Thor, France
Irripiscine by Irrijardin Le Thor;586 Rte de l'Isle sur Sorgue, 84250 Le Thor, France
Les Jardins de La Boulas;La Boulas, 37390 Cerelles, France
Gîte de la Quincy;La Quincy, 02880 Nanteuil-la-Fosse, France
Lac de Monampteuil;Bassin de, 02000 Monampteuil, France
Cabanes de la Presle;Lieudit La Presle, 51480 Nanteuil-la-Forêt, France
Piscine à Grenade-sur-l'Adour;1 Rue Pierre de Coubertin, 40270 Grenade-sur-l'Adour, France
Jardins de l'Argentor;Rue de la Gare, 16700 Nanteuil-en-Vallée, France
Château de Thonne-les-Prés;Rue de Benoist, 55600 Thonne-les-Près, France
Plaine de loisirs;Rue du Port, 58340 Cercy-la-Tour, France
Location maison de vacances Côté Roque;1139 Rte de Saumane, 84210 La Roque-sur-Pernes, France
Résidence Le Moulin à vent;256 Rte de St Didier, 84210 La Roque-sur-Pernes, France
Cascades du Sautadet;Chem. du Moulin de Cors, 30200 La Roque-sur-Cèze, France
La Roque-sur-Cèze;30200 La Roque-sur-Cèze, France
Carrousel des Mondes Marins;Parc des Chantiers, 2 Bd Léon Bureau, 44200 Nantes, France
BABYBOB;44 Rue des Dervallières, 44000 Nantes, France
La Roche Ballue de Bouguenais;Rue de la Guérinière, 44340 Bouguenais, France
Les Jardins de mon Moulin;D60, 52300 Thonnance-lès-Joinville, France
Fort de La Roque-Gageac;Fort de La Roque, 24250 La Roque-Gageac, France
Jardin exotique;24250 La Roque-Gageac, France
UCPA Le Lachens;Quartier, Route de Brovès, 405 Plarion, 83840 La Roque-Esclapon, France
Domaine Les Blacouas;Blacouas, 83840 La Roque-Esclapon, France
COS NANTEAU;2 Rue des Arches, 77710 Nanteau-sur-Lunain, France
Cascade de Morette;74230 La Balme-de-Thuy, France
Aravis Parc d'Aventures;2 Rue Saint-Blaise, 74230 Thônes, France
Château et jardins de Losse;All. du Château de Losse, 24290 Thonac, France
Parc du Thot;24290 Thonac, France
Le Royaume des Arbres - Charleval;Av. du Bois, 13350 Charleval, France
Parc de Forclan;1 Chem. de Forclan, 86530 Cenon-sur-Vienne, France
Les Terrasses de La Roque Alric;2 Chem. Saint-Michel, 84190 La Roque-Alric, France
Parc Du Tholonet;3275 Rte Cézanne, 13100 Le Tholonet, France
Cascade du verneau;7 Rue Crétin, 25330 Nans-sous-Sainte-Anne, France
Le Creux Billard;25330 Nans-sous-Sainte-Anne, France
Château de Cénevières;668 Le Château, 46330 Cénevières, France
Chill-Lot / Activités Nature;Trigoulet, 46330 Cénevières, France
ESF Thollon-les-Memises;Immeuble Le Schuss, 74500 Thollon-les-Mémises, France
L'essentiel;37 All. Debussy, 83860 Nans-les-Pins, France
Centre de Gérontologie Saint-François;D560, 83860 Nans-les-Pins, France
Village Club La Sainte Beaume;Quartier Delvieux Sud, Delvieux S, 83860 Nans-les-Pins, France
Polyclinique Saint François;D560, 83860 Nans-les-Pins, France
Château de Bernicourt;200 All. du Château de Bernicourt, 59286 Roost-Warendin, France
Renaissenca - Institut de beauté Nangy;83 Rte de Bonneville, 74380 Nangy, France
Aire de jeux Rontignon;714 Rue des Pyrénées, 64110 Rontignon, France
Piscine d'Hiver Aquagold;Rue Blancou, 82400 Golfech, France
Les Jardins d'eau de Carsac;10 Rue Marius Rossillon, 24200 Carsac-Aillac, France
Canosphère;Les prés du, 52 Rte de la Borgne, 24250 Cénac-et-Saint-Julien, France
Plage;24250 Cénac-et-Saint-Julien, France
Parc Aventure THOISSEY;Le Port, 01140 Thoissey, France
Wow Safari Thoiry;2 Rue du Pavillon de Montreuil, 78770 Thoiry, France
Château de Thoiry;78770 Thoiry, France
Safari Air Park;2 Rue du Pavillon de Montreuil, 78770 Thoiry, France
Thoiry Lumières Sauvages;2 Rue du Pavillon de Montreuil, 78770 Thoiry, France
Zoo Thoiry;2 Rue du Pavillon de Montreuil, 78770 Thoiry, France
Parc de l'île Sauzay;70100 Gray, France
Bassin nautique Christian Bergelin;Rue de la Plage, 70100 Gray, France
Canoë Kayak Gorges de l'Ain;Thoirette Centre, Esplanade de Loisirs, La Gouille, 39240 Thoirette-Coisia, France
Base Nautique et de Plein Air.Lac des sapins;915 Rue de la Voisinée, 69550 Ronno, France
Aqu'Aventure - Gravon;Chemin Balloy, 77118 Gravon, France
Parc de la Mothe;44850 Le Cellier, France
Granica;10 Rue Nationale, 41120 Cellettes, France
Château de Beauregard;12 Chem. de la Fontaine, 41120 Cellettes, France
Institut Cinq Sens;1 rue Madeleine Bres, 41120 Cellettes, France
Sportica;Bd de l'Europe, 59820 Gravelines, France
Piscine d'été de Celles-sur-Belle;1 Av. de Limoges, 79370 Celles-sur-Belle, France
Ronchamp Tourisme;25 Rue le Corbusier, 70250 Ronchamp, France
Musée de la Mine;33 Pl. de la Mairie, 70250 Ronchamp, France
"Centre d'Âyurvéda ""ANANTA""";13 Le Mâconnais, 71390 Messey-sur-Grosne, France
"Aire de jeux ""La mine d'Or";35137 Pleumeleuc, France
"""Le Mystère des Faluns"" - Les Perrières";7 Rue d'Anjou, 49700 Doué-la-Fontaine, France
"Dolmen ""Chez Moutaud""";D10, 87310 Saint-Auvent, France
Raptor Reef Indoor Water Park;175 W Orchard Ave, Hayden, ID 83835
Boulder Beach Water Park;27843 US-95, Athol, ID 83801
Bien-être des Sens;135 Av. de la République, 54310 Homécourt, France
Aquaparc;Rte de la Plage 122, 1897 Port-Valais, Suisse
Parc de Loisirs Les Campaines;D118, 25250 Accolans, France
Institut L’île du Bien-être;Zone des salines, 5 Chem. de la Culée, 44580 Villeneuve-en-Retz, France
Audrey praticienne bien-être;8 Rte de Rouans, 44680 Saint-Hilaire-de-Chaléons, France
Le Petit Paysagiste;10 Rue de l'Épine, 60430 Abbecourt, France
Centre Hospitalier d'Abbeville;43 Rue de l'Isle, 80100 Abbeville, France
Centre de Gérontologie;80 Rte Doullens, 80100 Abbeville, France
L'institut;55 Pl. Max Lejeune, 80100 Abbeville, France
Soins De Suite Et RéAdaptation;80 Rte Doullens, 80100 Abbeville, France
Massage en Somme - Praticienne en massages bien-être;Rue d'Arleux, 80140 Cerisy-Buleux, France
Sylnature - Sylviane Jain;Rue du Scardon, 80100 Abbeville, France
France Aventures Amnéville - Parc d'accrobranche;Bois de Coulange, 57360 Amnéville, France
Zoo d'Amnéville;1 Rue du Tigre, 57360 Amnéville, France
Amnéville Moselle Cité des Loisirs;2 Rue de l'Europe, 57360 Amnéville, France
Base de loisirs de Nautic'Ham;1 Rue de la Loire, 57970 Basse-Ham, France
Syrdall Schwemm;3 Routscheed, 6939 Senneng Nidderaanwen, Luxembourg
Apartment Thermale Luxeuil;12 Rue de la Vierge, 70300 Abelcourt, France
Fabrikus World;VC du Tricot et des Tots, 34450 Vias, France
?BLOMI SPA?;395A Rte de Pérouges, 01800 Faramans, France
Aqualibi;Bd de l'Europe 100, 1300 Wavre, Belgique
Bellewaerde Aquapark;Meenseweg 497, 8902 Ieper, Belgique
Sous-marin Espadon;2 Av. de la Forme Ecluse, 44600 Saint-Nazaire, France
Piscine de la Bouletterie;9 Rue Pitre Grenapin, 44600 Saint-Nazaire, France
Centre OM CCHS;80200 Péronne, France
Asmis estrees-deniecourt;144 Av. Haute Picardie, 80200 Estrées-Deniécourt, France
Laboratoire Symbiose Cosmétique;
De Bonnières Eurl;3 Rue de Lihons, 80320 Hypercourt, France
Relax O' Zen;sas d'entrée entre pharmacie et boulangerie, 21 Rue du Général Leclerc côté parking au, 1er étage, 88200 Remiremont, France
Serenisyl;48 B Rue de Verdun, 57280 Semécourt, France
DSDH Training-Médiation;8 Rue du Faubourg, 54760 Lanfroicourt, France
Les Bains de Lavey;Route des Bains 46 Les Bains de Lavey, 1892 Lavey-les-bains, Suisse
Abracadabra Massage & Wellness;32 Main St, Sperryville, VA 22740
Sun W Spa;75 W Lee St Unit 104, Warrenton, VA 20186
Seasons Spa At Mimslyn Inn;401 W Main St #1024, Luray, VA 22835
Still Waters Spa;13199 Elk Run Rd, Bealeton, VA 22712
The Spa at Massanutten;1824 Resort Dr, Massanutten, VA 22840
Ally Spa;5441 Old Alexandria Turnpike, Warrenton, VA 20187
Mockingbird Mountain Spa and Retreat;273 Mockingbird Ln, Luray, VA 22835
Cédric Masseur Hygiéniste et Bien Être;
Heavens Touch Spa & Wellness;1200 Sunset Ln Ste 2131 & 2132, Culpeper, VA 22701
Wildflower Wellness Spa;5421 Main St Ste 400, Mt Jackson, VA 22842
La maternité en toute sérénité : accompagnement périnatal;13 Rue Maréchal Foch, 67880 Krautergersheim, France
L'Atelier Intermède - Coiffeur Abreschviller;92 Rue Général Jordy, 57560 Abreschviller, France
Le grand établissement thermal;Av. du Général Dwight Eisenhower, 03200 Vichy, France
Ravine Chaude - Espace Thermo Ludique René TORIBIO;Chemin de Ravine Chaude, Lamentin 97129, Guadeloupe
Pôle Accueil Taonaba;Route de Perrin 97139, Les Abymes, Guadeloupe
CGSS de Guadeloupe - Caisse Générale de Sécurité Sociale;Parc d'activité La Providence Espace Amédée Fengarol, ZAC de Dothémare, Les Abymes 97139, Guadeloupe
Thermes de Bouillante;46HH+7VX, Bouillante, Guadeloupe
AQUA MOUN Aquabike Guadeloupe;7C38+825, Rue Arthur Groevius, Baie-Mahault 97122, Guadeloupe
Espérance Coaching;Clinique de l'Espérance, Les Abymes 97139, Guadeloupe
Centre Aquatique Pierre SAMOT - CACEM;Plaine de petit manoir, Le Lamentin 97122, Martinique
BIEN ETRE EN FORME;79 rue Jean Jaurès, Le Raizet, Les Abymes 97139, Guadeloupe
orchid santé;369 Rue Mayoute, Le Gosier 97190, Guadeloupe
Parenthèse bien-être Le Gosier Guadeloupe;lotissement le domaine des Aloès, 9, 97190 Rte de la Bouaye, Le Gosier 97190, Guadeloupe
Spa Havre du Bien-Être;Allée Citronnelle, Sainte-Rose 97115, Guadeloupe
OSMOSE Centre de Flottaison et de Relaxation;Immeuble La Palmeraie, Moudong Nord, Baie-Mahault 97122, Guadeloupe
Tam Tam Massages;Résidence caraibes, Rue des Géraniums, Sainte-Anne 97180, Guadeloupe
Maderotherapie Guadeloupe;Centre Medical La rocade Grand camp, Les Abymes 97139, Guadeloupe
The Private SPA;SAINTE MARTHE CENTER SAINT FRANCOIS, 97118, Guadeloupe
PASSION MINCEUR;Rte de Caraque, Les Abymes 97139, Guadeloupe
Serenity Head Spa by Séverine;38 Rue du Onze Novembre 1918, 33720 Barsac, France
Pause Cocoon & Bien-être - Masseuse et Esthéticienne;
Espace Ludopia - Parc de Loisirs;Jouers, 64490 Accous, France
Aquana Freizeitbad;Willy-Brandt-Ring 100, 52146 Würselen, Allemagne
Aqua Mundo Center Parcs Erperheide;Erperheidestraat 2, 3990 Peer, Belgique
Carolus Thermen;Passstraße 79, 52070 Aachen, Allemagne
Sila Thai Massage & Spa;Brüsseler Ring 20-22, 52074 Aachen, Allemagne
HAMAM ROYAL SPA;Roermonder Str. 143, 52072 Aachen, Allemagne
Rulantica;Roland-Mack-Ring 1, 77977 Rust, Allemagne
Ma P’tite Bulle Zen;103 Bis, Av. Carnot, 78700 Conflans-Sainte-Honorine, France
GINA Salon Massage Maisons-Laffitte;15 bis Rue du Mesnil, 78600 Maisons-Laffitte, France
Massages Nemours - AERYA;32 Rue de l'Église, 77760 Villiers-sous-Grez, France
Kiddy Teuf;10 All. du Nautilus, 80440 Glisy, France
Au Cerf d'or;1 Rue de la Petite Vitesse, 62121 Achiet-le-Grand, France
Les Jardins de Romain;2 Rue du 8 Mai, 62121 Achiet-le-Grand, France
Armoripark;Rue de Gwenezhan, 22140 Bégard, France
Piscines ACD;22 Grébusson, 35690 Acigné, France
Gulli Parc Rennes - Cesson;13 Rue du Rocher, 35510 Cesson-Sévigné, France
Aire de jeux de Joval;11 Joval, 35690 Acigné, France
Baia Spa - Institut de bien être;4 Rue de la Tannerie, 35160 Montfort-sur-Meu, France
Rituels&Infusions;
Complexe Atlantide;11155 QC-335, Saint-Calixte, QC J0K 1Z0, Canada
Bel et Bien;Hameau du, Rue du Moulin à Vent, 27940 Les Trois Lacs, France
Zenterrehappy Salon de Massages Bien Être -Normandie-;
Massages Maria-Nikita;53 Rue de Vienne, 27140 Gisors, France
Aqua Mundo du Center Parcs Les Ardennes;Rue de la Grotte 12, 6690 Vielsalm, Belgique
Perfect Body Massages;9 Rue Jeanne d'Arc, 54310 Homécourt, France
Base de Loisirs des Étangs de Hollande - Les Bréviaires;Rte des Étangs de Hollande, 78610 Les Bréviaires, France
La Guiguitte en Folie;Les Ridets, 70230 Filain, France
Massages et Soins Bien-être;11 Rue des Clos Rondot, 25130 Villers-le-Lac, France
Spa Mahana;39 Rte du Pla d'Adet Entrée C, 65170 Saint-Lary-Soulan, France
Pur Mer;250 Rue Séraphin, Sainte-Adèle, QC J8B 1P1, Canada
Maamar Massage;43A Rue de Metz, 57380 Faulquemont, France
Parc de la Vallée;Le Pain Bénit, 79150 Massais, France
Bagatelle - Parc d'Attractions;RD940, 62155 Merlimont, France
Evaziona;12 Rue de l'Église, 62173 Blairville, France
Espace Bien-être Boisseron;394 Av. Folco de Baroncelli, 34160 Boisseron, France
Peau Éthique - Esthéticienne à domicile Persac (86);
Ma'Sage Bien-Etre;29 Av. Carnot, 19200 Ussel, France
L'espace bien-être;
L'hirondelle Centre de soins pour animaux sauvages;705 Napoly, 69490 Saint-Forgeux, France
Fraispertuis-City;50 Rue de la Colline des Eaux, 88700 Jeanménil, France
Nataly L'empreinte Bien Naître;1 Rue de L’Atlantique, 47510 Foulayronnes, France
Massage aux huiles essentielles;310 Rue Mozart, 47000 Agen, France
Numidia bien être;30 Rue Jean Jaurès, 47550 Boé, France
Wellness Maison Beauté;155 Av. Jean Jaurès, 47000 Agen, France
Sophie Bégeault Somatothérapeute Massage;35 Bd de la République, 47000 Agen, France
Salon massage chinois 47000 Agen Harmonie;11 place Sainte Foy, 47000 Agen, France
Salon Juillet;160 Bd de la République, 47000 Agen, France
Lou' L Head Spa;2 Av. du Général de Gaulle, 47000 Agen, France
Arome et Sens;1 Rue Jegun de Marans, 47000 Agen, France
Mon Etre Sensiel;Rue des Vennes 24, 6637 Fauvillers, Belgique
Water Country USA;176 Water Country Pkwy, Williamsburg, VA 23185
Holiday Inn Dijon by IHG;Parc de la Toison d'Or, 1 Place Marie De Bourgogne, 21000 Dijon, France
Parc Aventure de Porto-Vecchio;Route de Bonifacio, 20137 Porto-Vecchio, France
Corsica Forest Canyoning;D268, 20145 Sari-Solenzara, France
LOISIRS VALINCO PARC;Plage du phare, 20110 Propriano, France
Massanutten Indoor WaterPark;1200 Adventure Dr, Massanutten, VA 22840
Aqua Bubble Boom Xtrem Lamontjoie;Rue de Pellesac, 47310 Lamontjoie, France
Stella Bien Etre Massages et Soins Energétiques;Relais de Roqueferau, 47140 Penne-d'Agenais, France
Stella Bien Être Massages et Soins Energétiques;Rue des Hirondelles, 47500 Montayral, France
E.Leclerc Une Heure Pour Soi;Centre Commercial E.Leclerc Parc De L'Odyssée, 50180 Agneaux, France
Nature & Bien Être;14 Rue du Puits Bray, 60260 Lamorlaye, France
Salon de massage bien-être - Victoria Varnaeva;23 Rue Pierre Dewaele, 60740 Saint-Maximin, France
K_Zen Head Spa;2 Av. de l'Europe, 60180 Nogent-sur-Oise, France
Mom'ent Douceur;2E Rue Lamartine, 60540 Bornel, France
Sagesse du bien-être;3 Imp. des Troenes, 60190 Estrées-Saint-Denis, France
Nature Bien Etre;71 Rue Victor Hugo, 60100 Creil, France
Bien-être et beauté;4 Rue Jules Carrière, 02260 La Capelle, France
Bellissime institut & SPA;8 Rue du Commerce, 02200 Soissons, France
Fantasy Lake Adventure Park;3601 Quarry Rd, Wake Forest, NC 27587
HPT-ATEX Organisme de formations;4 Bis Rue Aristide Briand, 62217 Beaurains, France
Audrey massage réflex’O bien-être;2 Rue Lucas de Néhou, 02410 Saint-Gobain, France
L'art de l'eau - concessionnaire Mondial Piscine;101 Rue de Vermand, 02100 Saint-Quentin, France
Kiné Balnéo Thérapie du Centre SCM;14 Rue Lecat, 02100 Saint-Quentin, France
? L'atelier des Pigments;1 Rue de l'Europe, 53940 Ahuillé, France
Piscines Desjoyaux-Pisciniste Mayenne 53;67 Av. de Paris, 53940 Saint-Berthevin, France
Vie et Bien-Etre;32 Rue des Chênes, 53260 Entrammes, France
Osteopathe;18 Carr aux Toiles, 53000 Laval, France
luxopuncture serenite;29 Rue d'Alsace, 53940 Saint-Berthevin, France
Ô Spa Privatif ?? Luxury Suite;Av. du Centenaire 12A, 7141 Morlanwelz, Belgique
Entre Ciel et Terre;7 Rue de Vaut Grenier, 79410 Cherveux, France
Atelier Javadhou;9 Rue Perrière, 79000 Niort, France
CIAS Centre Intercommunal d'Action Sociale des Pays de l'Aigle;5 Pl. du Parc, 61300 L'Aigle, France
Centrakor L'Aigle;Av. Comtesse de Ségur, 61300 L'Aigle, France
Yatou Splash;Rte François-Peyrot 30, 1218 Le Grand-Saconnex, Suisse
Massage bien-être;560 Chem. du Boissillon, 05300 Val Buëch-Méouge, France
Domaine du lac de Chour;Domaine du Lac de Chour, 21170 Franxault, France
Anëa Massages;13 Chem. de la Val Priout, 31450 Ayguesvives, France
The Spa at Berry Hill Resort;3105 River Rd, South Boston, VA 24592
518health;518 N Main St, Emporia, VA 23847
Healing Spa;6135 Harbourside Centre Lp, Midlothian, VA 23112
South Hill Salt Cave Sauna;201 W Danville St, South Hill, VA 23970
IRIS SPA;920 S Main St Unit e, Blackstone, VA 23824
Centre de santé Départemental;2 Rue Traslefour, 16140 Aigre, France
Maison de santé pluridisciplinaire;2 Rue Traslefour, 16140 Aigre, France
Le Square;1 Pl. des Halles, 16140 Aigre, France
Base de loisirs intercommunale - Lac de La Terrasse;Base de Loisirs, Lac de La Terrasse, 1300 Route du lac, 38660 La Terrasse, France
Karrousel - Espace de Loisirs Indoor;430 Rue Amable Matussière, 38420 Le Versoud, France
Parc aqualudique de l'Auberge de Meyrin;Av. de Vaudagne 13BIS, 1217 Meyrin, Suisse
Marie Bonutto Auxiliaire;81 Rte de Bretagne, 14760 Bretteville-sur-Odon, France
A.D.I.P.T.;Cessat, 12300 Bouillac, France
Zig Zag Parc;Rue de l'Écluse, 51360 Val-de-Vesle, France
Acrobois Pilat;404 Route de St Sauveur, 42220 La Versanne, France
Toboggans et piscines camping;14510 Houlgate, France
Kinaree thai spa;23 Rue Baillet Reviron, 78000 Versailles, France
Centre Sportif Montbauron;15-17 Rue Jacques Boyceau, 78000 Versailles, France
Spa Deep Nature - Domaine Villages Nature Paris;Route de Villeneuve VILLAGES NATURE, Spa Deep Nature-Aqualagon, 77700 Bailly-Romainvilliers, France
Caroetlesbébés Un lieu pour Le Bien être des parents et des Bébés;3 Pl. Saint-Louis, 78000 Versailles, France
Ôzen Spa & Bien-Être - Spa Versailles;45 Rue d'Anjou, 78000 Versailles, France
L'Atelier de Massage;9 Bd du Roi, 78000 Versailles, France
Etoile park 26;Base de nature, Îles du Chez, 26800 Étoile-sur-Rhône, France
Aquapark Crots;Chanterenne, 05200 Crots, France
Baignade Vers pont du Gard;776 Carrière, 30210 Vers-Pont-du-Gard, France
Aquatropic Nîmes;39 Rue de l'Hostellerie, 30900 Nîmes, France
Lac de Verruyes;79310 Verruyes, France
Village de gîtes Etang et Village;Lieu-dit les Terres de l'Etang, 79310 Verruyes, France
Le plan d'O! (Cherveux - Saint-Christophe);D122, 79410 Cherveux, France
Mathilde perinatalite - thalasso bain bébé - massage femme enceinte -Mathilde Dequenne;8 impasse des caducées, 16200 Mérignac, France
Institut de beauté Verrières-le-Buisson Bodyminute;76 Rue d'Estienne d'Orves, 91370 Verrières-le-Buisson, France
Lac de Verrières;Av. Cambacérès, 91370 Verrières-le-Buisson, France
L'embellie;11 Rue de Paron, 91370 Verrières-le-Buisson, France
Parc Régnier;196 Bd du Maréchal Foch, 91370 Verrières-le-Buisson, France
Espace plongée du Centre Aquatique;104 Rue Adolphe Pajeaud, 92160 Antony, France
Ecopark Adventures Bièvres | Accrobranche 91;Domaine de Montéclin, RD, 53 Rte de Versailles, 91570 Bièvres, France
Lene Bien-Être;3 ter Rue de Megève, 92160 Antony, France
Ren's Massage;2 Rue Winston Churchill B, 91300 Massy, France
K@P ZEN;1 Sq. des Écrivains, 91370 Verrières-le-Buisson, France
C'Bulle de Bien Etre;83 Rue de Paris, 91570 Bièvres, France
Les Mains d'Adèle - Massage Bien-Être;48 Av. Jean Jaurès, 92290 Châtenay-Malabry, France
Pause Massage;13 Rue Winston Churchill, 91300 Massy, France
Ôde Facialiste;24, rue d'Estienne d'Orves, 1 Rue Blin, 91370 Verrières-le-Buisson, France
LIGHTNESS - Drainage lymphatique / Remodelage - Méthode Renata Franca/Supra Sculpt/KOBIDO/Massage prénatal/Bien-être-Antony;26 Rue Camille Pelletan, 92160 Antony, France
L'évasion Bien-être;15 Bd de l'Europe, 91320 Wissous, France
Yoga - Sophrologie - Massages bien-être - Anaïs Roussel;25 Rue de l'Égalité, 92290 Châtenay-Malabry, France
Mon moment d'évasion;12 Av. Léon Harmel, 92160 Antony, France
BREIZHEN Esthétique & SPA À Domicile;129 Rue Mirabeau, 92160 Antony, France
BIEN ÊTRE MASSY;49 Av. Carnot, 91300 Massy, France
Alaya;2 All. du Pressoir, 91370 Verrières-le-Buisson, France
Le Puy des Songes (Spa - Institut de beauté -Centre Laser));4 Rue Léon Portier, 42610 Saint-Romain-le-Puy, France
Cataleya Head Spa 42 - Massages & Co;375 Les Ardilliers, 42260 Pommiers-en-Forez, France
Le Temps d'un Soin - Saint Sylvain d'Anjou;2 Pl. de la Mairie, 49480 Verrières-en-Anjou, France
Evita Lift;15 Rue Emmanuel Voisin, 49480 Verrières-en-Anjou, France
INSTITUT ORIA;Centre d'affaires les loges, Rte Des Sablières, 49480 Verrières-en-Anjou, France
Anjou Sport Nature;23 Rue des Étangs, 49420 Ombrée d'Anjou, France
Skoubi-Parc;34 Bd Gaston Birgé, 49100 Angers, France
Château à Motte de Verrières en Anjou;Parc André Delibes, Av. du Parc, 49480 Verrières-en-Anjou, France
Parc de Loisirs L'Étang;603 Impasse du Domaine de l'Etang, 49320 Brissac Loire Aubance, France
Anjou Sport Nature - Pouancé;23 Rue des Étangs, 49420 Ombrée d'Anjou, France
Centre Piscicole;Montayer, 49320 Brissac-Quincé, France
Anjou Sport Nature;Rte de la Mayenne, 49220 La Jaille-Yvon, France
Parc André Delibes;Av. du Parc, 49480 Verrières-en-Anjou, France
Base de Loisirs de la Monnerie;Mail des Lacs, 72200 La Flèche, France
Centre de Loisirs Le Tertre;11 Rue des Vignes, 49112 Verrières-en-Anjou, France
Cozy Spring;Centre d´affaire les loges, Rte Des Sablières, 49480 Verrières-en-Anjou, France
AFTRAL Angers;Rue Fabien Cesbron, 49480 Verrières-en-Anjou, France
Golf d'Angers - St Sylvain d'Anjou;La, Bechalière, 49480, France
CEPIE CONCEPT;Font de l'Épervière, 49480 Verrières-en-Anjou, France
Centrakor / Zoé Confetti / Delbard;centre commercial de la Maison Blanche, Av. de la Millardière, 49480 Verrières-en-Anjou, France
Planète Équitation - Stade Equestre de l’Anjou;Belle gelée, 49480 Verrières-en-Anjou, France
SMIA - centre de Saint-Sylvain-d'Anjou (Verrières-en-Anjou);2 Rue Rose Avalanche, 49480 Verrières-en-Anjou, France
ISIS LA MAISON;62 Rue nationale, 49112 Verrières-en-Anjou, France
Centre Technique Municipal de Verrières en Anjou;23 Bd Louis Delage, 49480 Verrières-en-Anjou, France
Delphine Le Gall Sophrologue Hypnothérapeute EMDR;14 Sq. des Fleurs, 49480 Verrières-en-Anjou, France
Wefit.club Verrières-en-Anjou;1i rue d'almas, Maison Neuve, 49112 Verrières-en-Anjou, France
Base de Loisirs & Nautique de la Saline;42 Rte de la Saline, 70200 Lure, France
Institut Ancestralia massage et hair spa;31 Rte de Saint-Blaise Bâtiment B, 74350 Copponex, France
Institut fleur de lys;6B Les Carlines, 25300 Verrières-de-Joux, France
Entree bois de verrières;Rte de Montauzin, 91370 Verrières-le-Buisson, France
Etablissement de santé de La Verrière;Av. de Montfort, 78320 La Verrière, France
Château de La Verrière – Centre de Formation et de Séminaires MGEN;78320 La Verrière, France
Beauty Line Esthétique SPAS de FRANCE;8 Rue de la Paix, 85130 Chanverrie, France
Secrets d'une Fée;62 Rue de la Cardonilhe, 34370 Maraussan, France
Piscine Renens Aquasplash;Av. du Censuy 36, 1020 Renens, Suisse
Hygieia massage bien être et sportif;386 Rte de la Pommeraie, 73200 Gilly-sur-Isère, France
Parc d'Olhain;Rue de Rebreuve, 62620 Maisnil-lès-Ruitz, France
Atout Thé;2 Rue Constant Martin, 62131 Verquin, France
Parc des Cytises;FR79+6Q, Route de la Bassée, 62410 Bénifontaine, France
Parcours Aventure d'Olhain;Parc Départemental d’Olhain, 3 rue de Rebreuve, 62620 Maisnil-lès-Ruitz, France
Les Loupiots;2 Rue Léon Droux, 62300 Lens, France
Parc de la Loisne;5004F Rue du Marais, 62400 Verquigneul, France
Béatrice Toubeau Sophrologue Beuvry;24 Rue Arthur Lamendin, 62660 Beuvry, France
Parc Spirou Provence;1 Rue Jean-Henri Fabre, 84170 Monteux, France
Le Village Des Automates;Route Nationale 7, Chem. de la Diligence, 13760 Saint-Cannat, France
Corbi Park - Parc d'Attractions Animalier;Le Moulin, 04220 Corbières-en-Provence, France
Balineae by Rhône-Alpes Thermal;25 Bd des Anglais BP 20332, 73100 Aix-les-Bains, France
Pharmacie Du Centre;La, 90 Pl. Joseph Serlin, 38290 La Verpillière, France
Le Goyo;929 Rue de la République, 38290 La Verpillière, France
Holistic Head Spa;38 Rue Simon Depardon, 38290 La Verpillière, France
Zigounoparc aquatique;Rue Serge Mauroit, 38090 Villefontaine, France
Jardin de Ville;353 Chem. du Premier Gua, 38290 La Verpillière, France
Belle Comme un Rayon de Soleil;733 Rue de la République, 38290 La Verpillière, France
Solis. Salon de bien-être et de beauté;La, 210 Rue de la République, 38290 La Verpillière, France
Trésor De Douceur;3 Rue du Verger du Parc, 38080 L'Isle-d'Abeau, France
Valérie M;811 Rue de la République, 38290 La Verpillière, France
L'escale;63 Pl. Joseph Serlin, 38290 La Verpillière, France
La Route des Sens;123 Rte nationale, 69330 Pusignan, France
Wisplash;Rue du Lac, 08500 Les Mazures, France
Touroparc Zoo;400 Rue du Parc, 71570 Romanèche-Thorins, France
Parco Cavour;Via Napoleonica, 504, 37067 Valeggio sul Mincio VR, Italie
Caneva Aquapark;Via Fossalta, 58, 37017 Lazise VR, Italie
Aquardens;Via Valpolicella, 63, 37026 Pescantina VR, Italie
Water Park Riovalli;Via Lionello Fiumi, 25, 37010 Cavaion Veronese VR, Italie
ValpoLand;Viale Verona, 40, 37026 Pescantina VR, Italie
Oasis Parc;1 Rue des Salcys, 89100 Gron, France
Le Rapido;Le PAL, 03290 Saint-Pourçain-sur-Besbre, France
l'instant bo'm;1 Imp. de la Pompe, 79170 Périgné, France
Ressources et Vous - Alexandra TAINON;1 Imp. de la Croix Blanche, 79170 Secondigné-sur-Belle, France
SAVAGE WAKEPARK;Lac aux ramiers, Base de loisirs, 07240 Vernoux-en-Vivarais, France
Althéo Club;15 Av. Vincent d'Indy, 07240 Vernoux-en-Vivarais, France
Vernoux' Zen;380 chemin de, La Justice, 07240 Vernoux-en-Vivarais, France
Élodie Kaloujnaïa - Massage & Esthétique Naturelle;214 Av. de Privas, 07240 Vernoux-en-Vivarais, France
Institut de Beauté Nathalie;44 Rue Simon Vialet, 07240 Vernoux-en-Vivarais, France
Parc de Pierre Brune;Lieu-dit Pierre Brune, 85200 Mervent, France
PARC AVENTURE 79 CHANTEMERLE;La Forêt De Chantemerle, 79320 Moncoutant-sur-Sèvre, France
Centre Balneo Kinesitherapie Vernouillet;2 Av. de Triel, 78540 Vernouillet, France
epilskinytime – Epilation laser definitive Dreux;80 Rte de Crécy, 28500 Vernouillet, France
Institut de la Maison Blanche ( uniquement sur rendez-vous);84 Av. François Mitterrand, 28500 Vernouillet, France
Hammam Adar;1 Rue de la briqueterie, 28500 Vernouillet, France
Promo Thalasso;60 Av. Victor Hugo, 75016 Paris, France
Co Évasion;13 Rue du Ponceau, 37210 Vouvray, France
Parc de loisirs Sport& Bien;La Fontaine, 37380 Monnaie, France
Parc des Châtaigniers;108B Av. Gabrielle d'Estrées, 37270 Montlouis-sur-Loire, France
Evasion des Sens - massothérapeute - énergeticienne - Vouvray - Indre et Loire;23 Rue du Commerce, 37210 Vouvray, France
Spa O de Claise;Claise, 36290 Saint-Michel-en-Brenne, France
Le Château des Défis;Château de Jallanges, 37210 Vouvray, France
Institut Very Jolie | Madérothérapie | Drainage Lymphatique Renata França® à Vouvray (15 minutes de Tours);1 All. du Haut Sanzelle, 37210 Vouvray, France
Le temps d'un instant by Gwen;5 Rte de Montereau, 77670 Vernou-la-Celle-sur-Seine, France
Aire de Services Camping-Cars;134 Rue de la Lié, 07430 Vernosc-lès-Annonay, France
Ctre Interco Action Soc Bassin Annonay;19 Rue de Maubach, 07430 Vernosc-lès-Annonay, France
Ma Bulle de Bien-être;569 Rte du Forez, 07430 Davézieux, France
L'Instant Présent;101 Rte Bleue, 07430 Saint-Cyr, France
S.P.A La Vivaroise;Le Fayet, 1750 D109, 07430 Savas, France
AVE SPORT salle de sport-fitness - Crosstraining ANNONAY;56 Av. de l'Europe, 07100 Annonay, France
La Roche Péréandre;Moulin sur Cance, 07340 Andance, France
l'Œil du Ciel;07430 Vernosc-lès-Annonay, France
ORIA Sport Davézieux;353 Rue de la République, 07430 Davézieux, France
Office de Tourisme Nouvelle Normandie - Vernon;12 Rue du Pont, 27200 Vernon, France
Côté-beauté;8 Av. Île de France, 27200 Vernon, France
Decathlon Essentiel Vernon - Saint-Marcel;1 Parking, C.Cial Intermarché, 27950 Saint-Marcel, France
Esplanade Jean-Claude Asphe;Cr du Marché aux Chevaux, 27200 Vernon, France
AUVERGNE LOISIRS;Base de loisirs de, Confolant, 63380 Miremont, France
Les Randonneurs du Pré Cheny - Centre équestre et gîte Velles;27 Rue Martin Valot, 52500 Velles, France
P'ti bout;La Forge, 50370 Vernix, France
Vulcania;2 Rte de Mazayes, 63230 Saint-Ours, France
Les Charmettes: location gite de charme avec sauna hammam et jacuzzi Doubs Etalans(min 3 jours);29 Rue Elisée Cusenier, 25580 Étalans, France
O Bonheur des Bulles;4 Rue des Iris, 25300 Houtaud, France
Hauts Doux Instants d'Evasion;13 Rue Elisée Cusenier, 25580 Étalans, France
Jardin aquatique de Broglie;1 Rue du Vert Buisson, 27270 Broglie, France
Institut Carolyn;47 Rue de Limoges, 87430 Verneuil-sur-Vienne, France
Naturel Beauty;5 Carr Beaupeyrat, 87000 Limoges, France
SMR et EHPAD la Chênaie;8 Rue de Limoges, 87430 Verneuil-sur-Vienne, France
Aevum Séverine Lapierre Goyé-naturopathe - Réflexologie - drainage lymphatique - massage tuina;2 Rue du Pont de la Gabie, 87430 Verneuil-sur-Vienne, France
Parc Bellevue;Bellegarde, 87100 Limoges, France
Naturel Beauty;
Mahanakhon Thai massage;41 Bd André Malraux, 78480 Verneuil-sur-Seine, France
Île de Loisirs du Val-de-Seine;Chem. du Rouillard, 78480 Verneuil-sur-Seine, France
Centre nautique Maxime Sorel;2 Chem. de la Seine, 78480 Verneuil-sur-Seine, France
Centre équestre du Val de Seine;Chem. du Rouillard, 78480 Verneuil-sur-Seine, France
Justine Voisin;5 Rue des Rosiers, 78480 Verneuil-sur-Seine, France
Mira Massage Bien-Être;32 Av. du Chemin de Fer, 78480 Verneuil-sur-Seine, France
AUX P'TIT SOINS;51 Rue de la Côté Narbonne, 78480 Verneuil-sur-Seine, France
La Ferme Souchinet;9 Rue des Sources, 02380 Verneuil-sous-Coucy, France
Ferme du Pignon (grand gîtes);Frm du Pignon, 02380 Verneuil-sous-Coucy, France
CENTRE DE SANTE;2 Rue du Château, 02380 Coucy-le-Château-Auffrique, France
Séjours Origines;Frm du Pignon, 02380 Verneuil-sous-Coucy, France
Ground ink;
LUMINESCENCE;Galerie Saint-Aspais, 14 Rue Saint-Aspais, 77000 Melun, France
Bain Sauvage;23 Rue Gambetta, 77400 Lagny-sur-Marne, France
Les Hautes Évasions;11 Rue Jean Jaurès, 60550 Verneuil-en-Halatte, France
Douce Heure;6 Rue Jean Jaurès, 60550 Verneuil-en-Halatte, France
BEAUTE-BIEN ETRE Institut;170 Pl. de la Madeleine, 27130 Verneuil d'Avre et d'Iton, France
Institut Arôme Centre esthétique;ANGLE DE LA, 36 PLACE DE LA MADELEINE, RUE DES TROIS MAILLET, 27130 Verneuil d'Avre et d'Iton, France
Maison Mayane;163 Rue du Dr Fabre, 27130 Verneuil d'Avre et d'Iton, France
Altiparc du vernet Parc Aventure;Rte d'Issoire, 63580 Le Vernet-Chaméane, France
Fermyland;Petit Orcet, 63670 Orcet, France
Escapade Beauté;Le, 4 Rue du Dr Eugène Perpere, 63240 Mont-Dore, France
Centre de Remise en Joie;Balcon d'augère, 63210 Vernines, France
Résidence Thermale de Vernet-les-Bains;Chem. de la Laiterie, 66820 Vernet-les-Bains, France
Plan d'eau du Vernet;63580 Le Vernet-Chaméane, France
SIVU Centre Loisirs Vernets de Galaure;Lac des Vernets, Rte du Lac, 26240 Saint-Barthélemy-de-Vals, France
Château de Vernègues;13116 Vernègues, France
Château Bas;RD 22, 13116 Vernègues, France
Les toboggans aquatiques;178 Camp Blanc, 13370 Mallemort, France
La rivière sauvage;178 Camp Blanc, 13370 Mallemort, France
Espace aqualudique des Foron;142 Rue des Marmotaines, 74800 La Roche-sur-Foron, France
Aline esthéticienne;41 Rue de Mouliherne, 49390 Vernantes, France
Base Nautique Téléski;Rte d'Amplaing, 09400 Mercus-Garrabet, France
Aux Mains Sages;30 Rue de Fisat, 09000 Vernajoul, France
Gliss'On;31 Chem. des Platanes, 69230 Saint-Genis-Laval, France
WAM PARK - Lyon - Condrieu;base de loisirs, 1 All. de la Presqu'île, 69420 Condrieu, France
Poézenn institut;23 Rue de Châteaubriant, 35770 Vern-sur-Seiche, France
Tam Tam Bien-Être;27 Av. de la Gare, 35770 Vern-sur-Seiche, France
Lac;Le Tertre des Bouillants, 35770 Vern-sur-Seiche, France
Loopiland;ZAC du val d'orson, 3 Rue Charles Vanel, 35770 Vern-sur-Seiche, France
C Zen;La Grée, 35770 Vern-sur-Seiche, France
Coeur De Lotus ???????;façade rouge, 3 Rue du Parc, Derrière l’église : 1er étage, 35135 Chantepie, France
Breizh Harmonie;39 Rue de Châteaubriant, 35770 Vern-sur-Seiche, France
l'Orange bleue Wellness;24 Rue du Passavent, 35770 Vern-sur-Seiche, France
EN TOUTE DOUCEUR;15 Prom. Jeanne Malivel, 35230 Saint-Erblon, France
Essensiel Mabilais by Thalassa Esthétic;3 Rue Malakoff, 35000 Rennes, France
Essensiel Saint Helier by Thalassa Esthétic;13 Rue Saint-Hélier, 35000 Rennes, France
La Calicée | Massages Bien-Être & Formation Reiki LaHoChi-Ashati;9 Rue Edmond Rostand, 35135 Chantepie, France
L'Atelier du Bien-Être;Rue du Thureau, 89270 Vermenton, France
Valérie Lowenbrück;Rue du Thureau, 89270 Vermenton, France
L Instant Zen Sarl;22 Rue du Gén de Gaulle, 89270 Vermenton, France
L'Éveil de Galice | Head Spa & Maison de bien-être • YONNE;5 Les Grilots, 89116 Sépeaux-Saint Romain, France
Vermelles plage;Chem. de Cuinchy, 62980 Vermelles, France
Le Grand Marais;62980 Vermelles, France
Teno Anma - Massages Holistiques & Bien-être;24 Rte nationale, 62138 Auchy-les-Mines, France
Éclat d'Ange;138 Quater Rue Arthur Lamendin, 62980 Vermelles, France
institut Instant Bien-être;19 Rue Jean Jaurès, 62980 Vermelles, France
Centre 121s Minceur et bien-être;121 Rue Florent Evrard, 62980 Vermelles, France
Sinay Esthetic;63 Rue Arthur Lamendin, 62980 Vermelles, France
Emilie Vous Vernis;138 Rue Arthur Lamendin, 62980 Vermelles, France
Cyndra parc;Angle, 5 Rue Maubuisson, Rue du Pré Colette, 80700 Beuvraignes, France
Étang du Parc Urbain de Lomme;12 Rue du Château d'Isenghien, 59160 Lille, France
Parc de la Citadelle;Voie Piétonne du Bois de la Deûle, 59130 Lille, France
Les Mains d'Anna Massages du Monde;Pl. de la Mairie, 59237 Verlinghem, France
OCELLUM AQUA PARK;C. Carretera, 19, 49699 Milles de la Polvorosa, Zamora, Espagne
Gite & Spa le charme d'Ognes;55 Av. de la Liberté, 02300 Chauny, France
Domaine Les Saules - Hôtel - Restaurant - Spa en Baie de Somme;1075 Rue des Forges, 80120 Favières, France
Erawan spa détente & bien-être;12 Rue Franklin Delano Roosevelt, 27000 Évreux, France
Gite et SPA Chez Jules;25530 Vellerot-lès-Vercel, France
Le spa d ailly - One-Bedroom Apartment;80470 Ailly-sur-Somme, France
Hotel Spa Le Suisse;479 Rue Desrochers, Saint-Donat-de-Montcalm, QC J0T 2C0, Canada
Hotel & Spa Xalet Bringué;Avinguda les Subiranes s/n, AD300 El Serrat, Andorre
Dent Blanche Resort Hôtel & Spa Les 4 Vallées;Rte des Masses 83, 1987 Hérémence, Suisse
Park Hotel & Spa KATHARINA;Römerstraße 2, 79410 Badenweiler, Allemagne
Le SPA Source d'Equilibre;5-7 Rue de l'Angleterre, Rue d'Angleterre, 63140 Châtel-Guyon, France
Hôtel Colbert Spa & Casino;Jardin Antaninarenina, 29 rue Prince Ratsimamanga, Antananarivo 101, Madagascar
Maison privative SPA Jacuzzi Sauna Salle de jeux;24 Rue de Brumath, 67500 Weitbruch, France
Zen Eden Spa Mouscron;Rue du Calvaire 30, 7700 Mouscron, Belgique
Sébastien ANTOINE Masseur bien-être et praticien SPA certifié.;1 Rue des Sœurs, 67610 La Wantzenau, France
Gîte Clos Saint François Spa Wangenbourg;15 Imp. de l'Arche, 67710 Wangenbourg-Engenthal, France
Aquadeslys Spa Privatif;22 bis Rue Jean Jacques Rousseau, 59400 Cambrai, France
Ô spa saphir;92 Rue d'Ocre, 59500 Douai, France
La SPA - Refuge de Vannes;ZI du Prat, 29 Av. Edouard Michelin, 56000 Vannes, France
Les Saules Parc & Spa – Teritoria;Pl. du Marché, 01540 Vonnas, France
Marmotel & Spa - SOWELL COLLECTION;Front de neige, 04400 Uvernet-Fours, France
Love Room Spa & Cinéma privatifs - Cigalia;421 Av. d'Aix, 13320 Bouc-Bel-Air, France
LES 2 ALPES / VENOSC : Le Snug avec SPA ? Sauna ? Hammam ? Piscine;38520 Les Deux Alpes, France
SLPA SPA Refuge de Velaine en Haye;Parc de Haye, Allée des cornouillers, 54840 Bois-de-Haye, France
La SPA - Refuge de Vaux-le-Pénil;Rue des Prés Neufs, 77000 Vaux-le-Pénil, France
La Maison De Bel Air - Rum and Spa - Location villa en Martinique;Lotissement Bel Air - Quartier Bel Air Lot n°12, Le Vauclin 97280, Martinique
Chalet Hôtel & Spa Jeu de Paume;705 Rte du Chapeau, 74400 Chamonix-Mont-Blanc, France
Hôtel & Spa Le Faucigny;118 Pl. de l'Église, 74400 Chamonix-Mont-Blanc, France
La SPA - Refuge de Vallérargues;La Garrigue Lieu-dit, 30580 Vallérargues, France
Le Spa Des Lavandes;2519 Rte de Digne, 04210 Valensole, France
O Spa Room Valenciennes;184 Av. de Denain, 59300 Valenciennes, France
Le Spa est dans le Pré;249 La Gauterie, 45220 Triguères, France
Enjoy your life BOURGOIN-JALLIEU / Spa privatif / Jacuzzi / Lieux insolites et romantiques;45 Rue de l'Hôtel de ville, 38300 Bourgoin-Jallieu, France
Intemporel Suites & Spa - Le Minéral;260 Rue de l'Ancien Moulin, 60230 Chambly, France
Cabane Spa Bambou;1115 Chemin des Courroies, 26160 La Bégude-de-Mazenc, France
Luana SPA Boussois;6 Rue Anatole France, 59168 Boussois, France
LE DOMAINE 5* SAINT QUENIN - location de prestige - 30 personnes - piscine chauffée - SPA privatif - Mont Ventoux;600 Chem. Canten, 84110 Vaison-la-Romaine, France
Hotel & SPA Bringué;Av. de Sant Pere, 16, AD300 El Serrat, Andorre
LoveRoom avec SPA privatif Plélo;11 Rue des Écoles, 22170 Plélo, France
Love room spa 94;25 Rue Jules Vallès, 94600 Choisy-le-Roi, France
Hotel & Spa Monasterio de Boltaña;C. Latorrecilla, 2, 22340 Boltaña, Huesca, Espagne
L'ALIZÉE & SPA ****;vinty RN2 SAINTE-ROSE, 97115, Guadeloupe
Hôtel & Spa Le Saint Alexis;44 Rue du Boucan Canot, Saint-Paul 97460, La Réunion
Côté Cannelle et Spa chambre d'hotes de charme;63 Route de Fatima St Gilles les hauts, 97435, La Réunion
Lodge Roche Tamarin & Spa Village Nature;142 Chem. Boeuf Mort, La Possession 97419, La Réunion
L'Occitane Petit Spa - Angers;1 Rue David d'Angers, 49100 Angers, France
Hotel & Spa Real Ciudad de Zaragoza;Poligono, Carr. de Huesca, Km. 7, Cdad. del Transporte, 50820 San Juan de Mozarrifar, Zaragoza, Espagne
Hotel & Spa Real Villa Anayet;Pl. de Aragón, 8, 22880 Canfranc-Estación, Huesca, Espagne
Hotel & Spa Real Badaguás Jaca;C. la paul, 2, 22714 Jaca, Huesca, Espagne
Hotel Spa Balfagón Alto Maestrazgo;Av. Maestrazgo, 20, 44140 Cantavieja, Teruel, Espagne
Hotel Spa Aguas de los Mallos;CTRA DE JACA, 37, 22808 Murillo de Gállego, Huesca, Espagne
Hotel & SPA Peña Montañesa;Carretera de Aínsa a Francia, km 2, 22330 Aínsa, Huesca, Espagne
Hotel & Spa Ciudad de Binéfar;Av. de Aragon, 30, 22500 Binéfar, Huesca, Espagne
Hotel & Spa Termas Cacheuta;RP82 Km 38, M5549 Luján de Cuyo, Mendoza, Argentine
Hotel Spa Acevi Val d'Aran;Avenida Alcalde, Avenguda Baile Calbetó Barra, 20, 25530 Vielha, Lleida, Espagne
Aquazzi Spa Center;7 Bis Rue de Blazy, 32000 Auch, France
Hotel Llop Gris Restaurant & SPA Wellness;Camí Pont del Tarter, 12, AD100 El Tarter, Andorre
CHAMBRES D'HÔTES & SPA LE JARDIN DE RAVINTSARA;103 E Ancienne Route Nationale 3, 97432, La Réunion
Maison de village Barbentane avec spa - Three-Bedroom House;13570 Barbentane, France
L'Eden Spa Orly Aéroport;43 Rue de la Résistance, 94320 Thiais, France
"Arantza Hotela - Boutique Hotel Spa Eco ""Only Adults""";Aientsa Auzoa, 10, 31790 Arantza, Navarre, Espagne
Villa EAU LOIN avec spa privé et salle de jeux;60950 Ver-sur-Launette, France
Maison dans le Tarn avec Spa et Piscine;81500 Veilhes, France
Luxury spa vallon;1722 Chem. des Estrades, 07150 Vallon-Pont-d'Arc, France
Hôtel & Spa La Villa Port d'Antibes;8 Av. Frédéric Mistral, 06600 Antibes, France
The 1932 Hotel & spa Cap d'Antibes - MGallery Collection;5 Av. Saramartel, 06160 Antibes, France
Aïda Hôtel & Spa - Relais & Châteaux;Chem. du Béthania 1, 3963 Crans-Montana, Suisse
Hôtel Central Spa & Lounge Bar - Espace Bien-Être By VAGHEGGI - Crans-Montana;Pl. du Marché 5, 3963 Crans-Montana, Suisse
The Paxton Spa By Asian...;2 Av. Eugène Lamy, 77164 Ferrières-en-Brie, France
Hotel Spa Termes Carlemany;Av. Carlemany, 4, AD700 Escaldes-Engordany, Andorre
Au cœur du spa une loveroom romantique proche de Toulouse;8 Rue des Mimosas, 31190 Auterive, France
Rêve de SPA et beauté;49 Bis Rte de Menneville, 62240 Desvres, France
SALZANO Hotel - Spa - Restaurant;Seestrasse 108, 3800 Interlaken, Suisse
Oterrasian Spa Bordeaux Pessac;16 Av. Louis de Broglie, 33600 Pessac, France
Hotel – Spa – Restaurant Sonnenhof Lautenbach;Hauptstraße 51, 77794 Lautenbach, Allemagne
L‘ENTRE-DEUX Ô SPA / LE COTTAGE DU BIEN-ÊTRE;219 Rue Marcel Delommez, 59310 Landas, France
Centre de Soins Idéal Bien Etre et Santé Spa Hammam La Rochelle;30 Avenue du Grand Large - Centre Commercial Moulin des Chênes Verts, 17137 Nieul-sur-Mer, France
Le spa du soleil (HEAD SPA DUO ET SOLO);24 Bd du 4 Septembre, 13160 Châteaurenard, France
GREEN SPA Sauna Balneo Centre Agen - One-Bedroom Apartment;47000 Agen, France
Koru Hôtel et spa privatif;Rue du Piroy 67, 1367 Autre-Église, Belgique
Hotel SPA Abadía de los Templarios;Carretera Salamanca, km. 76, 37624 La Alberca, Salamanca, Espagne
Hôtel des Thermes Les Dômes;1 Av. Thermale, 03200 Vichy, France
Chaîne Thermale Du Soleil;1 Rue du Noyer, 67000 Strasbourg, France
Espace Thermal;1 Bd Albert Camus, 40100 Dax, France
Mondorf Domaine Thermal - Les Thermes;Av. des Bains, 5610 Mondorf-les-Bains, Luxembourg
Appartement tout équipé à 100 m du centre thermal;34240 Lamalou-les-Bains, France
Dorint Thermenhotel Freiburg;An den Heilquellen 8, 79111 Freiburg im Breisgau, Allemagne
Wellness Sport Camping Ax-les-thermes;N20, 09110 Ax-les-Thermes, France
Thermotel;3 Cr du Maréchal Joffre, 40100 Dax, France
Résidence des Thermes;55 Av. des Fontaines, 86270 La Roche-Posay, France
THERMISURE;45/47 Rue Victor Baloche, 91320 Wissous, France
Eden Hotel an Den Thermen;Thürachstraße 1, 79189 Bad Krozingen, Allemagne
Domaine des Thermes;Rue Noël Heine 36, 4340 Awans, Belgique
Thermae Boetfort Wellness & Hotel;Sellaerstraat 42, 1820 Melsbroek, Belgique
Le Château des Thermes;Rue Hauster 9, 4050 Chaudfontaine, Belgique
Mon Petit Orne Centre thermal Un-Séjour-à-Part - One-Bedroom Apartment;57120 Rombas, France
Chaine Thermale Du Soleil;211 Av. des Entrepreneurs, 83560 Vinon-sur-Verdon, France
Aquatherm Midi-Pyrenees;Zone artisanale de, Midi-Pyrenees, France FR, 13 Av. Michel Rocard, 31340 Villemur-sur-Tarn, France
Thermes Marins Monte-Carlo;2 Av. de Monte-Carlo
Les Thermes;
Résidence Thermotel;1 Rue Amiral Pierre, 52400 Bourbonne-les-Bains, France
Pure Thermal Résidence;Berthemont, 06450 Roquebillière, France
Grand Hôtel et Centre Thermal d'Yverdon-les-Bains;Av. des Bains 22, 1401 Yverdon-les-Bains, Suisse
Studio à deux pas du Casino et centre Thermal;86270 La Roche-Posay, France
Therm'Alliance de La Hauteville;21 Rte de l'Épinette, 78113 La Hauteville, France
EURL Corrèze Thermique;
Parc Thermal Brides-les-Bains;4 All. de la Source, 73570 Brides-les-Bains, France
Thermes de Pré-Saint-Didier;Allée des Thermes, 11010 Pré-Saint-Didier AO, Italie
Résidence Naturéo - Appartements centre thermal Chaudes-Aigues;27 Av. Georges Pompidou, 15110 Chaudes-Aigues, France
Source thermale chaude de Hetin-Sota;HGQ3+5H, Dangbo, Bénin
Appart'Hotel Garden & City Luxeuil (Résidence Le Métropole & Les Thermes);4 Av. des Thermes, 70300 Luxeuil-les-Bains, France
Mauritius Hotel & Therme;Mauritiuskirchpl. 3-11, 50676 Köln, Allemagne
Thermal Products France;rue du Lieutenant Gabriel Lalanne, 60640 Guiscard, France
Cures Thermales;8 Rue Bernard Niépce, 38580 Allevard, France
Chaine Thermale du Soleil;Pl. Mal Joffre, 66110 Amélie-les-Bains-Palalda, France
Hôtel des Thermes;Antsirabé 102, Madagascar
Thermal Argentina SA;Av. Larrazábal 2747, C1439 ECB, Cdad. Autónoma de Buenos Aires, Argentine
Appartement pour curistes ou vacanciers près du centre thermal et des stations;09110 Ax-les-Thermes, France
FROID THERMIQUE AUBAGNE climatisation pompe à chaleur Label RGE;144 impasse de la Baronnette, Rte de Napollon, 13400 Aubagne, France
Résidence Thermale de La Chaldette;La Chaldette, 48310 Brion, France
Hôpital Thermal;1 Rue Labadie, 40100 Dax, France
Thermal;
Laviel Confiserie Thermale;53 Rte de Paris, 03300 Cusset, France
Conseil National des Etablissements Thermaux C.N.E.T.H;1 Rue Cels, 75014 Paris, France
Centrale thermique d'Hornaing;59171 Hornaing, France
Parc Thermal de Royat;10a Av. Auguste Rouzaud, 63130 Royat, France
CHALEUR SURE - SANI THERM;196 Imp. de Grange Église, 69590 Saint-Symphorien-sur-Coise, France
Parc Thermal Chatel GUYON;Parc Thermal, 63140 Châtel-Guyon, France
Brit Hotel Confort Cambrai;560 R. de Bapaume, 59400 Fontaine-Notre-Dame, France
MAHOGANY HOTEL RESIDENCE & SPA;Pointe de la Verdure, Gosier 97190, Guadeloupe
Hotel restaurant le vieux logis;7 Rue des Arts, 32290 Aignan, France
HOTEL LES ACACIAS;21 Rue de l'Égalité, 30240 Le Grau-du-Roi, France
Hotel ibis Styles Le Puy en Velay;47 Bd Maréchal Fayolle, 43000 Le Puy-en-Velay, France
Victor's Residenz-Hotel Schloss Berg;Schloßstraße 27 -29, 66706 Perl-Nennig, Allemagne
greet hotel Orthez Bearn;1430 Av. Marcel Paul, 64300 Biron, France
B&B HOTEL Mont-de-Marsan;111 All. de Mamoura, 40090 Saint-Avit, France
Sporthotel Kenzingen;Breitenfeldstraße 51, 79341 Kenzingen, Allemagne
The Hollywood Hotel Cannes Airport;245 Av. Francis Tonner, 06150 Cannes, France
La Villa Bleue - Logis Hotels;31 All. Anne de Neubourg, 64250 Cambo-les-Bains, France
B&B HOTEL Beauvais;Rue de Saint-Ladre, 60000 Allonne, France
Zi Hotel&Lounge;Karlstraße 46, 76133 Karlsruhe-Südweststadt, Allemagne
B&B HOTEL Lyon Vénissieux;8 All. des Savoies, 69200 Vénissieux, France
B&B HOTEL Paris Nord 2 CDG Aéroport;ZAC Paris Nord, 335 Rue de la Belle Étoile 2, 95700 Roissy-en-France, France
The Passage Urban & Lifestyle Hotel;Steinengraben 51, 4051 Basel, Suisse
Hotel L’Aigle du Montana by Les Etincelles;318 Rue des Almes, 73320 Tignes, France
B&B HOTEL Avignon Sud Parc des Expositions;60 Rue du Bon Vent, 84140 Avignon, France
Monte Sereno | Luxury Villa Hotel;Strada Di Caramuntinu, 20144 Zonza, France
Mercure Grand Hotel Metz Centre Cathédrale;3 Rue des Clercs, 57000 Metz, France
ZENAO Appart'Hotel;23 Rue Rose Valland, 03400 Yzeure, France
B&B HOTEL Thionville Yutz Route du Luxembourg;ZI des Carolingiens, 38 Rue du Vieux Bourg, 57970 Yutz, France
Grand Hotel Urban;12 Ambatovinaky 101 Lalana Tsiombikibo, Antananarivo 101, Madagascar
Relais des Plateaux Hotel & Spa;Lot 66 B, Talatamaty, Madagascar
Anjary Hotel Antananarivo;3GR9+RC9, 89 rue de liege, Antananarivo 101, Madagascar
Iarimbato Hotel & SPA;Lot A P 30, Antananarivo 101, Madagascar
Delta Hotels by Marriott Antananarivo;Immeuble ALOE, Antananarivo 101, Madagascar
Sole Hotel;Rue Jean Jaures, Antananarivo, Madagascar
KARAT El Nogal Hotel Boutique & Spa;C. Camino-Real, S/N, 38614 La Escalona, Santa Cruz de Tenerife, Espagne
greet Hotel Colmar;83 Rte de Bâle, 68000 Colmar, France
Boutique-Hotel Die Reichsstadt;Engelgasse 33, 77723 Gengenbach, Allemagne
Wellnesshotel Landmann;OT, Kirchhausen, Hausmatt 3, 79585 Steinen, Allemagne
Hotel Petra;Oberdorfstraße 142, 72270 Baiersbronn, Allemagne
Hotel Palmenwald Schwarzwaldhof;Lauterbadstraße 56, 72250 Freudenstadt, Allemagne
Château Hochberg Hotel & Restaurant by LALIQUE;2 Rue du Château Teutsch, 67290 Wingen-sur-Moder, France
Hotel Am Triller;Trillerweg 57, 66117 Saarbrücken, Allemagne
Hotel Landgasthof Ratz - Sonja Cramer & Ed Schneider;Ziegelhof 3, 77866 Rheinau, Allemagne
Hotel Tearoom New Regina;Grote Markt 45, 8900 Ieper, Belgique
Aparthotel Adagio Lille Centre Grand Place;76 Rue de l'Hôpital Militaire, 59800 Lille, France
ILO HOTEL le domaine d Ilo;Andakana Route de Majunga - nationale 4 BP Antananarivo Anosiala, 101, Madagascar
B&B HOTEL Valenciennes Sud;Rue de Maugré - ZI N°2 Prouvy-Rouvignies, 59121 Prouvy, France
Hilton Geneva Hotel & Conference Centre;Rte François-Peyrot 34, 1218 Le Grand-Saconnex, Suisse
TANA Boutique Hotel;Tananarive, Madagascar
Brit Hotel Confort Roissy Saint-Witz;4 Rue Jean Moulin, 95470 Saint-Witz, France
Aparthotel Adagio Genève Mont Blanc;Rue Sigismond-Thalberg 4, 1201 Genève, Suisse
AKOA HOTEL;Tananarive, Madagascar
Klayman Diamond Aparthotel;Cl. Tabaiba, 5, 38683 Acantilados de Los Gigantes, Santa Cruz de Tenerife, Espagne
Alp'Hotel Voreppe;263 Rue de Beauvillage, 38340 Voreppe, France
hotelF1 Dole Jura;Zi Des Epenottes, Rue Alexandre Vialatte, 39100 Dole, France
Hotel Miramar;Avda. Coll, 2 Arrecife - Lanzarote, 35500 Arrecife, Las Palmas, Espagne
Hotel Ibis Issoire;Rue Jean Bigot, 63500 Issoire, France
Waldhotel Bad Sulzburg;Badstraße 67, 79295 Sulzburg, Allemagne
Hotel Grünwinkel Oberharmersbach;Grünwinkel 5, 77784 Oberharmersbach, Allemagne
Hotel Saliecho;Urbanización Formigal, 22640 Sallent de Gállego, Huesca, Huesca, Espagne
Hotel Blume Freiburg;Freiburger Str. 1, 79112 Freiburg im Breisgau-Opfingen, Allemagne
Premier Inn Saarbrücken City Centre Hotel;Faktoreistraße 2, 66111 Saarbrücken, Allemagne
Cit'Hotel Saint Pierre à Vire;20 Av. du Général Leclerc, 14500 Vire Normandie, France
B&B HOTEL Mâcon Sud;598 Route du Sud, 71000 Varennes-lès-Mâcon, France
Sheraton Laval Hotel;2440 A. des Laurentides, Laval, QC H7T 1X5, Canada
Confort Hotel;5 Av. des Érables, 95400 Villiers-le-Bel, France
Logis Hotel Noemys Morgon;275 Bd du Parc, 69910 Villié-Morgon, France
B&B HOTEL Strasbourg Nord Mundolsheim;4 Rue Thomas Edison, 67450 Mundolsheim, France
WHAT ELSE HOTEL;Parc Industriel de, Plaine de l’Ain, 240 All. de Curebourse, 01150 Saint-Vulbas, France
World hotel;345 All. de Curebourse, 01150 Saint-Vulbas, France
Hotel Restaurant Les Caudalies;20 Av. Pasteur, 39600 Arbois, France
Flackley Ash Hotel & Restaurant;Main St, Peasmarsh, Rye TN31 6YH, Royaume-Uni
Van der Valk Hotel Mons Congrès & Spa;Av. Mélina Mercouri 7, 7000 Mons, Belgique
Hotel Ibis;Rue Louise Michel, 08000 Villers-Semeuse, France
Royhotel;Rte de Rosières, 80700 Roye, France
Gr8 Hotel Breda;Bagven Park 3, 4838 EH Breda, Pays-Bas
Hotel de Draak;Grote Markt 36, 38, 4611 NT Bergen op Zoom, Pays-Bas
Grandhotel Giessbach;Giessbach, 3855 Brienz, Suisse
B&B HOTEL Chartres Le Coudray;Rue de la Maladrerie, 28630 Le Coudray, France
B&B HOTEL Béziers;Rue de l'Acropole, 34420 Villeneuve-lès-Béziers, France
Hotel Sur Le Quai;2 Quai Pierre Forgas, 66660 Port-Vendres, France
OKKO HOTELS Troyes Centre;12 Bd Carnot, 10000 Troyes, France
Hotel Le Relais des Cavaliers;5268 Route des Grandes Alpes, 06470 Villeneuve-d'Entraunes, France
Swiss Historic Hotel Masson | Restaurant Elise | Bar le Salon Bleu;Rue Bonivard 5, 1820 Veytaux, Suisse
Astra Hotel Vevey 4* (Montreux Riviera Lavaux);Pl. de la Gare 4, 1800 Vevey, Suisse
Welcome Hotel;3 Quai de l'Amiral Courbet, 06230 Villefranche-sur-Mer, France
Hotel la Bastie d'Urfé;La Bouriatte, 12700 Naussac, France
B&B HOTEL Lyon Aéroport Saint-Quentin-Fallavier;ZAC de Chesnes Ouest, Rue de Madrid, 38070 Saint-Quentin-Fallavier, France
Human Hotel Résidence;Rte de Draguignan, 83690 Villecroze, France
Hôtel restaurant Human Hotel;Route de Draguignan, Rte de Draguignan, 83690 Villecroze, France
Hotel ITC Sevilla by Soho Boutique;C. Santillana, 5, Casco Antiguo, 41004 Sevilla, Espagne
Monte-Carlo Bay Hotel & Resort;40 Av. Princesse Grace
Hôtel Victoria Lodge - Friendly Hotel & Restaurant;Av. du Prariond, 73150 Val-d'Isère, France
Hotel Mont Corbier;Lot. des Orgières, 73300 Corbier, France
Everness Hotel & Resort;Les Champs-Blancs 70b, 1279 Chavannes-de-Bogis, Suisse
Golf du Rova Luxury Hotel;Andakana, PK 20 Route Majunga, Antananarivo, Madagascar
le Chat'o Park Hotel;Lot 093 bis/1 MMA I Ivato, Antananarivo 105, Madagascar
Hotel Les Flots Bleu;Morondava Antehiroka, Lot 325 bis AFM, Antananarivo 105, Madagascar
Lokanga Boutique Hotel;lot VW 115 Ambohimitsimbina, Antananarivo 101, Madagascar
San Cristobal Boutique Hotel;MAI 33, Antananarivo 105, Madagascar
Valiha Hotel Antananarivo Antanimena;IMMEUBLE VALIHA ANTANIMENA, IVG 204 Antananarivo, 101, Madagascar
Hotel NH Imperial Playa;C. Ferreras, 1, 35008 Las Palmas de Gran Canaria, Las Palmas, Espagne
Le Moulin du Roc - Hotel & Restaurant;Brantôme en Périgord Dordogne - France FR, 1 Prom. des Lavandières, 24530 Champagnac-de-Belair, France
Hotel Seehof;Seehofstrasse 11, 8008 Zürich, Suisse
Hotel Sternen Oerlikon AG;Schaffhauserstrasse 335, 8050 Zürich, Suisse
Hotel ibis Dole Sud Choisey;Peage A39 Sortie 6, Espace Commerciale De, 16 Rue du Fourney, 39100 Choisey, France
Royal Regency Palace Hotel;R. Arthur Bernardes, 15 - Catete, Rio de Janeiro - RJ, 22220-070, Brésil
Hotel Les Genets;86 Av. du 8 Mai 1945, 64100 Bayonne, France
Lumaa Boutique Hotel;15 Grand Rue, 40480 Vieux-Boucau-les-Bains, France
B&B HOTEL Lille Lillenium Eurasanté;306 Rue Geneviève Anthonioz de Gaulle, 59000 Lille, France
B&B HOTEL Montluçon Centre;10 Quai Favières, 03100 Montluçon, France
Arrecife Gran Hotel & Spa;Parque Islas Canarias, s/n, Av. de la Mancomunidad, s/n, 35500 Arrecife, Las Palmas, Espagne
Sunny Garden Hotel;Routes Des Hydrocarbures, Enceinte Toyota Rasseta, Antananarivo 101, Madagascar
Enzo Hotels Vierzon by Kyriad Direct;Rte de Bourges, 18100 Vierzon, France
Hotel Oros;Plaça del Consell, 11, AD200 Encamp, Andorre
Hotel NH Collection Andorra Palomé;Carretera d'Arinsal s/n Arinsal, AD400 La Massana, Andorre
Hotel Sans Souci Wien;Burggasse 2, 1070 Wien, Autriche
Anantara Palais Hansen Vienna Hotel;Schottenring 24/1010, 1010 Wien, Autriche
Hotel Alfinden;C. Bo. Nuevo, 45, 50171 La Puebla de Alfindén, Zaragoza, Espagne
MAXX by Steigenberger Hotel Vienna;Margaretengürtel 142, 1050 Wien, Autriche
Eurostars Grand Hotel Wien;Kärntner Ring, 1010 Wien, Autriche
25hours Hotel Vienna at MuseumsQuartier;Lerchenfelder Str. 1/3, 1070 Wien, Autriche
BoutiqueHOTEL Donauwalzer;Hernalser Gürtel 27, 1170 Wien, Autriche
Small Luxury Hotel Das Tyrol;Mariahilfer Str. 15, 1060 Wien, Autriche
Austria Trend Hotel Savoyen Vienna;Rennweg 16, 1030 Wien, Autriche
Hotel Imperial;Kärntner Ring 16, 1010 Wien, Autriche
Best Western Premier Hotel Bordeaux Bayonne Etche-Ona;4 Rue Martignac, 33000 Bordeaux, France
B&B HOTEL Castres Centre Gambetta;26 Rue Jacques Limouzy, 81100 Castres, France
Hotel Loizu;C. San Nicolás, 13, 31640 Burguete, Navarra, Espagne
Apart Hotel des Cols;48 Rte des Cols, 65590 Bordères-Louron, France
Mercure Hotel Delémont;Pl. de la Poste 10, 2800 Delémont, Suisse
Hotel & Restaurant Röschenzerhof;Oberdorfstrasse 8, 4244 Röschenz, Suisse
Hotel Atlantis - Ramstein-Miesenbach;Ziegelhütte 1, 66877 Ramstein-Miesenbach, Allemagne
Hotel Poisson Rouge 3 étoiles;Caprille, 20169 Bonifacio, France
Comfort Hotel Grenoble Meylan;12 Chemin Du Vieux Chene Zirst, 38240 Meylan, France
La Réserve Genève Hotel and Spa;Rte de Lausanne 301, 1293 Bellevue, Suisse
Woods Hotel;65 Rue de l'Industrie, 01710 Thoiry, France
B&B HOTEL Reims Bezannes;2 Rue Henri Moissan, 51430 Bezannes, France
Sure Hotel by Best Western Reims Nord;1 Rue de Bernex, 51370 Saint-Brice-Courcelles, France
Café Hotel de l'Abbaye;3 rue du 8 mai 1945, 33180 Vertheuil, France
Hotel ibis Styles Villeneuve sur Lot;Rte de Fumel Zi Le Brignol, 47300 Villeneuve-sur-Lot, France
Lake Geneva Hotel;Rte de Suisse 79, 1290 Versoix, Suisse
Hotel Mercure Clermont-Ferrand Centre Jaude;1 Av. Julien, 63000 Clermont-Ferrand, France
Hotel Exe Oviedo Centro;C. de Pepe Cosmen, 1, 33001 Oviedo, Asturias, Espagne
Hotel Asturias;Pl. Mayor, 11, Centro, 33201 Gijón, Asturias, Espagne
Grand Hôtel Dauphiné Toulon - Boutique Hotel & Suites;10 Rue Berthelot, 83000 Toulon, France
Confort Hotel;1 Av. du Bois Vert, 77240 Vert-Saint-Denis, France
Hotel Emblemático San Marcos;C. Hércules, 11, 38430 Icod de los Vinos, Santa Cruz de Tenerife, Espagne
Hotel Exe Sevilla Palmera;C. Cardenal Ilundain, 28, 41013 Sevilla, Espagne
Hotel Ibis budget Villefranche-sur-Saône;Le Péage, 163 All. de Riottier, 69400 Limas, France
B&B HOTEL Lyon Sud États-Unis;51 Rue Roger Salengro, 69200 Vénissieux, France
Hotel Indigo Venice - Sant'Elena by IHG;Calle Buccari, 10, 30132 Sant'Elena, VE, Italie
Hotel San Gallo;Sotoportego del Cavalletto, 1093a, 30124 Venezia VE, Italie
EXCESS VENICE - Boutique Hotel & Private Spa;Fondamenta S. Sebastiano, 2542, 30123 Venezia VE, Italie
Sure Hotel by Best Western Dole;11 Rue Alexandre Vialatte, 39100 Dole, France
HOTEL AQUATEL (DINANT EVASION);Rue du Vélodrome 15, 5500 Dinant, Belgique
Hotel Chateau De Vignee;Rue de Montainpré 27, 5580 Rochefort, Belgique
Hotel Faubourg Galant Paris - Handwritten Collection;19 Rue Buffault, 75009 Paris, France
Hotel Motel One Saarbrücken;Schillerpl. 4, 66111 Saarbrücken, Allemagne
Aparthotel Adagio Paris Bercy Village;1-7 Cr du Minervois, 75012 Paris, France
B&B HOTEL Weil am Rhein/Basel;Zollstraße 14, 79576 Weil am Rhein, Allemagne
Hôtel Le Walt by Inwood Hotels;37 Av. de la Motte-Picquet, 75007 Paris, France
Hotel Puig Francó;Urbanització Font Rubí s/n, 17867, Girona, Espagne
Best Western Park Hotel;185 Av. du Mont Blanc, 01710 Thoiry, France
Hotel-Restaurant du Mouton Blanc;2 Grande Rue, 70130 Fresne-Saint-Mamès, France
Sunday Hotel Saarbruecken Sued;Zinzinger Str. 9, 66117 Saarbrücken, Allemagne
Hotel L'Ogustin;2 Place De l'Ormeau, 34520 La Vacquerie-et-Saint-Martin-de-Castries, France
Hotel Lacreu;Carretera de Baqueira, 2, 25598 Salardú, Lleida, Espagne
Ad-Cyber Hôtel | Hotel L'Union | Toulouse;Zone du Cantemerle Avenue Saint-Caprais Sud, 31240 L'Union, France
HOTEL PARIS VALENCE;140 All. des Cévennes, 26300 Bourg-de-Péage, France
Hotel & Restaurante Peña;N-230, Km 169, 25537 El Pont d'Arròs, Lleida, Espagne
Hotel des Deux Clefs;3 Rue du Conseil, 68230 Turckheim, France
Hotel Maharajah Mayotte;Rue du Commerce, Mamoudzou 97600, Mayotte
Wood Hotel & Spa;11 chemin de la Poudrière, Les Trois-Bassins 97426, La Réunion
B&B HOTEL Saint-Nazaire Trignac;Rue des Aigrettes, 44570 Trignac, France
B&B HOTEL Auray Carnac;5 Rue d'Irlande, 56400 Auray, France
B&B HOTEL Périgueux Boulazac;2 Imp. Denis Diderot, 24750 Boulazac Isle Manoire, France
Brit Hotel Confort Ampaline Périgueux Est;51 Av. Robert Desnos, 24750 Boulazac Isle Manoire, France
Hotel Pavillon de la Plage - Trebeurden;Rue de Pors Termen, 22560 Trébeurden, France
Grand Hotel Ala di Stura;Via Pian del Tetto, 2, 10070 Ala di Stura TO, Italie
HOTEL 2 ÉTOILES AU PETIT BONHEUR;164 Rue du Phare, 85360 La Tranche-sur-Mer, France
Hotel du Centre;1 Pl. du Centre, 85360 La Tranche-sur-Mer, France
Hotel Mercure Ajaccio;115 Cr Napoléon, 20090 Ajaccio, France
Hotel Avenida;Rda. de Outeiro, 99A, 15007 A Coruña, Espagne
Hotel Maximilian;Hauptstraße 435, 79576 Weil am Rhein, Allemagne
Ostal Pau Université - Sure Hotel Collection by Best Western;38 Rue Ronsard, 64000 Pau, France
Hotel ibis budget Rouen Sud Zénith;29, Avenue Maryse Bastié, Av. des Canadiens, 76800 Saint-Étienne-du-Rouvray, France
Wuau! Hotel Galanthus & Spa;Crta Gral. de França, km 17'500, AD100 Incles-Canillo, Andorre
Hotel Best Western Fontaine Argent;23 Av. Font Argent, 25000 Besançon, France
Appart'Hotel de la Tour;2 Rue de la Tour Boileau, 10000 Troyes, France
La Collada Hotel & Spa;km 155 Toses, N-260, KM 155, KM 155, 17537 La Molina, Girona, Espagne
Hotel Villa Paulita;Av. Pons i Gasch, 15, 17520 Puigcerdà, Girona, Espagne
Hotel Lacour;Mont-Dauphin - Guillestre - Gare FR, 765 route de la Gare, 05600 Eygliers, France
greet Hotel Bordeaux Aéroport;99 Av. John Fitzgerald Kennedy, 33700 Mérignac, France
B&B HOTEL Lorient Ploemeur;1 Pl. des Forces Françaises Libres, 56270 Ploemeur, France
Aquatis Hotel;Rte de Berne 148, 1010 Lausanne, Suisse
Hotel L'orée Des Bornes;51 Chem. de Charion, 74570 Fillière, France
B&B HOTEL La Rochelle Angoulins-sur-Mer;12 Av. des Fourneaux, 17690 Angoulins, France
Brit Hotel Quimper Sud;3 Av. Georges Pompidou, 29000 Quimper, France
Cit'Hotel les Eleis;58 Av. de la ville, 85200 Saint-Martin-de-Fraigneau, France
Eklo Hotels Paris Porte de Versailles;1 Rue du Moulin, 92170 Vanves, France
Comfort Hotel Etampes;Av. de Coquerive, 91150 Étampes, France
Hotel NH Luxembourg Airport;1 Rte de Treves, 2633 Niederanven, Luxembourg
Brit Hotel Bleu Nuit;1 Rue Pasteur, 17100 Saintes, France
Cit'Hotel des Messageries;Rue des Messageries, 17100 Saintes, France
Hotel L'Etable des Crosets;Hameau des Crosets, 1873 Val-d'Illiez, Suisse
HOTEL&SPA RESTAURANT;Route de Brest, Rue de Pont Christ, 29430 Plouescat, France
Hotel du Bois d'Arlon;Rte de Virton 356, 6700 Arlon, Belgique
Hotel Bhoma Troyes;5 Rue Descartes, 10600 La Chapelle-Saint-Luc, France
greet hotel Castets Coeur des Landes;Z.A.C de Gazalieu, 90 Imp. du Basile, 40260 Castets, France
Hotel SB Express Tarragona;Plaça Corts Catalanes, 4, 43005 Tarragona, Espagne
Hotel Augusta Vallès;AP-7, Km 12 5, 08410 Granollers, Barcelona, Espagne
Best Western Hotel Aurelia;124 Av. de la Vall. des Baux, 13520 Maussane-les-Alpilles, France
Appart-hotel Chanzy/ Angoulême;20 bis Rue du Dr Fernand Lamaze, 16800 Soyaux, France
HOTEL VILLA GLANUM & SPA;46 Av. Vincent Van Gogh, 13210 Saint-Rémy-de-Provence, France
Hotel Le Glacier;Lalana Rabefiraisana, Antananarivo 101, Madagascar
Brit Hotel Pays de Vitré;Zone Piquet Nord, RD 178, 35370 Étrelles, France
The Merton Hotel;Belvedere Hill, Jersey JE4 9PG, Jersey
B&B HOTEL Bordeaux Est;6 Parc Tertiaire Fenelon, 33370 Tresses, France
B&B HOTEL Aachen-Würselen;Adenauerstraße 27, 52146 Würselen, Allemagne
Best Western Bridge Hotel Lyon East;Rte du Pont, 69330 Jons, France
Tulip Hotels & Residences Joinville-Le-Pont;16 Av. du Général Gallieni, 94340 Joinville-le-Pont, France
Mabi City Centre Hotel;Kleine Gracht 24, 6211 CB Maastricht, Pays-Bas
Hotel Castel;67 Rue Général Thiry, 54230 Neuves-Maisons, France
Hotel Grèvol Spa;Avinguda de les Saletes, 7, 17869 Llanars, Girona, Espagne
Hotel Best Western Saint Exupery Bordeaux Ouest;4 All. Maryse Hilsz, 33320 Eysines, France
B&B HOTEL Metz Semécourt;Rue du Patural, 57280 Semécourt, France
Greet Hotel Bourg-en-Bresse Sud Montagnat;Rte de Certines, 01250 Montagnat, France
Hotel de L' Océan;2 Rue des Sables Blancs, 29900 Concarneau, France
B&B HOTEL Lyon Saint-Bonnet Mi-Plaine;Rue Jacques Vaucanson, 69720 Saint-Bonnet-de-Mure, France
The Atlantic Hotel;Mont de la Pulente, Jersey JE3 8HE, Jersey
L'Horizon Beach Hotel & Spa;La Route de la Baie, Jersey JE3 8EF, Jersey
Maritim Hotel Köln;Heumarkt 20, 50667 Köln, Allemagne
SAVOY Hotel;Turiner Str. 9, 50668 Köln, Allemagne
B&B HOTEL Auxerre Monéteau;Av. de l'Europe, 89470 Monéteau, France
Best Western The Hotel Versailles;Av. Morane Saulnier, 78530 Buc, France
Hotel Am Westend;Schwarzwaldstraße 97, 77933 Lahr/Schwarzwald, Allemagne
Hotel Balneari Termes Orion;Veïnat de Vall, s/n, 17430 Santa Coloma de Farners, Girona, Espagne
Hotel Ibis Cholet;Avenue Des Sables D'Olonne, 49300 Cholet, France
Hotel de L'Avenue - Tana City Centre;26 Av. de L'Independance, Antananarivo 101, Madagascar
Schwarzwald Hotel Silberkönig GmbH & Co. KG Familie Birmelin Ringhotel & Restaurant St. Georg Stube;Silberwaldstraße 24, 79261 Gutach im Breisgau, Allemagne
Le Manganao Hotel;lieu-dit Bellevue, N4, Saint François 97118, Guadeloupe
The Old Government House Hotel & Spa;Ann's Place, Guernsey GY1 2NU, Guernesey
ILOMA - Hotel Corail Résidence;Anse Mabouya, Sainte-Luce 97228, Martinique
Hotel Mercure Kourou Ariatel;Avenue De St Exupéry, Kourou 97310, Guyane française
Palm Hotel & Spa;43 Rue des Mascarins, Grande Anse, Petite Ile 97429, La Réunion
AKOYA HOTEL & SPA;6 Imp. des Goélands, Saint-Paul 97434, La Réunion
Hotel Real Jaca & Spa;C. Membrilleras, 7, 22700 Jaca, Huesca, Espagne
Légère Hotel Luxembourg;11, rue Gabriel Lippmann, Parc d'Activite Syrdall, 5365 Munsbach, Luxembourg
Van der Valk Hotel Antwerp;Luitenant Lippenslaan 66, 2140 Antwerpen, Belgique
HOTEL KAISERHOF WIEN;Frankenberggasse 10, 1040 Wien, Autriche
Vienna Marriott Hotel;Parkring 12a, 1010 Wien, Autriche
Lindner Hotel Vienna Am Belvedere - JDV by Hyatt;Rennweg 12, 1030 Wien, Autriche
Hotel NH Wien Belvedere;Rennweg 12A, 1030 Wien, Autriche
Brit Hotel Mayenne;2 Rte de Saint-Baudelle, 53100 Mayenne, France
The Club Hotel & Spa;Hotel & Spa, The Club, Green St, St Helier JE2 4UH, Jersey
Amaya Hotel Autoroute A10 Bordeaux Nord Direct;Hotel Amaya, 66 Av. de la Libération, 33440 Ambarès-et-Lagrave, France
Ames Hotel & SPA;Rruga Duro Shaska, Vlora, Albanie
Ego Hotel Ancona;Via Flaminia, 220, 60126 Ancona AN, Italie
SeePort Hotel;Via Rupi di Via XXIX Settembre, 12, 60122 Ancona AN, Italie
Seebay Hotel;Via Poggio, 160, 60129 Portonovo AN, Italie
Hotel Balneario Areatza;Askatasuna, 50 bis, 48143 Areatza, Biscay, Espagne
Le Méridien Ra Beach Hotel & Spa;Av. del Sanatori, 1, 43880 El Vendrell, Tarragona, Espagne
Hotel Balneario Alhama de Aragón;C. de San Roque, 1-6, 50230 Alhama de Aragón, Zaragoza, Espagne
Hotel Balneario de la Virgen;Carretera Campillo, Ctra. Calmarza, 50237 Jaraba, Zaragoza, Espagne
Spa Hotel Ciudad de Teruel;Av. los Hostales, 1, 44195 Teruel, Espagne
Hotel MasMonzón;P.º de San Juan Bosco, 10, 22400 Monzón, Huesca, Espagne
Hotel Sancho Abarca Petit Spa;C. Coso Alto, 52, 22003 Huesca, Espagne
Hotel Silken Ordesa;Av. de Ordesa, s/n, 22376 Torla-Ordesa, Huesca, Espagne
Hotel Santa Cristina Petit Spa;Antigua Carretera de Francia, s/n, 22880 Canfranc-Estación, Huesca, Espagne
Balneario Vilas del Turbón - Hotel Balneario de Aragón en el pirineo de Huesca;Calle Única, 22451 Las Vilas del Turbón, Huesca, Espagne
B&B HOTEL Beaune Nord;20 Rue du Tacot, 21420 Savigny-lès-Beaune, France
Windsor Martinique Copacabana Hotel;R. Sá Ferreira, 30 - Copacabana, Rio de Janeiro - RJ, 22071-100, Brésil
Hilton Hotel Tahiti;Auae Faaa, Papeete 98713, Polynésie française
Hotel Mercure Han-sur-Lesse;Rue Joseph Lamotte 18, 5580 Rochefort, Belgique
Brit Hotel Dak'Hôtel;119 Rue de Lyon, 89200 Avallon, France
Domaine Saint-Loup - Hotel Alsace;1 Rue Principale, 68700 Aspach-Michelbach, France
Hotel Paon d'or;Tananarive 101, Madagascar
Ulises Hotel;C. Camoens, 5, 51001 Ceuta, Espagne
Lodges Hotel Morges;Av. de Plan 12, 1110 Morges, Suisse
Sofhotel;57 Rue du Mal Leclerc, 76440 Forges-les-Eaux, France
Iloha Seaview Hotel;Pointe des Châteaux, 44 Rue Georges Pompidou, Saint-Leu 97436, La Réunion
BRIT HOTEL Baillet-en-France;9 Av. du Bosquet, 95560 Baillet-en-France, France
Retaj Moroni Hotel;Avenue, Soihili, Moroni, Comores
Nacala Plaza Business Design Hotel;CMXH+5XJ, Baixa cidade Nacala, Nacala, Mozambique
Hotel Catalonia Hispalis;Av. de Andalucía, 52, 41006 Sevilla, Espagne
Hotel Piedra Paloma;N-340, 148, 29680 Estepona, Málaga, Espagne
Hotel Jersey;4 Rue de la Sablière, 50270 Barneville-Carteret, France
Hotel Ile de Ré;65 Av. du Passage des Boeufs, 17580 Le Bois-Plage-en-Ré, France
B&B HOTEL Kehl;Allensteiner Str. 15, 77694 Kehl, Allemagne
Mice Collection Hotel Trier;Zurmaiener Str. 164, 54292 Trier-Nord, Allemagne
La Pagerie - Tropical Garden Hotel;Rue du chacha, la pointe du bout, Les Trois-Îlets 97229, Martinique
Hotel Bakoua;Les Trois-Îlets 97229, Martinique
Hostellerie Du Paon Blanc Fasthotel Oloron | Hôtel-Restaurant-SPA;Route des Thermes, 64660 Lurbe-Saint-Christau, France
Hotel Babot;Ctra. del Coll d'Ordino, AD300 Ordino, Andorre
The View Hotel Eastbourne;The View Hotel, Grand Parade, Eastbourne BN21 4DN, Royaume-Uni
Hotel Stadio San Bonifacio Verona;Via Fiume, 14/A, 37047 San Bonifacio VR, Italie
AAAA Hotelwelt GmbH;Bismarckstraße 39 - 43, 76133 Karlsruhe-Innenstadt-West, Allemagne
B&B HOTEL Bordeaux Mérignac Hôtel de Ville;45 Rue Jacques Prévert, 33700 Mérignac, France
B&B HOTEL Marne-la-Vallée Torcy Vaires;ZAC des Coteaux de la Marne, 1 rue Valériane, 77200 Torcy, France
B&B HOTEL Mulhouse Sausheim;ZA - Ile Napoleon, Rue du Jura CD 201, 68390 Sausheim, France
B&B HOTEL Saarbrücken-Ost;Mainzer Str. 171, 66121 Saarbrücken, Allemagne
Best Western Hotel Trier City;Kaiserstraße 29, 54290 Trier, Allemagne
Brit Hotel Codalysa Marne La Vallée - Torcy;2 Rue Charlie Chaplin, 77200 Torcy, France
BYPILLOW Irala | Boutique hotel en Iralabarri;Pablo Picasso Kalea, 13, Errekalde, 48012 Bilbao, Bizkaia, Espagne
Chalet Hotel Gai Soleil;288 Chem. des Loyers, 74170 Les Contamines-Montjoie, France
Eklo Hotels Lyon Sud Eurexpo;2 Rue Simone Veil, 69200 Vénissieux, France
Eurostars Gran Hotel Lugo;Av. Ramón Ferreiro, 21, 27002 Lugo, Espagne
Everhotel Route 64 - Brit Hotel Tarbes Ibos;5 Rue D'isaby Parc Des Pyrénées, Tarbes, 65420 Ibos, France
GAIA Hotel Basel;Centralbahnstrasse 13, 4002 Basel, Suisse
Grand Hotel Maury;9 Pl. de la République, 46400 Saint-Céré, France
Greenhills Country House Hotel & Restaurant;Le Mont de L'Ecole St Peter's Valley La, Rue l'Aleval, JE3 7EL, Jersey
Hotel Ai Due Fanali;Campiello San Simeon Grande, 946, 30125 Venezia VE, Italie
Hotel Christiania & Restaurant & Bar;407 Rte du Front de Neige, 74260 Les Gets, France
HOTEL DU TOURING;10 Pl. de la République, 46400 Saint-Céré, France
Hotel et Residence Sarcelles;1 Rue du Père Heude, 95200 Sarcelles, France
Hotel Garotel;90 Av. Jean Jaurès, 78500 Sartrouville, France
Hotel HotelF1 Metz Actipole;13 Rue des Selliers, 57000 Metz, France
Hotel LA PLACE;19 Pl. du Marché, 18200 Saint-Amand-Montrond, France
Hotel NH Collection Heidelberg;Bergheimer Str. 91, 69115 Bergheim-Ost, Allemagne
Hotel Restaurant de l'Europort;Zone Europort, Rte de Haslach, 57500 Saint-Avold, France
Hotel Restaurant Domaine de Sangayrac;7 rue du college de la viadene, 7 Rue du Collège de la Viadène, 12460 Saint-Amans-des-Cots, France
Hotel Restaurant Kurparkblick by Sleep Hotels;Kurtalstraße 47, 76887 Bad Bergzabern, Allemagne
Hotel Restaurant Les Pins;112 Rte de Strasbourg, 67500 Haguenau, France
Hotel Rolland;01470 Montagnieu, France
Hotel Villa De Sallent;Av. de los Pirineos, s/n, 22640 Formigal, Huesca, Espagne
hotelF1 Roissy CDG PN2 (rénové);335 Rue de la Belle Étoile, 95700 Roissy-en-France, France
Logis Hotel Restaurant Le Mas de l'Olivier;1475 Av. du Général de Gaulle, 30130 Pont-Saint-Esprit, France
My Hotel;4 bis Av. des Érables, 95400 Villiers-le-Bel, France
Pràcatinat Hotel & Restaurant;Località Prà Catinat, 2, 10060 Fenestrelle TO, Italie
Premier Inn Mannheim City Centre Hotel;Heinrich-von-Stephan-Straße 18, 68161 Mannheim, Allemagne
Residence service AppartHotel Torcy;6 Rue Charlie Chaplin, 77200 Torcy, France
Sheraton Zurich Hotel;Pfingstweidstrasse 100, 8005 Zürich, Suisse
TULIP Hotels & Residences - Marne-La-Vallée Torcy;3 Av. Jean Moulin, 77200 Torcy, France
Romantik Hotel Landschloss Fasanerie;Fasanerie 1, 66482 Zweibrücken, Allemagne
"Hotel restaurant ""L'auberge de germ""";Le Village, 65240 Germ, France
Soko Hotels - Pont du Gard;24 Av. du Pont du Gard, 30210 Remoulins, France
BRUN HOTEL PRINCESS;Rue des Lavandières, 66820 Vernet-les-Bains, France
Hotel du parc;17 Pl. Marty, 24380 Vergt, France
Hotel Carline;3 Rue des Prés, 17330 Vergné, France
B&B HOTEL Dijon Centre;5 Rue du Château, 21000 Dijon, France
Hotel La Residence;4 Bd Président René Coty, 76790 Étretat, France
Sure Hotel by Best Western Tours Sud;2 Mail de la Papoterie, 37170 Chambray-lès-Tours, France
hotelF1 Verdun;"Lieu-Dit ""La Bévaux, 50 Av. de Metz, 55100 Verdun, France"
Hotel Santa María Briones;C. Concepción, 37, 26330 Briones, La Rioja, Espagne
Hotel Chateau Ventenac;17 Cr du Château, 11120 Ventenac-en-Minervois, France
B&B HOTEL Auxerre Bourgogne;2 Rue d'Athènes, 89470 Monéteau, France
Logis Hotels Le Moulin de la Coudre;8 Rue des Gravottes, 89290 Venoy, France
Hotel Ibiza;18 Rue du Cairou, 38860 Les Deux Alpes, France
Hotel Au Bon Accueil;10 Les Ougiers, 38520 Les Deux Alpes, France
B&B HOTEL Lyon Saint-Priest;25 Rue Jean Zay, 69800 Saint-Priest, France
B&B HOTEL Lyon Centre Monplaisir;9 Rue Antoine Lumière, 69008 Lyon, France
B&B HOTEL Aix-en-Provence Venelles;102 Av. des Logissons, 13770 Venelles, France
B&B HOTEL Strasbourg Nord Industrie;15 Rue de l'Industrie, 67550 Vendenheim, France
B&B HOTEL Strasbourg Nord Artisans;Rue des Artisans, 67550 Vendenheim, France
Hotel Le Marin - Hotel Montalivet;18 Av. de l'Océan, 33930 Vendays-Montalivet, France
Hotel de France;1 Rte de Lesparre, 33930 Vendays-Montalivet, France
Hotel de L'Europe;2 Av. de l'Océan, 33930 Vendays-Montalivet, France
HOTEL VILLA ROSERAIE;Hôtel villa roseraie, 128 Av. Henri Giraud, 06140 Vence, France
Aparthotel Adagio access Vanves Porte de Châtillon;5 Rue Aristide Briand, 92170 Vanves, France
B&B HOTEL Annemasse Saint-Cergues;104 Rte des Voirons, 74140 Saint-Cergues, France
Garlande Hotel Avignon Centre;20 Rue Galante, 84000 Avignon, France
B&B HOTEL Royan La Palmyre;Rue des Pâquerettes, 17640 Vaux-sur-Mer, France
hotel F1 Lyon Vaulx Village Villeurbanne;1 Av. d'Orcha, 69120 Vaulx-en-Velin, France
Hotel du Golf;18 Av. Marc de la Haye, 27100 Le Vaudreuil, France
Hotel NH Tenerife;C. Candelaria, 3, 38003 Tenerife, Santa Cruz de Tenerife, Espagne
Elba Estepona Gran Hotel & Thalasso Spa;Carretera Estepona-Cádiz, km 151, 29680 Estepona, Málaga, Espagne
Hotel de la Plage;13 Rue de la Grande Fontaine, 43400 Le Chambon-sur-Lignon, France
B&B HOTEL Paris Malakoff Parc des Expositions;2 Bd Charles de Gaulle, 92240 Malakoff, France
Hotel de la Poste;LIEU-DIT HOTEL DE LA POSTE, 396 Rue des Grandes Alpes, 73450 Valloire, France
Hotel Le Tatami;185 Chem. des Granges 73450, 73450 Valloire, France
hotel du parc;Carrefour des hommes, L'Esperou, 30570 Val-d'Aigoual, France
Brit Hotel Avignon Sud - Le Calendal;La Cristole, 87 Rue du Bon Vent, 84140 Avignon, France
LOGIS HOTEL LES VIGNES BLANCHES;67 Av. de Farciennes, 30300 Beaucaire, France
B&B HOTEL Valence Sud;51 Av. des Auréats, 26000 Valence, France
Hotel Altitude - Val d'Isère;Rue de la Face, 73150 Val-d'Isère, France
Hotel La Savoyarde;Rue Noël Machet, 73150 Val-d'Isère, France
B&B HOTEL Brignoles;Rte François Dufort, 83170 Brignoles, France
Hotel-Restaurant Hostelou Lou Valen Le Val;Route de Bras- Chemin des Jeannets, 83143 Le Val, France
LA KANTINE RESTAURANT-TRAITEUR - HOTEL LES VOYAGEURS;8 Rue de Lattre de Tassigny, 85150 Vairé, France
HOTEL Le Moulin de Léré;270 Rte de Léré, 74470 Vailly, France
BRIT HOTEL essentiel Clermont l'Hérault;Espace Jules Milhaud, 12 rue du Mourvèdre, 34800 Clermont-l'Hérault, France
Hotel Restaurant La Chaumière Du Lac;21 Rue du Sauveur, 39130 Clairvaux-les-Lacs, France
Hotel Restaurant Erreguina;Erreguina, 64430 Banca, France
Hotel am Park in Rust beim Europa-Park;Austraße 1, 77977 Rust, Allemagne
greet hotel Cernay Mulhouse;Pl. des Etoiles 7, 68700 Cernay, France
Boutique Hotel Villa Fabulite;150 Trav. des Nielles, 06160 Antibes, France
Hotel L'Ébène Verte;364 Allée du Grand Matoury, Matoury 97351, Guyane française
Balance Hotel am Blauenwald;Blauenstraße 11, 79410 Badenweiler, Allemagne
Hotel Checkin Diamar;Av. Fred Olsen, 8, 35500 Arrecife, Las Palmas, Espagne
Hotel Costa Calero Talaso & Spa;Urbanización, s/n, 35571 Puerto Calero, Las Palmas, Espagne
Grand Hotel du Parc;Rue du Parc 5, 3963 Crans-Montana, Suisse
B&B HOTEL Annecy Cran-Gevrier;16 Rte de Nanfray, 74960 Annecy, France
Hotel i Apartaments Vilagaros;Carrer de la Carretera, 5, 25539 Garòs, Lleida, Espagne
B&B HOTEL Metz Est Technopole Pôle Santé;Rue du Jardin d'Ecosse Rue des, 57530 Ars-Laquenexy, France
Best Western Victor's Residenz-Hotel Rodenhof;Kálmánstraße 47-51, 66113 Saarbrücken, Allemagne
Hotel-Restaurant Kunz;Bottenbacher Str. 74, 66954 Pirmasens, Allemagne
Brit Hotel Bressuire;Espace de Bocapole, 4 Bd de Thouars, 79300 Bressuire, France
Hotel Capo Rosso - Restaurant Le Neptune;Route des Calanques, 20115 Piana, France
Hotel Monte Triana;C. Clara de Jesús Montero, 24, 41010 Sevilla, Espagne
abba Sevilla hotel;Pl. de la Encarnación, 19, Casco Antiguo, 41003 Sevilla, Espagne
Suites Plaza Hotel & Wellness Andorra;Carrer Prat de la Creu, 88, AD500 Andorra la Vella, Andorre
Hotel Yomo Cèntric;Av. Meritxell 87-89 (pedestrian street Direct access to garage by, Carrer Pau Casals, 7, AD500 Andorra la Vella, Andorre
Hotel LeVouglans;12 Rue des Fossés, 39270 Orgelet, France
Restaurant hotel du Château;Rue de la Balme, 24220 Beynac-et-Cazenac, France
De Brauhotel Bascharage;1 Bd J.F. Kennedy, 4930 Bascharage Käerjeng, Luxembourg
Van der Valk Hotel Luxembourg-Arlon;Rte de Longwy 596, 6700 Arlon, Belgique
Hotel Crystal;Gersweilerstraße 39a-43, 66117 Saarbrücken, Allemagne
Hotel zur Pfalz;Marktstraße 57, 76870 Kandel, Allemagne
Schlosshotel Bergzaberner Hof;Königstraße 55-57, 76887 Bad Bergzabern, Allemagne
Victor's Residenz-Hotel Saarlouis;Bahnhofsallee 4, 66740 Saarlouis-Roden, Allemagne
Hotel du Centre;403 Rue du Lapidaire, 01410 Lélex, France
B&B HOTEL Le Havre Centre;126 Cr de la République, 76600 Le Havre, France
B&B HOTEL Arcachon Gujan Mestras;1 Av. des Loisirs, 33470 Gujan-Mestras, France
Hotel & Aparthotel Alizé Mouscron;Pass. Saint-Pierre 34, 7700 Mouscron, Belgique
2 star tourist Hotel Le Bellerive;29 Av. de la Tour, 87470 Peyrat-le-Château, France
Hotel Mentana;Via Morigi, 2, 20123 Milano MI, Italie
AC Hotel Brescia;Via Giulio Quinto Stefana, 3, 25126 Brescia BS, Italie
Hotel De Ville;Via Paul, 37010 Marciaga VR, Italie
Best Western Hotel de Paris;22 Rue de la Paix, 53000 Laval, France
Private Hotel;Route de Palombaggia, 20137 Porto-Vecchio, France
Hotel Sonnenhof;Bismarckstraße 23, 75323 Bad Wildbad, Allemagne
Hotel - Restaurant Sonne;Hauptstraße 23, 77723 Gengenbach, Allemagne
Hotel NH Geneva Airport;Av. de Mategnin 21, 1217 Meyrin, Suisse
Hotel de Champagne;19 Av. Jean Pierre Timbaud, 52100 Saint-Dizier, France
hotelF1 Saint Dizier;Rte de Bar le Duc, 52100 Bettancourt-la-Ferrée, France
HOTEL OASIS;Quartier du Désert, La Désirade 97127, Guadeloupe
Hotel NH Bern The Bristol;Schauplatzgasse 10, 3011 Bern, Suisse
B&B HOTEL Châteauroux Aéroport;Avenue Georges Hennequin, 36130 Déols, France
Sure Hotel by Best Western Rouvignies Valenciennes Aéroport;90 Rue Louis Dacquin ZI N2, 59220 Rouvignies, France
Aparthotel Area;Zae du, 6 Chem. Vert, 95340 Persan, France
easyHotel Paris-Charles de Gaulle;10 Rue de la Belle Borne, 93290 Tremblay-en-France, France
B&B HOTEL Troyes Magasins d'usine;1 Voie du Prince, 10150 Lavau, France
Hotel ibis Budget Université;Rue Héraclite, 72000 Le Mans, France
514 Appart Hotel;7 Chem. de Montlegun, 11000 Carcassonne, France
Hotel Chateau Du Bois Noir;Le Bois Noir, Perpezac-le-blanc, 19310, France
MiHotel - Les Suites du Grenier à Sel;250 Rue des Rondes, 01800 Pérouges, France
Häfner’s Flair Hotel Adlerbad;Kniebisstraße 55, 77740 Bad Peterstal-Griesbach-Griesbach, Allemagne
Brit Hotel Confort La Rochelle-Bistrot Les Temps Modernes;2 Rdpt de la République, 17180 Périgny, France
B&B HOTEL Cambrai;Rue René Descartes, 59267 Proville, France
Gran Hotel Nagari Boutique & Spa;Praza de Compostela, 21, 36201 Vigo, Pontevedra, Espagne
Hotel Du Berry;1 Rte de Chateaumeillant, 18270 Culan, France
Hotel NH Ourense;Rúa Celso Emilio Ferreiro, 24, 32004 Ourense, Espagne
Greet Hotel;Le Levray Activity Zone, 19 Rte de Nanfray, 74960 Annecy, France
B&B HOTEL Clermont-Ferrand A71/A75 La Méridienne;3 Imp. Kepler, 63100 Clermont-Ferrand, France
B&B HOTEL Marne-la-Vallée Chelles;ZAC La Tuilerie, 6 Rue de l'Ormeteau, 77500 Chelles, France
B&B HOTEL Kaiserslautern;Barbarossastraße 2, 67655 Kaiserslautern, Allemagne
HELIOPARK Bad Hotel zum Hirsch;Hirschstraße 1, 76530 Baden-Baden, Allemagne
Hotel Ibis Styles de Quiberon;43 Rue de Port Haliguen, 56170 Quiberon, France
HOTEL LE CHANTILLY;9 Pt Pl. Omer Vallon, 60500 Chantilly, France
Hotel Serrano;R. Taváres Cavalcante, 27 - Centro, Campina Grande - PB, 58400-185, Brésil
Hotel D - Basel;Blumenrain 19, 4051 Basel, Suisse
Grand Hotel;10 Bd Latourette, 04300 Forcalquier, France
Lodge Park Hotel & Spa;Carretera General 2, n.19, AD100 Soldeu, Andorre
Aparthotel Adagio Paris Buttes Chaumont;3 - 5 Cr du 7ème art, 75019 Paris, France
Hotel le Saint Vorles;1 Rue Président Carnot, 21400 Châtillon-sur-Seine, France
Premier Inn Karlsruhe City Am Wasserturm Hotel;Fautenbruchstraße 48, 76137 Karlsruhe, Allemagne
Hotel ibis Besançon Centre Ville;21 Rue Gambetta, 25000 Besançon, France
hotelF1 Fougères;8 Rue Des Compagnons D'Emmaus, Bd de Groslay, 35300 Fougères, France
Brit Hotel Reims Nord - Bistrot Le Neuville;1 Rue Bertrand Russel-Neuvillette, 51100 Reims, France
Hotel Mercure Chambery Centre;183 Pl. de la Gare, 73000 Chambéry, France
Pomme d’Or Hotel;Liberation Square, Jersey JE1 3UF, Jersey
Premier Inn Jersey St Helier (Bath Street) hotel;Merchants Square, Bath St, St Helier JE2 4BF, Jersey
Hotel de France;St Saviour's Rd, Jersey JE1 7XP, Jersey
B&B HOTEL Nancy Laxou Zénith;Rue du Saulnois, 54520 Laxou, France
B&B HOTEL Lens Noyelles-Godault;12 Rue de Beaumont Lotissement Quiery 2, 62950 Noyelles-Godault, France
Hotel Cristina;Le Mont Felard Jersey, Le Mont Felard, St Aubin JE3 1JA, Jersey
Hotel Les Capitouls Toulouse Centre - Handwritten Collection;29 All. Jean Jaurès, 31000 Toulouse, France
PLATINIUM HOTEL;Krefelder Str. 52, 52070 Aachen, Allemagne
hotelF1 Cergy;3 Av. des 3 Fontaines, 95000 Cergy, France
B&B HOTEL Cergy Port;3 Av. du Parc, 95000 Cergy, France
café & hotel du Siècle;71 Av. Louis Coudant, 58340 Cercy-la-Tour, France
hideauts hotels Le Chevalier bleu;21 Rue Saint-Jacques, 24540 Monpazier, France
Hotel du Nord;Höheweg 70, 3800 Interlaken, Suisse
Victor's Residenz-Hotel Saarbrücken;Deutschmühlental 19, 66117 Saarbrücken, Allemagne
Kloster Hornbach Hotel / Beer Garden;Im Klosterbezirk 1, 66500 Hornbach, Allemagne
Golden Lakes Hotel;Route de la Plate Taille 51 Bis, 6440 Froidchapelle, Belgique
Best Western Plus Hotel Plaisance;96 Av. de la Libération, 69400 Villefranche-sur-Saône, France
Hotel Batuecas;Av. Batuecas, 4, 37624 La Alberca, Salamanca, Espagne
Angelicae Thalasso Pleine Nature;14 Rue de Boujan, 34490 Corneilhan, France
Les Corallines Thalasso & Resort - La Grande Motte;615 All. de la Plage, 34280 La Grande-Motte, France
Thalazur Saint-Jean-de-Luz;Pl. Maurice Ravel, 64500 Saint-Jean-de-Luz, France
Thalassothérapie Thalazur Cabourg;44 Av. Charles de Gaulle, 14390 Cabourg, France
Thalasso de Fallières;367 Route de Fallières entrée, Chem. de Ribeaugoutte, 88200 Saint-Nabord, France
Thalasso distribution;32 Rue des Frères Lespinasse, 33500 Arveyres, France
Thalassothérapie Thalazur Arcachon;9bis Av. du Parc, 33120 Arcachon, France
Thalazur Arcachon;9 Av. du Parc, 33120 Arcachon, France
Roz Marine Thalasso;58 Bd Thalassa, 22700 Perros-Guirec, France
Thalazur Cabourg;45 Av. Charles de Gaulle, 14390 Cabourg, France
Thalazur Antibes;770 Chem. des Moyennes Bréguières, 06600 Antibes, France
Thalazur Port-Camargue;227 Rte des Marines, 30240 Le Grau-du-Roi, France
Thalazur Royan;6 All. des Rochers, 17200 Royan, France
Thalazur Ouistreham;Riva-Bella, Avenue du Commandant Kieffer, 14150 Ouistreham, France
THALACAP Ile de Ré;17 Av. d'Antioche, 17590 Ars-en-Ré, France
Ibis Styles La Rochelle Thalasso Chatelaillon;La, Rue de la Falaise, 17340 Châtelaillon-Plage, France
RELAIS THALASSO Île de Ré;Rue Port Notre Dame, 17740 Sainte-Marie-de-Ré, France
Thalasso La Rochelle Sud;Av. de la Falaise, 17340 Châtelaillon-Plage, France
Thalacap Camargue;PACA, Av. Commandant Jacques Y Cousteau, 13460 Saintes-Maries-de-la-Mer, France
THALASSA;Testa, 20144, France
Centre de Thalassothérapie;45 Bd Joseph le Bihan, 22700 Perros-Guirec, France
Centre De Thalassothérapie;8 Av. de la Falaise, 17340 Châtelaillon-Plage, France
Esra - Thalasso bain bébé - Atelier parent / enfant;48 Imp. de la Source, 24120 La Feuillade, France
Centre de Thalassothérapie;1001 Av. Jean Marchand, 06270 Villeneuve-Loubet, France
Thalassothérapie Thalazur Antibes;770 Chem. des Moyennes Bréguières, 06600 Antibes, France
Faroux Nathalie;le Tallipot, 35 Rue du Dr Conquet, 24610 Villefranche-de-Lonchat, France
Thalazur Cabourg;HOTEL LES BAINS THALAZUR, 14390 Cabourg, France
ibis Le Touquet Thalassa;Front De Mer, Av. Louison Bobet, 62520 Le Touquet-Paris-Plage, France
Thalmar;80 Rue de Madrid, 64200 Biarritz, France
Résidence Thalazur Carnac;6 All. Fleur de Sel, 56340 Carnac, France
Viaduc d'Ariéthal;08250 Exermont, France
Thalassoline;20 Rue Hoche, 32600 L'Isle-Jourdain, France
A coté du centre de thalasso;05250 Dévoluy, France
Siège Social Thalazur;45 Rue Jean Jaurès, 92300 Levallois-Perret, France
THALASSA COTE D'OPALE;91 Rue Pierre de Wissant, 62164 Audresselles, France
Centre de Jeunesse Baerenthal;2 Place Robert Schuman, 57230 Baerenthal, France
Gite Montenois / La Clé des Champs;102 Rue de Lougres, 25260 Montenois, France
LES TROIS TOURS - GITE POUR ADULTE;210 Imp. des Trois Tours, 34600 Faugères, France
Gite du CASTELBOSC;2 Rue du Château (Quartier Mounicot, 65700 Hagedet, France
Gite Le petit cocon du château;18 Rue de la Roche, 39210 Château-Chalon, France
Gite Massatho;4 Rue des Fayards, 39800 Fay-en-Montagne, France
La Gaberline GITE DE CHARME;2225 Cremanville, 14600 Ablon, France
Gite Clos Angélique;63 Rue Principale, 57850 Haselbourg, France
"Gite ""Le 16 Thiers""";16 Rue Thiers, 45500 Gien, France
Marie Jean Chambre d'hotes & Gite;Languedoc-Roussillon FR, 2 Lot. La Serre, 34210 Oupia, France
Gite de la Borie;3 Rue du Moulin, 63720 Saint-Ignat, France
Gite du Moulin de barutel. Animaux acceptés;46 Rue de Cinq Ans, 72600 Mamers, France
gite A l'Evidence;64D Imp. Cantarelle, 84550 Mornas, France
Gite des deux châteaux;33 Rue des Châteaux, 67110 Windstein, France
Gite La Parenthèse d'Anna Bretagne;7 cohignac d'a haut, 35580 Guignen, France
La Combe aux oiseaux - Gite de charme en Aveyron et proche du Lot;482 Rte du Mas de Vernhet, 12200 Villefranche-de-Rouergue, France
Gite eco-responsable - accueil de groupes;2 Rue des Tilleuls, 85620 Rocheservière, France
Gite le Tacot;10 Rue des Essarts, 25870 Les Auxons, France
Villa Monplaisir Gite Z'en;Casteret, 31310 Latrape, France
Gite - La Grange d'André;11B Rue Principale, 67390 Elsenheim, France
Gite-Le Poséidon;105 Rue Georges Cuvier Appartement n°1, 76400 Fécamp, France
Gite de groupe - Domaine au Ch'ti Ardéchois;Quartier La Vignasse, 811 Le Lac, 07210 Rochessauve, France
Village Vacances de Lanau gite auvergne cantal;1 route des vacances, 15260 Neuvéglise-sur-Truyère, France
Le Gite de la Grange ****;2 Rue Hirschfeld, 67610 La Wantzenau, France
Domaine La Grange Ungersheim - Gite La Grange;11 Rue de Raedersheim, 68190 Ungersheim, France
Gite 2 Caps;prendre la direction, Pas-de-Calais FR 2 G Rue des Garennes, rue des goéland, 62164 Ambleteuse, France
Gite “détente et bien être” entre Terre et Mer;38 Rue de Berganville, 62140 Cavron-Saint-Martin, France
Gite de Garance;215 Chemin des Barquets, 26130 Montségur-sur-Lauzon, France
Gite Saint Christophe à Vaison La Romaine;595 Chem. des Abeilles, 84110 Vaison-la-Romaine, France
Gîte des quatre chemins - Gites Barbarin;3905 Rte de Château, 71250 La Vineuse sur Fregande, France
Gite la soude est une maison a la campagne bien situer proche des centre ville;51130 Chaintrix-Bierges, France
Gite Cezanne;4 Rue Paul Cézanne, 66000 Perpignan, France
Gite Auberge La Soulan: Gîte de groupe /d'étape 15 pers proche station ski Peyragudes Lac-d'eau Balnéa Luchon Haute-Garonne;La Soulan, 31110 Cathervielle, France
Le Mazet de La Draille - Gite et Mas en Cevennes;1138 Chem. des Chênes, 30140 Bagard, France
GITE LE ROMAN D'ALLEYRAC;12 ROUTE DE PONT VALLON, 43150 Alleyrac, France
Gite de la Bourbatte;739 Rte du Bouchot, 88120 Gerbamont, France
Gite - la borieta;Les Bumats, 05000 Gap, France
Gite Les Ecuries de la Barre;Le Chateau de la Barre, 1 Rue de la Barre, 37530 Mosnes, France
Le petit Verdon Gîte classé trois étoiles à Valensole et lavande gite et vacances Alpes de Ht Provence;219 Chem. Val Notre Dame, 04210 Valensole, France
Gite L'extase;Place de l église, Moulin du Laz, 29300 Arzano, France
Gite de Charme de la Source Bleue;706 Rte de la Source Bleue, 46700 Touzac, France
Gites du Domaine de Kerousy;22220 Plouguiel, France
Gites De La Haie;La Haie, 29650 Plouégat-Moysan, France
Gite Les Aiguillans;Ham. d'Aiguillon, 26170 Mérindol-les-Oliviers, France
La Dommerie - Gite de charme;1 Rue de la Prte Delbos, 24250 Domme, France
Gite Ty Koko Guadeloupe;Chem. des Donneuses d'Eau, Saint-François 97118, Guadeloupe
La Silentiaire-Gites 2-12 pers. à Opont;Chem. du Jardinet 2, 6852 Paliseul, Belgique
Gite du coin du bois;ce gîte peut sur demande recevoir 15 personnes. Et organiser vos réceptions sur mesure 'demandez moi un devis à bientot, Le Coin du Bois, Vaujours, 37330 Château-la-Vallière, France
Gite le charme d'Ognes;55 Av. de la Liberté, 02300 Chauny, France
Gite le Troubadour;cap gris nez, 69 Rue du Bas, 62179 Audinghen, France
Les Fourches Gite de charme;Les Fourches, 07460 Banne, France
Camping et gites Le Mas du Midi;Cantegraille, 82160 Saint-Projet, France
Gite & camping Pays de Joie;1 Chem. de la Couarde, Champmagnan Lieu-dit, 79190 Montalembert, France
LES SENTIERS DU CAUSSE - Village de gites;1023 Mas del Pech Chemin du, 46330 Lentillac-du-Causse, France
"Gite "" Modes et Café """;39 Rte de l'Estuaire, 17120 Épargnes, France
Calm au Canal de Centre- Chambres d'hôtes & Gite;21 Rte de Chagny, 71510 Dennevy, France
Gites Au Cœur des Etoiles;Au berbouiller, 39370 La Pesse, France
Gites de Chavot Bellevue;4 Rue du Maréchal Juin, 51530 Chavot-Courcourt, France
La Maison Chaudenay Gite et Chambres d'Hôtes;26 Rue de Tigny, 71150 Chaudenay, France
GITE BALNEO Coeur des Alpes;522 Rte de Champfleury, 74440 Taninges, France
Gite La Paillote;1911 CD37 Quartier Narbonne, 83440 Montauroux, France
gite jura chalets jura 4 saisons Lac de Chalain;3 Rue des Vignettes, 27 Rue des Tilleuls, 39130 Marigny, France
GITES LES TERRES DE L ETANG;Rue de l'Étang, 79310 Verruyes, France
Gite des 2 Arbres de la sagesse;Chem. des Muletiers, 36120 Ardentes, France
gite de saba;2 Les Magnoux, 18160 La Celle-Condé, France
Logis Auberge de la Forêt;33 La Maillardais, 44130 Le Gâvre, France
Auberge du Jeu de Paume;4 Rue du Connétable, 60500 Chantilly, France
Auberge du Moulin d'Eaucourt - Le Saltimbanque;Lieudit du Moulin, 1500 Rue du 8 Mai, 80580 Eaucourt-sur-Somme, France
L'Auberge;3a Pl. des Commerces, 24300 Abjat-sur-Bandiat, France
Auberge de la Forêt · Domaine de l’Éclaircie;276 Rue des Verriers, 57560 Saint-Quirin, France
Hôtel Auberge du Morge;Gorges de Chailles, 3601 Rte de Lyon D1006, 73360 Les Échelles, France
Auberge Nemoz;450 La Martinette, 38580 Le Haut-Bréda, France
Auberge du Camp Romain;14 Rue des Basses Roches, 71150 Chassey-le-Camp, France
Auberge des Gorges du Loup;4 Rte de Grasse, 06140 Tourrettes-sur-Loup, France
Auberge des Pins;Allée des pins, 1391 Chem. du Vieux Moulin, 83440 Tourrettes, France
Logis l'Auberge du Président;70 Rue de l'Abbaye, 27260 Cormeilles, France
Auberge Normande;Le Pont de Londeau, 61250 Valframbert, France
Auberge de la Tour;168 Av. de Pézenas, 34290 Valros, France
Baerenbach ...Ferme Auberge;Chem. du Baerenbach, 68290 Sewen, France
Auberge FLUHR;Rte du Ballon d'Alsace, 68290 Sewen, France
Ferme-auberge du Grand Langenberg;Route du Langenberg, 68290 Sewen, France
L’Auberge du Père Bise - Jean Sulpice;303 Rte du Port, 74290 Talloires-Montmin, France
AUBERGE MAISON CARMEN;4 Chem. du Moulin de la Semoule, 88220 Xertigny, France
Auberge des Glières;plateau des glières, 305 Chem. de l'Aubergé, 74570 Fillière, France
Auberge de Maison Rouge;119 Rte de Taninges, 74100 Vétraz-Monthoux, France
Logis Hôtel Auberge les Rives de l'Arzon;Av. Pierre Chabannes, 43800 Vorey, France
Auberge Familiale Pradère;1022 Rte du Trec, 47200 Virazeil, France
Auberge La Tuilerie au Domaine Grand-Père Jules;786 Chem. de la Tuilerie, 84150 Violès, France
Logis Hôtel Auberge de la Plaine;13-15 Rte de la Plaine, 10500 La Rothière, France
Maison Gublin Auberge du Lac Rest. Au Vieux Pressoir;5 Rue du 28 Août 1944, 10140 Mesnil-Saint-Père, France
Logis Hôtel Auberge de la Terrasse;1 Rue du Quai Militaire, 70110 Villersexel, France
Auberge des Vieux Moulins Banaux;18 Rte des Moulins Banaux, 89190 Villeneuve-l'Archevêque, France
Auberge Nordique;1515 Rte de Lormay, 74450 Le Grand-Bornand, France
Auberge de la Croix Perrin;3700 Rte de la Croix Perrin, 38250 Lans-en-Vercors, France
L'Auberge Le Vieux Chaillol;Chef lieu, 05260 Saint-Michel-de-Chaillol, France
Logis Auberge le Colombien;2 Rue de la Mairie, 37510 Villandry, France
Logis Hôtel Auberge l'Estanquet;12 Rue du Marché, 64240 Urt, France
Auberge Aux Portes De Conques;5 Rue du Moulin D46, 12320 Conques-en-Rouergue, France
Auberge du Moulin;Quartier le Moulin, 2261 route des princes d'orange, 26170 Vercoiran, France
L'auberge de Charance;19C All. de la Frênaie, 05000 Gap, France
Logis Hôtel Auberge de la Rivière;de la Fouarne, Rue du Port, 85770 Les Velluire-sur-Vendée, France
Logis Auberge de la Musardière;30 Rte de Chalon, 71150 Chagny, France
l'auberge de Passy Les Tours;6 Rue de Vergennes, 58400 Varennes-lès-Narcy, France
Auberge De Barnas;60 Le Bouix, 07330 Barnas, France
Auberge de la Luzerne;Basse-Normandie, 727 Rue du Maréchal Montgomery, 14990 Bernières-sur-Mer, France
Auberge de l'Ecurie;La Font, 86350 Usson-du-Poitou, France
Auberge Des Sept Tours;108 Av. de Turenne, 46600 Martel, France
Auberge de l'Empereur;Lieu dit, 19200 Ussel, France
L'Auberge du Cotentin - Hôtel Restaurant;12 rue du Bacchus, 50440 La Hague, France
Auberge de la Grive - Nicolas et Cécilia Gautier;5 Rue du Logis, 02300 Trosly-Loire, France
Auberge de Signy l'Abbaye;2 Pl. Aristide Briand, 08460 Signy-l'Abbaye, France
Logis Auberge Saint Hernin;3 Pl. du Puits, 56220 Pluherlin, France
Auberge des Glazicks;7 Rue de la Plage, 29550 Plomodiern, France
Auberge À la belle étoile;5 route des écoles, 22110 Mellionnec, France
AUBERGE ARMORICAINE;4 Pl. de l'Église, 44110 Louisfert, France
Auberge du fromager du Doulon;Le Bourg, 43440 Saint-Didier-sur-Doulon, France
Auberge Côté Rivière;3 Rue des Capucins, 21120 Is-sur-Tille, France
Auberge de la Tour;Rue de l'Adrech, 12370 Combret, France
Auberge de la Vallée de la Gorre;21 Pl. de l'Église, 87310 Saint-Auvent, France
Auberge de Pen-Mur;9 Rte de Vannes, 56190 Muzillac, France
Auberge du Tilleul;9 Rue du Vieux Lavoir, 39130 Charézier, France
Logis Hôtel Auberge d'Aranc;place Du Lavoir, 01110 Aranc, France
Auberge de la Marquise;4 Av. des Écuyers, 19230 Arnac-Pompadour, France
Auberge E Cime;Quartier Costa, 179 A Costa, 20276 Asco, France
Auberge de l'Abbatiale;3 Rue de l'Abbatiale, 52160 Auberive, France
L'auberge Des Avenières;8 Pl. du Onze Novembre 1918, 38630 Les Avenières Veyrins-Thuellin, France
Auberge Pom'Poire;21 Rte de Valleres, 37190 Azay-le-Rideau, France
Auberge du Lac;83630 Bauduen, France
Auberge de l'Oumède;1035 Chem. de l'Oumede, 83350 Ramatuelle, France
Auberge de Venthon;245 Rte de la Mairie, 73200 Venthon, France
Auberge des Chenets;5 Grand' Rue, 08800 Tournavaux, France
Auberge des Remparts laval;2 Carr aux Toiles 2 Et 4, 53000 Laval, France
Auberge du Lac;Le Ternay, 07100 Saint-Marcel-lès-Annonay, France
Auberge du Paradis - Hôtel Restaurant;70 rue des Crus du Beaujolais, 71570 Saint-Amour-Bellevue, France
Auberge du Prieuré;9 Rue Neuve, 19200 Saint-Angel, France
Auberge Hôtel Le Petit St-André;211 Rue St André, Terrebonne, QC J6W 3C6, Canada
Auberge Le temps des Saveurs;Grand'Place 27, 6850 Paliseul, Belgique
Auberge Sainte-Gemme;3 Rte de Cosne, 18240 Sainte-Gemme-en-Sancerrois, France
Auberge de Conol;Lieu-dit, 42600 Verrières-en-Forez, France
Auberge le Cantou;67 Place Notre Dame 63 210, 63210 Orcival, France
Auberge La Coste;2750 Rte de la Cride, 13610 Le Puy-Sainte-Réparade, France
Auberge du Tarnon;48400 Vebron, France
L'Auberge Gourmande;Le Bourg, 43430 Les Vastres, France
Auberge du Tétras Lyre - Hôtel Restaurant;25 Rue de l'Abbé Gagnol, 26420 Vassieux-en-Vercors, France
Auberge Lorraine;26 Le Village, 88230 Le Valtin, France
Hôtel Auberge Cévenole restaurant;La Penarie, 30570 Val-d'Aigoual, France
Auberge de Valcivières;Le Bourg, 63600 Valcivières, France
Logis Auberge du Barrez;51 Impasse des Voyageurs, 12600 Mur-de-Barrez, France
Auberge du Relais;35 Rue de Soultz, 68700 Uffholtz, France
Logis Hôtel l'Auberge de l'Etable;185 Rue du Milieu, 64470 Montory, France
La Vieille Auberge;Le Bourg, 43580 Saint-Privat-d'Allier, France
Auberge De La Cholotte;44 La Censé Saint-Dié, 88600 Les Rouges-Eaux, France
Auberge des Pyrénées;60 Rte d'Espagne, 65250 La Barthe-de-Neste, France
Auberge du Grand Dauphin;17 Pl. Saint-Pierre, 41220 Dhuizon, France
Auberge du bois de l'étang - Motel les tilleuls;38 Av. de la Tour, 87470 Peyrat-le-Château, France
Auberge Des Remparts;17 Rue Beaubois, 80200 Péronne, France
Auberge du Canabal;308 Sent. du Canabal, 82110 Tréjouls, France
Auberge du Cèdre;969 Rte de Cazeneuve, 34270 Lauret, France
Auberge U Lustincone;Lieu-dit Lustincone, Route du Cap, 20253 Patrimonio, France
Logis la Vieille Auberge - Souillac;1 Rue de la Récège, 46200 Souillac, France
Auberge de Noves;Route de Châteaurenard, D28, 13550 Noves, France
Logis Hôtel l'Auberge du Bougnat;80 Route de la Forêt, 63790 Saint-Victor-la-Rivière, France
Auberge Saint Thégonnec;6 Pl. de la Mairie, 29410 Saint-Thégonnec Loc-Eguiner, France
La Vieille Auberge;Le Bourg, 58120 Chaumard, France
Auberge Le Meisenberg;1 Rue Clemenceau, 67730 Châtenois, France
Auberge du Bonheur;Rue principale, 30750 Saint-Sauveur-Camprieu, France
Auberge de Saint Rome;Place Terral, 12490 Saint-Rome-de-Tarn, France
L’Auberge Bretonne;23 Pl. de la Motte, 44110 Châteaubriant, France
L'Auberge du Lion d'Or Nanteuil;2 Rue du Bac, 77730 Nanteuil-sur-Marne, France
Logis Hôtel Auberge de la Vallée Verte;6 Rue Lucien Dupuis, 28500 Vernouillet, France
Camping d'Accolay;Rte de Bazarnes, 89460 Deux Rivières, France
Camping Le Pommier - Ciela Village - Ardèche;75 rue des Pommiers, N102, 07170 Villeneuve-de-Berg, France
Camping Club Farret Yelloh ! Village;239 Chem. des Rosses, 34450 Vias, France
Camping la Châtaigneraie;46 Av. du Lavedan, 65400 Agos-Vidalos, France
Camping Au Port Punay;1 All. Bernard Moreau, 17340 Châtelaillon-Plage, France
Camping 3 étoiles - Parc aquatique - ccb0a0c;30420 Calvisson, France
Camping 3 étoiles - Parc aquatique - cca0da0;30420 Calvisson, France
Camping du Puy-en-Velay - Onlycamp;Av. de Bonneville, 43000 Aiguilhe, France
Camping de l'Aigle - Campasun - Camping Aiguines - Gorges du Verdon;51 Route du Verdon, 83630 Aiguines, France
Camping Homair - Verdon Parc;Chem. de la Paludette, 04800 Gréoux-les-Bains, France
Camping Chanteraine;Camping de Chanteraine, 2400 Chanteraine D957, 83630 Aiguines, France
Camping Château de Lez-Eaux;240 Av. de Lez Eaux, 50380 Saint-Aubin-des-Préaux, France
Camping du domaine du Lac de Champos;26260 Saint-Donat-sur-l'Herbasse, France
Camping Le Colombier;Le Colombier, 85210 Saint-Martin-Lars-en-Sainte-Hermine, France
Camping de la Jamonière;129 Rte de la Bironnière, 85200 Mervent, France
ZEcamping 3 étoiles familial espace aquatique mobil-home 6 pers;36000 Châteauroux, France
Camping Île d'Oléron Les Gros Joncs | Airotel 5 étoiles;850 Rue de Ponthezière, 17190 Saint-Georges-d'Oléron, France
Camping Signol;121 Av. des Albatros, 17190 Saint-Georges-d'Oléron, France
Camping Vagues Océanes - Grosses Pierres;17190 Saint-Georges-d'Oléron, France
Aloa Vacances - Camping Oléron Loisirs;513 Rte de la Bergerie, 17190 Saint-Georges-d'Oléron, France
Camping Verébleu;La Jousselinière, 17190 Saint-Georges-d'Oléron, France
Mer et Soleil - Camping Siblu;270 allée de monlabeur lieusaint, 17190 Saint-Georges-d'Oléron, France
Camping Capfun - Cénic;All. du Toquen, 56760 Pénestin, France
Camping Carnac Sandaya - Morbihan - 4 étoiles;2 Rte de Rosnual, 56340 Carnac, France
Camping Yelloh! Village Portland;Chem. du Castel, 14520 Port-en-Bessin-Huppain, France
Camping Le Monloo;6 Rte de la Plaine, 65200 Bagnères-de-Bigorre, France
Camping Yelloh Village Le Lavedan;44 Rte des Vallées, 65400 Lau-Balagnas, France
Camping L'Orée des Monts;2979 route du Col d'Aspin, La Séoube, 65710 Campan, France
Camping La Truffière Saint Cirq Lapopie;Lieu dit, 46330 Saint-Cirq-Lapopie, France
Camping Domaine la Franqui Sandaya - Leucate - 5 étoiles;Bd des Coussoules, 11370 la Franqui, France
Camping Le Floride - Ciela Village;500 Rte de Saint-Laurent, 66420 Le Barcarès, France
Le Marisol - Camping Siblu;Bd de la Plage, 66440 Torreilles, France
Camping le Paradis Dordogne 5 étoiles;la rebeyrolle, 5667 Rte de la Vallée, 24290 Saint-Léon-sur-Vézère, France
Camping Capfun - El Moli;Bd d'Archimède, 66200 Elne, France
Camping Antioche · APV · Le Bois Plage en Ré · Ile de Ré;Chemin de la Pierre Qui Vire - Les Clumasses, 17580 Le Bois-Plage-en-Ré, France
Camping Les Baleines Ile de Ré;Chem. de la Devaude, 17590 Saint-Clément-des-Baleines, France
Domaine Camping Le Jardin de Séraphine;572 Rue de l'Église, 76450 Malleville-les-Grès, France
Camping Le Cormoran 5 étoiles - Romanée;Rte de Radia, 17590 Ars-en-Ré, France
Camping Homair - La Côte Sauvage;336 Rue de la Forêt, 17590 Saint-Clément-des-Baleines, France
Camping les Pérouses du Phare;375 Rue du Phare, 17590 Saint-Clément-des-Baleines, France
Camping Homair - La Grainetière;Chemin des Essarts, Rte de Saint-Martin, 17630 La Flotte, France
Camping Les Dunes 4 étoiles - Romanée;15 Rte de Saint-Clément, 17590 Ars-en-Ré, France
Camping Sandaya Interlude - Ile de Ré;8 Rte de Gros Jonc, 17580 Le Bois-Plage-en-Ré, France
ZEcamping 4 étoiles parc aquatique mobil-home TV clim 25m2;06330 Roquefort-les-Pins, France
Yelloh ! Village Camping Les Mouettes;50 Rte de la Grande Grève, 29660 Carantec, France
Camping l'Arada Parc;100 Rue de la Baratière, 37360 Sonzay, France
Camping Le Couffour;Le Couffour, 15110 Chaudes-Aigues, France
Camping et canoë Ariège Evasion;2 Chem. de Fontanet, 09400 Ornolac-Ussat-les-Bains, France
Camping Du Lac Mercus;1 Promenade du camping, 09400 Mercus-Garrabet, France
Camping Municipal (3 étoiles);Av. de la Gare, 12110 Cransac-les-Thermes, France
CAMPING EUROPA Lac Annecy;1444 Rte d'Albertville, 74410 Saint-Jorioz, France
camping de la forêt;Presqu'ile de Larzicourt, 51290 Arrigny, France
Camping de La Plage;Suivre station nautique, 51290 Giffaumont-Champaubert, France
Camping Bavella Vista **;Village, 20124 Zonza, France
Camping Marina d'Erba Rossa;Rte de la Mer, 20240 Ghisonaccia, France
Camping La Rive Yelloh Village - 5 étoiles;6523 route de Bordeaux, 40600 Biscarrosse, France
Camping Capfun - Bonne Etoile;des, Les Essarts, Rue des Caillees, 17580 Le Bois-Plage-en-Ré, France
Camping Cala Gogo;04 Av. Armand Lanoux, 66750 Saint-Cyprien, France
Camping Homair - Domaine de Soleil Plage;1593 Lieu-dit Caudon, 24200 Vitrac, France
Camping Capfun - Falaises;1382 Route de la Corniche Auberville, 14510 Gonneville-sur-Mer, France
Camping Vagues Océanes - L'Odyssée;Rte de Dives, 14640 Villers-sur-Mer, France
Camping les Sablons 5 étoiles;79M8+8Q, 6802F Av. des Mûriers, 34420 Portiragnes, France
Camping Sandaya Domaine de la Dragonnière - 5 étoiles - Vias;D612, 34450 Vias, France
Camping Les Mimosas - Vagues Océanes;Port cassafières, 34420 Portiragnes, France
Camping Domaine de la Baie Dorée;432 La Guerivière, 44580 Villeneuve-en-Retz, France
Camping Yelloh Village Le Brasilia;11 La Crouste S Voie de, 66140 Canet-en-Roussillon, France
Camping Les Chevaliers de Malte;2 Imp. du Pré de la Rose, 50800 Villedieu-les-Poêles-Rouffigny, France
Camping Club Les Tourterelles - MS Vacances;4756 Rte de la Plage, 40560 Vielle-Saint-Girons, France
Camping Capfun - Landisland;1010 Rue des Templiers, 40660 Moliets-et-Maa, France
Camping Parc Du Bel Air;30 route Benedit, Rte de Pichelèbe, 40560 Vielle-Saint-Girons, France
Camping Municipal;Rue de Wagenfeld, 72320 Vibraye, France
Camping Autour du Moulin;7 Rte de Montreuil, 62180 Verton, France
CAMPING DES DEUX PLAGES;41 Av. des Acacias, 17420 Saint-Palais-sur-Mer, France
ZEcamping 4 étoiles animé parc aquatique dog friendly locatif 28m2;33780 Soulac-sur-Mer, France
ZEcamping 4 parc aquatique animations locatif clim 28m2 6 pers;33780 Soulac-sur-Mer, France
Camping Homair - La Pointe du Médoc;18 Rue Ausone, 33123 Le Verdon-sur-Mer, France
Camping Terra Verdon - Ciela Village;378 Ham. de la Palud, 04120 Castellane, France
Camping Yelloh Village La Capricieuse;2 Rue Brummel, 14530 Luc-sur-Mer, France
Camping Cap Sud Sandaya - Corse - 5 étoiles;Plage de, 20215 Venzolasca, France
Camping Naturiste CHM Montalivet;46 Av. de l'Europe, 33930 Vendays-Montalivet, France
CAPKALA Gîte et Camping;1 La Dubière, 85190 Aizenay, France
Camping Capfun - Village Parisien;Rue des Otages - Route de Congis (D121), 77910 Varreddes, France
Camping Sandaya Le Soleil Vivarais - Ardèche;Rte du Rocher, 07120 Sampzon, France
ZEcamping 4 familial 1km plage parc aquatique;34410 Sérignan, France
ZEcamping 4 étoiles parc aquatique 2km plage dog friendly mobil-home TV 33m2;34410 Sérignan, France
ZEcamping 4 étoiles 1km plage parc aquatique mobil-home TV clim 33m2;34410 Sérignan, France
Camping La Plage Fleurie Yelloh! Village;225 Chem. de la Galine, 07150 Vallon-Pont-d'Arc, France
Camping Arc en Ciel - Ardèche;359 Chemin du Moulin, Les Mazes, 07150 Vallon-Pont-d'Arc, France
Camping Beau Rivage **** Ardèche;714 Chem. du Savel, 07150 Vallon-Pont-d'Arc, France
Camping Corse - Le Campoloro - Bord de Mer;Lieu-dit, Prunete, 20221 Cervione, France
Camping 3 étoiles - Parc aquatique - eecfda;04300 Saint-Maime, France
Camping 3 étoiles - Parc aquatique - eecfci;04300 Saint-Maime, France
Camping Capfun - Grand Lierne;Chem. du Grand Lierne, 26120 Châteaudouble, France
Camping Le Lac Bleu - Ciela Village - Drôme;1 chemin du lac, 26410 Châtillon-en-Diois, France
Camping Les Bois du Châtelas - Drôme;1115 route de dieulefit, 26460 Bourdeaux, France
Camping Capfun - Carpe Diem;Route de St Marcellin, 84110 Vaison-la-Romaine, France
Camping Vagues Océanes - Soleil de Provence;335 chemin de toussain, 84110 Saint-Romain-en-Viennois, France
camping Dordogne - Périgord Noir : le Vézère Périgord;route de Montignac, 24620 Tursac, France
Camping des 3 Lacs - Camping Savoie;495 Rte de Saint-Genix, 73330 Belmont-Tramonet, France
Camping Capfun - Atlantique Parc;26 Av. des Mathes, 17570 Les Mathes, France
ZEcamping 4 familial 5km plage parc aquatique locatif 28m2;17570 Les Mathes, France
Camping Homair - La Pommeraie de L'Océan;3 Stang Sant Laorans, 29910 Trégunc, France
Mobilhome 6 personnes camping 4 étoiles avec parc aquatique;29910 Trégunc, France
Camping du Trez;9 Rue des Peupliers, 29950 Bénodet, France
ZEcamping 3 étoiles parc aquatique 500m plage locatif TV BBQ 27m2;29740 Plobannalec-Lesconil, France
ZEcamping 3 étoiles 500m plage espace aquatique locatif TV BBQ 27m2 6 pers;29740 Plobannalec-Lesconil, France
Camping Paradis Les Capucines | Camping Côtes Armor;Rte de la Voie Romaine, 22300 Trédrez-Locquémeau, France
Camping Tikayan Les Cigales;4 Jas de la Paro Chemin du, 83490 Le Muy, France
Camping de la Récré;Le Lac des Trois Curés, 29290 Milizac-Guipronvel, France
Camping du Lac;885 route de Tallard, 4 Le Fanjas et le Soulier, 05110 Curbans, France
Camping Moto Dordogne;La Vieille Eglise, 24250 Saint-Aubin-de-Nabirat, France
Camping Naturiste Le Marcassin;655 Rte des Pièces Grandes, 24250 Saint-Aubin-de-Nabirat, France
Camping Le Carbonnier Sandaya - Dordogne - 4 étoiles;lieu-dit Carbonnier, 24250 Saint-Martial-de-Nabirat, France
Camping Clicochic - Chancia;Chem. de la Presqu'île, 01590 Chancia, France
Camping Homair - Le Chêne Gris;24 Pl. de la Gare, 77515 Pommeuse, France
Camping de Collonges-la-Rouge - Onlycamp;RD 38, 19500 Collonges-la-Rouge, France
Base de loisirs du Moulin et Camping de Meyrieu;334 Rte de Beausoleil, 38440 Meyrieu-les-Étangs, France
Base de Loisirs et Camping de Meyrieu les étangs;Rte de Beausoleil, 38440 Meyrieu-les-Étangs, France
Camping le Fautais;18 Rte de la Tranche sur Mer, 85460 L'Aiguillon-la-Presqu'île, France
Camping Les Tulipes;173 Rte de la Tranche sur Mer, 85460 L'Aiguillon-la-Presqu'île, France
Camping les Violettes;171 Rte de la Tranche sur Mer, 85460 L'Aiguillon-la-Presqu'île, France
Camping Oyam - Bidart Pays Basque;343 Rue d'Oyamburua, 64210 Bidart, France
Camping Sunêlia le Petit Bois;1820 Rte de Kerlagadec, 44420 Mesquer, France
Camping Au Soir d'Été;401 Rte de Bel - air (VC204), 44420 Mesquer, France
Le Bois de Bayadène - Camping Siblu;Rte de Kerdrien, 44420 Piriac-sur-Mer, France
Camping Prad Heol Sylvain Et Cyril;180 Rue du Moulin à Eau, 44420 Mesquer, France
Camping Le Welcome 3 étoiles - Mesquer;941 Rte de Bel - air (VC204), 44420 Mesquer, France
Camping du Lac;4 Rte du Manoir, 76480 Le Mesnil-sous-Jumièges, France
Bar/Restaurant Camping Le Lac d'Orient;17 Rue du Lac, 10140 Mesnil-Saint-Père, France
Aire camping-car Vichy-Bellerive;60 Rue Claude Decloitre, 03700 Bellerive-sur-Allier, France
Camping La Berquerie;101 Rue René Delcourt, 76260 Le Mesnil-Réaume, France
Camping Night&Day La Plage de Portez;Rue de Portez, 29280 Locmaria-Plouzané, France
Camping Le Pech Charmant - Dordogne;722 Rte du Pech, 24620 Les Eyzies, France
Camping la Rivière;3 Rte du Sorcier, 24620 Les Eyzies, France
Camping Yukadi Village Le Moténo Plouhinec;Rue du Pass. d'Etel, 56680 Plouhinec, France
Camping La Croix Villieu - Morbihan;Route de Kerhillio, 56410 Erdeven, France
Camping de Kersily;Kersily, 56340 Plouharnel, France
Camping de Loperhet;Étang de Loperhet, 56340 Plouharnel, France
Camping Vagues Océanes - Moustoir;71 Rte du Moustoir, 56340 Carnac, France
Camping Les Goélands Carnac;Kerbachique, 56340 Plouharnel, France
Camping du Gouffre;Rue Crec'h Kermorvan, 22820 Plougrescant, France
Camping Morbihan La fontaine du hallate;8 chemin de poul fetan, Le Hallate, 56400 Plougoumelen, France
Camping Capfun - Chênes de Médis;2 Imp. de la Motte Luchet, 17600 Médis, France
Camping Les Loges 5 Etoiles;18-20, Bd de Suzac, 17132 Meschers-sur-Gironde, France
Camping Capfun - Kervel;Lieu dit Kervel, 29550 Plonévez-Porzay, France
Camping Pré de la Mer;6 Kervel, 29550 Plonévez-Porzay, France
Camping Trezmalaouen - Vacances André Trigano;20 Rte de la Baie, 29550 Plonévez-Porzay, France
Camping Homair - Domaine de Ker'Ys;plage, 4 Chem. des Dunes, 29550 Saint-Nic, France
L'Orangerie de Lanniron - camping Sunêlia;90 All. de Lanniron, 29000 Quimper, France
Camping Paradis la Mer d’Iroise;Plage de Porz Ar Vag, 9 bis Rue de Porz ar Vag, 29550 Plomodiern, France
Camping de La Torche Sites & Paysages;4 Roz an Tremen, 29120 Plomeur, France
ZEcamping 5 parc aquatique club enfant fitness locatif BBQ 2 pers;29000 Quimper, France
ZEcamping 5 espace aquatique club enfant fitness tente 2 pers;29000 Quimper, France
ZEcamping 5 étoiles parc aquatique tente TV BBQ clim 40m2;29000 Quimper, France
ZEcamping 5 animé parc aquatique tente TV LV BBQ 60m2;29000 Quimper, France
Camping Pen Palud - Ploemeur - Lorient;12 Impasse de Pen Palud, 56270 Ploemeur, France
Camping Homair - Les Pommiers du Mont Saint Michel;28 Rte du Mont Saint-Michel, 50170 Beauvoir, France
Camping Le Bois de Pleuven;Rte de Saint-Yvi, 29140 Saint-Yvi, France
Camping Night&Day La Vézènie ***;Rte de Saint-Pardoux, 19210 Lubersac, France
Le Florenville Camping;Rue de la Rosière 6, 6820 Florenville, Belgique
Camping Domaine de Laneros;85 Rue de Laneros, 22610 Pleubian, France
Camping;22610 Pleubian, France
Camping les Lacs de Maurienne;Chem. du Camping, 73660 Saint-Rémy-de-Maurienne, France
Camping La Coccinelle;2 Rue du Stade, 63440 Blot-l'Église, France
Camping Tikayan La Vallée du Paradis;955 Av. du Gratadis, 83530 Agay, France
Camping Capfun - Rivière;1 La Garnison / Châtillon, 86700 Valence-en-Poitou, France
Camping Municipal Les Dunes Coudeville sur mer;87 Place Georges Dudouit, 50290 Coudeville-sur-Mer, France
Camping O’ Beau Laurier;9 Rue du Beau Laurier, 85580 Saint-Denis-du-Payré, France
Camping La Rafale;3 bis Rue du Meinga, 35350 Saint-Coulomb, France
Camping Les Cerisiers;Rue des Rivières, 48320 Ispagnac, France
Camping des Gorges du Tarn;Route De Florac Camping Gorges 00000, 48210 sainte enimie, France
Camping Naturiste Le Couderc;Camping Naturiste Le Couderc, 705 Imp. de la Source, 24440 Naussannes, France
CAMPING MUNICIPAL DU PIN SEC;60 Rte du Pin Sec, 33990 Naujac-sur-Mer, France
Camping La Piscine;465 rte de l alpe d huez, sarennes, 38520 Le Bourg-d'Oisans, France
Camping Le Fanal;Rue du Fanal, 14230 Isigny-sur-Mer, France
Camping de Conlie;10 Rue de Gaucher, 72240 Conlie, France
Camping De La Fontaine;Rue ville Norme, 22380 Saint-Cast-le-Guildo, France
Domaine du Balbuzard - Location gîte bulle insolite atypique lac étang pêche camping - Hébergement cabane maison de hobbit - Massif Central Vulcania AUVERGNE PUY-DE-DÔME;Le Rouze, 63380 Condat-en-Combraille, France
ZEcamping 4 étoiles parc aquatique mobil-home TV BBQ clim 32m2;46350 Loupiac, France
ZEcamping 4 étoiles animé parc aquatique pet friendly mobil-home TV BBQ 26m2;46350 Loupiac, France
ZEcamping 4 étoiles animé parc aquatique pet friendly mobil-home TV BBQ 30m2;46350 Loupiac, France
ZEcamping 4 étoiles parc aquatique dog friendly animations cabane BBQ 25m2;46350 Loupiac, France
ZEcamping 4 étoiles parc aquatique club enfant mobil-home TV BBQ 26m2 4 pers;46350 Loupiac, France
Camping Clicochic - Longchamp;Bd de Saint-Cast, 35800 Saint-Lunaire, France
Camping Homair - Le Soleil de Saint Sieu;5 Rue des Bénédictins, 22770 Lancieux, France
Camping Capfun - Loubine;1 Rte de la Mer, 85340 Les Sables-d'Olonne, France
Camping Capfun - Soubeyranne;1110 Rte de Beaucaire, 30210 Remoulins, France
Camping Municipal des ondes;18 bis Rue du Bord de Mer, 35114 Saint-Benoît-des-Ondes, France
Camping les Dis .;Chem. des Dis, 35114 Saint-Benoît-des-Ondes, France
Camping Le Bois Pastel;13 Rue de la Corgnais, 35260 Cancale, France
Camping Le Moulin de Surier - 4 étoiles;1214 Rte de Surier, 24440 Beaumontois en Périgord, France
Camping Les Marsouins - Ciela Village;Av. de la Retirada 1939, 66700 Argelès-sur-Mer, France
Camping Les Vignes;3 Rue des Ardillers, 17570 Saint-Augustin, France
ZEcamping 4 étoiles animé espace aquatique 5km plage locatif clim 28m2;17570 Les Mathes, France
ZEcamping 3 étoiles parc aquatique et piscine chauffée locatif 20m2;34120 Pézenas, France
ZEcamping 4 étoiles familial parc aquatique mobil-home TV clim 31m2;34550 Bessan, France
Camping Le Lac Bleu Doussard lac d'Annecy;Rte de la Plage, 74210 Doussard, France
Camping Les Châtaigniers***;11 Cami Deth Bas, 65400 Arcizans-Avant, France
Camping Clicochic - Camp du Soleil;57 Rte de la Grange, 17590 Ars-en-Ré, France
Camping de l'Izoard;en Queyras, Le Planet, Lieu dit, 05350 Arvieux, France
Camping Les Parcs - Pénestin;Rte de la Roche Bernard, 56760 Pénestin, France
Camping Homair - Ty Nadan;Ty Nadan Route d'Arzano, 29310 Locunolé, France
Camping Le Vallage;38 Chem. de l'Assaut, 08130 Attigny, France
Camping /Ecodomaine - Chemins de Traverse;9 Rue du Val Clavin, 52160 Auberive, France
Camping Au Bord du Loir;Rte du Mans, 72800 Le Lude, France
ZEcamping 4 étoiles animé parc aquatique locatif TV LV 25m2;85430 Aubigny-Les Clouzeaux, France
Camping Capfun - Roumingue;61 Av. de la Libération, 33138 Lanton, France
Camping Municipal du Musée;Route du Musée, 62179 Audinghen, France
Camping Huttopia Lac d'Aureilhan - Mimizan;1001 Prom. de l'Étang, 40200 Aureilhan, France
Camping Landes Bleues - Camping 4 étoiles à Aureilhan;295 Rte de Castelnau, 40200 Aureilhan, France
Camping Eurolac;38 Av. Maurice Martin, 40200 Mimizan, France
Camping La Plage à Autet en Haute-Saône;Sur les Courvelles, 70180 Autet, France
Camping le Vercors;115 Rue de la Croze, 38880 Autrans-Méaudre en Vercors, France
Camping du Futur;9 Rue des Bois, 86170 Avanton, France
Evanature - Camping La Clairière 4 Étoiles;5 Rte du Lac, 63970 Aydat, France
Camping La Bergerie;8 Chem. de la Bergerie, 65400 Ayzac-Ost, France
CAMPING le Chamadou Ardèche;Chaussy, 07120 Balazuc, France
Camping Municipal De La Vallée;Banassac, Miege Rivière, 48500, France
Camping Les Ronds Duval;10 Imp. des Ronds Duval, 50270 Les Moitiers-d'Allonne, France
Camping Capfun - Vikings;968W+5M, 4 Rue les Vikings, 50270 Saint-Jean-de-la-Rivière, France
Camping La Grande Côte Sandaya - Vendée - 4 étoiles;Rte de la Grande Côte, 85550 La Barre-de-Monts, France
Camping Minocchi;D27, 20119 Bastelica, France
Camping Benista;Bd Marie-Jeanne Bozzi, 20166 Grosseto-Prugna, France
Camping Capfun - Armor Héol;Rte de Guérande, 44420 Piriac-sur-Mer, France
Camping Aux Vallons;Les Vallons, 283 D71, 83630 Bauduen, France
Camping les Restanques du Verdon;3995 quartier brun, 83630 Bauduen, France
Camping la Champagne;La Champagne, 19120 Beaulieu-sur-Dordogne, France
Aire Communale Camping Car;47800 La Sauvetat-du-Dropt, France
Bontempo Bretagne camping 4 étoiles;247 Rte de Mesquer, 44420 Piriac-sur-Mer, France
Camping - Hivernage du Menguen;Le Menguen, 56370 Sarzeau - Morbihan, France
Camping 4 étoiles les Flamants Roses - Canet en Roussillon;172 Rte de Canet, 66570 Saint-Nazaire, France
Camping A Casaiola;Lieu-dit Mortola, La Marine, 20233 Sisco, France
Camping A La Ferme Saint-joseph;Rte de Nice, 06450 Saint-Martin-Vésubie, France
Camping Abijune;2 Imp. Dom. Fillastre, 76790 Le Tilleul, France
Camping Acapulco - Village Club Sun Marina - 5 étoiles;63 Av. des Épines, 85160 Saint-Jean-de-Monts, France
Camping Aglio;Aglio, 20113 Olmeto, France
Camping Aloha Plage;208 Chem. des Pibous, 07120 Sampzon, France
Camping Alouette | Camping VR et chalets Parkbridge;3449 De L'Industrie, Saint-Mathieu-de-Beloeil, Quebec J3G 4S5, Canada
Camping Au Bord de l'Eau;Le Chambon, 43150 Goudet, France
Camping au jardin;La Tourasse, 07360 Saint-Michel-de-Chabrillanoux, France
Camping Au Moulin de Frasnoy;5 Chem. de Villers Pol, 59530 Frasnoy, France
Camping Bel Air;165 Av. de Bonne Source, 44380 Pornichet, France
Camping Belle Plage Sandaya - Morbihan - 4 étoiles;Rue de l'Anse du Stole, 56270 Ploemeur, France
Camping Bornand;57 Rte du Grand Bois, 74120 Demi-Quartier, France
Camping Bretagne Le Cabellou Plage 5 étoiles - Concarneau - Finistère;89 Av. du Cabellou, 29900 Concarneau, France
Camping Cap Taillat - Ramatuelle Saint Tropez;1911 Rte de l'Escalet, 83350 Ramatuelle, France
Camping Capfun - Bretèche;Base de loisirs, 2 La Bretèche, 85590 Les Epesses, France
Camping Capfun - Curty's;Rue de la Perpoise, 85520 Jard-sur-Mer, France
Camping Capfun - Fleur de Camargue;Ancienne, Rte d'Aigues-Mortes, 30220 Saint-Laurent-d'Aigouze, France
Camping Capfun - Fumades;Les Fumades Lieu-dit, 30500 Allègre-les-Fumades, France
Camping Capfun - Grand Large;48 Rte du Grand Large, 29170 Fouesnant, France
Camping Capfun - Huttes;15 Rue des Seulières, 17650 Saint-Denis-d'Oléron, France
Camping Capfun - La Mer;38 Av. de la Plage, 40530 Labenne, France
Camping Capfun - Mer et Soleil;88 Chem. de Notre Dame À Saint-Martin, 34300 Agde, France
Camping Capfun - Merle Roux;1660 Le Roux E, 07210 Baix, France
Camping Capfun - Paradis de Bazas;285 Migot, 33430 Bazas, France
Camping Capfun - Parc de Montsabert;150 Rte de Montsabert, 49320 Brissac Loire Aubance, France
Camping Capfun - Saint Laurent;9 Route de St Laurent, 29940 La Forêt-Fouesnant, France
Camping Capfun - Talaris;46 chemin de Pitrot, 33680 Lacanau, France
Camping Capfun - Zéphir;22 Av. de la Coubre, 17570 Les Mathes, France
Camping Capfun - Zagarella;Le Rocher, route de la tranche, 85560 Longeville-sur-Mer, France
Camping Capfun Pomme de Pin;825 Rte de Seignosse, 40230 Saubion, France
Camping Cap-Ouest;57 Rue de la Grève, 29160 Lanvéoc, France
Camping Caravaning Des Ecossais;La Salle, 03360 Isle-et-Bardais, France
Camping Champ de la Chapelle;03360 Braize, France
Camping Chon du Tarn;34 ROUTE DU PONT DE MONTVERT, 48400 Bédouès-Cocurès, France
Camping Clicochic - 3 Chênes;Rte de la Villes Hérioux, 44380 Pornichet, France
Camping Clicochic - Baie de Douarnenez;30 Rue Luc Robet, 29100 Poullan-sur-Mer, France
Camping Clicochic - Château de Boisson;180 montée du Boudifle, Hameau de Boisson, 30500 Allègre-les-Fumades, France
Camping Clicochic - Linotte;La Linotte, 24260 Le Bugue, France
Camping Clicochic - Moulin du Roch;Rte des Eyzies, 24200 Saint-André-d'Allas, France
Camping Club Les Brunelles - MS Vacances;341 Chem. de la Parée, 85560 Longeville-sur-Mer, France
Camping Coeur d'Ardèche - Mobilhome 7 personnes - Cottage Confort 29 m² . Lave vaisselle + TV 5/7 pers;07360 Saint-Vincent-de-Durfort, France
Camping de Keryel;Keryel, 29217 Plougonvelin, France
Camping de Kerzerho;62 Rue des Menhirs, 56410 Erdeven, France
Camping de l'Abbatiale;39 Rue Salvador Allende, 60340 Saint-Leu-d'Esserent, France
Camping de Léry-poses en Normandie;11 Rte de Saint-Pierre, 27740 Poses, France
Camping de la Chalaronne;159 Rue des Illards, 01140 Saint-Didier-sur-Chalaronne, France
Camping de la Donadive;Camping Donadive, 34440 Nissan-lez-Enserune, France
Camping de la Liez - Ciela Village - Haute Marne;29 Rue des Voiliers, 52200 Peigney, France
Camping de la Manchette;24 Rue de la Manchette, 22750 Saint-Jacut-de-la-Mer, France
Camping de la Mer de Glace;200 Chem. de la Bagna, 74400 Chamonix-Mont-Blanc, France
Camping de la Plage;Sous, Sur Jullière, 38650 Treffort, France
Camping de la Plage U Stazzu;Camping de la plage u stazzu, 20248, France
Camping de la Plage à la Trinité sur Mer;40 bis Rue de Kervourden, 56470 La Trinité-sur-Mer, France
Camping de la presqu’île;11 Rue des Bourgneufs, 22750 Saint-Jacut-de-la-Mer, France
Camping de mon Village (Camping-Car Park);6 All. des Pommiers, 87200 Saint-Junien, France
Camping de Reneville Fécamp;Chem. de Nesmonds, 76400 Fécamp, France
Camping Des Dunes;67 Rue Paul Langevin, 29740 Plobannalec-Lesconil, France
Camping des Pins;21 Rue de la Braie, 85690 Notre-Dame-de-Monts, France
Camping des Sables;26 Av. des Nonnes, 17132 Meschers-sur-Gironde, France
Camping Des Saturnins;Chem. du Cety, 55190 Méligny-le-Grand, France
Camping Domaine des Salins;Les Becs, 43 Chem. du Quart du Matelot, 85270 Saint-Hilaire-de-Riez, France
Camping Domaine Le Faulion;984 Rte de Charbonnat, 71320 Cuzy, France
CAMPING DORDOGNE / PÉRIGORD NOIR AVEC PISCINE : LA PEYRUGUE;Lieu- dit la Peyrugue, 1505 Rte de la Rivière, 24250 Daglan, France
CAMPING DORDOGNE LE DOUZOU;Le Douzou D52, 63 Chem. des Ranquets, 24250 Bouzic, France
Camping du Bois d’Amour Quemper-Guézennec;Goasvilinic, 22260 Quemper-Guézennec, France
Camping du Bugeau;33 Av. des Loriettes, 44380 Pornichet, France
Camping du Canal;17 Rue Paul Bader, 68680 Kembs, France
Camping du Grand Etang de St-Estèphe;Grand Etang de Saint-Estèphe, 24360 Saint-Estèphe, France
Camping du Lac;Parc Camping du Lac, Le Lac, 12290 Pont-de-Salars, France
Camping du Lac;28 Mnt des Chênes, 04170 Saint-Julien-du-Verdon, France
Camping Du Lac;Launay, 35470 Bain-de-Bretagne, France
CAMPING DU LAC - Camping Dordogne 3 étoiles;593 Rte de Nabirat, 24250 Groléjac, France
Camping du Lac - Ste Eulalie en Born;1590 Rte du Lac, 40200 Sainte-Eulalie-en-Born, France
Camping du Lac de Neufont;Parc de Loisirs de Neufont, 24380 Saint-Amand-de-Vergt, France
Camping du Lac de Parisot **;Lac de Parisot, 82160 Parisot, France
Camping du Lac de Roybon - Onlycamp;1300 Rte de Saint-Antoine, 38940 Roybon, France
Camping du Lac de Saint-Cyr;Parc de loisirs de, Rue de la Bourdillière, 86130 Beaumont Saint-Cyr, France
Camping du Lac de Savenay;RN 171, N165, Rte du Lac, 44260 Savenay, France
Camping du Lac Vauban Le Quesnoy;Chem. de Ghissignies, 59530 Le Quesnoy, France
Camping du Pont de Vicq;662 Av. de la Dordogne, 24480 Le Buisson-de-Cadouin, France
Camping du Vieux Moulin;80150 Dompierre-sur-Authie, France
Camping Gouffre de la Croix;1050 Rte du pont de Vezor, 38680 Châtelus, France
Camping Hauts de Rosans | Rosans - Hautes Alpes;957 Route de Pommerol, 05150 Rosans, France
Camping Homair - La Marina de Canet;Av. des Anneaux du Roussillon, 66140 Canet-en-Roussillon, France
Camping Homair - La Palmeraie;Bd de la Plage, 66440 Torreilles, France
Camping Homair - La Pinède;2103 Rte de la Fouasse, 17570 Les Mathes, France
Camping Homair - Le Sainte Marie;Rue des Clauses, 66470 Sainte-Marie-la-Mer, France
Camping Homair - Les Dunes;1647 El Marenda Gros, 66440 Torreilles, France
Camping Homair - Les Menhirs;All. Saint-Michel, 56340 Carnac, France
Camping Homair - Sol A Gogo;61 All. de la Plage de la Pége, 85270 Saint-Hilaire-de-Riez, France
Camping Huttopia Chardons Bleus - Ile de Ré;Rue de la Flotte, 17740 Sainte-Marie-de-Ré, France
Camping Iloa - Eau fil de l'O;Base de loisirs d'Iloa Route de Dorat, 63300 Thiers, France
Camping Intercommunal Les Grands Bosquets;Rue d'Ossé, 35410 Châteaugiron, France
Camping International du Golf;102 Rte de Dieppe, 76470 Le Tréport, France
Camping Ker Eden;Rte d'Auray, 56870 Larmor-Baden, France
Camping l'Escale;100 Rte de Semussac, 17132 Meschers-sur-Gironde, France
Camping L'escale *** Camping Savoie Avec Piscine;133 rue de la gare, 73800 Sainte-Hélène-du-Lac, France
Camping L'Espérance;36 Rue de la Gamburie, 50580 Denneville, France
Camping L'esplanade;D 157 - Campitello, 20113 Olmeto, France
Camping L'Estanquet Sandaya - La Palmyre - 5 étoiles;2596 Rte de la Fouasse, 17570 Les Mathes, France
CAMPING L'OMBRAGE;La Borie, 63610 Saint-Pierre-Colamine, France
Camping La Beaumette;142 Rte du Plan de la Tour, 83120 Sainte-Maxime, France
Camping La Cailletière;Rte de Boyardville, 17550 Dolus-d'Oléron, France
Camping La Clé des Champs;415 Mnt Saint-Claude, Saint-Philippe, QC J0L 2K0, Canada
Camping la Colline;Clos des Horlées 1, 6760 Virton, Belgique
Camping La Colline - Tente en toile et en bois 5 personnes - Lodge 3 Pièces 5 Personnes Sans Sanitaire;6760 Virton, Belgique
Camping La Croix du Sud;6798 route des plages, 83350 Ramatuelle, France
Camping La Faz;4 Route Sarrogna - Pont de vaux, 39270 Orgelet, France
Camping La Garenne;Mnt de la Garenne, 07800 Saint-Laurent-du-Pape, France
Camping La Marmotte;Les Fangassis N20, 09110 Savignac-les-Ormeaux, France
Camping la Nouzarède;12 chemin d'orival, 07260 Joyeuse, France
CAMPING LA PLAGE;85 Le Courau, 30630 Saint-André-de-Roquepertuis, France
Camping La Plaine;Camping De La Plaine, 250 Imp. Les Plaines, 07260 Rosières, France
Camping la Ripole;7 Rte de Chabanas, 24300 Abjat-sur-Bandiat, France
Camping La Salendrinque;Route de St Hippolyte du Fort, 30460 Lasalle, France
Camping La Sole - Mobilhome 4 personnes - TRIGANO;46130 Puybrun, France
Camping La Sole - Mobilhome 6 personnes - TRIGANO;46130 Puybrun, France
Camping La Sole - Tente en toile et en bois 5 personnes - FAMILY SANS SANITAIRES;46130 Puybrun, France
Camping La Venise Verte - Marais Poitevin;178 Rte des Bords de Sèvre, 79510 Coulon, France
Camping La Vigneraie 1860;La Vigneraie, 1378 Chem. des Moulins, 83350 Ramatuelle, France
Camping Labaroche;542, 68910 Labaroche, France
Camping Lac du Repos;5715 Rang de la Rivière N, Saint-Jean-Baptiste, QC J0L 2B0, Canada
Camping landes | Camping LA CLAIRIERE | Camping piscine landes;1151 Rte du Talucat, 40200 Saint-Paul-en-Born, France
Camping Le Bernier;56 Rue de la Cormorane, 44770 La Plaine-sur-Mer, France
Camping Le Chassezac;748 Route d'Alès, 07120 Sampzon, France
Camping Le Chemin Vert;20 Imp. Bruno, 31470 Saint-Lys, France
Camping le Clos des Pins;85560 Longeville-sur-Mer, France
Camping Le Diben;Le Diben, 56870 Larmor-Baden, France
Camping le fil de l'eau;1 Saule guillaume, 21700 Premeaux-Prissey, France
Camping Le Futuriste;2 Rue du Château, 86130 Saint-Georges-lès-Baillargeaux, France
Camping Le Grand Guitton;80 Rte du Cossay, 56730 Saint-Gildas-de-Rhuys, France
Camping Le Grand Large Lambezen Camaret sur Mer;camping le grand large, 29570 Camaret-sur-Mer, France
Camping le Lauradiol;Le, Lauradiol, 12460 Campouriez, France
Camping Le Lidon Embarcadère| Camping Marais Poitevin;Le, Lidon, 79210 Saint-Hilaire-la-Palud, France
Camping le Mas de la Source;160 Chem. des vignes, 07120 Sampzon, France
Camping Le Mondou;508 Rte du Mondou, 24370 Saint-Julien-de-Lampon, France
Camping le Montant;Rte de la Croix d'Espit, 24200 Sarlat-la-Canéda, France
Camping Le Palace;65 Bd Marsan de Montbrun, 33780 Soulac-sur-Mer, France
Camping Le Paradis;66 Imp. du Paradis, 62180 Rang-du-Fliers, France
Camping Le petit Saint Jean;27 bis Rue de Frévent, 62270 Boubers-sur-Canche, France
Camping Le Renom;240 Av. des Sports, 01540 Vonnas, France
Camping Le Roussillon - Chadotel;320 Camí de la Mar, 66750 Saint-Cyprien, France
Camping Le Ruisseau;509 Rte de Saint-Martin de Seignanx, 40390 Saint-André-de-Seignanx, France
Camping Le Saint Laurent;Kergonvo Lieu dit, 56400 Ploemel, France
Camping Le Septentrion proche Le Mans;Chem. de Parcaigneau, 72350 Brûlon, France
Camping Le Soleil Tattone;Bar camping le soleil, 20219 Vivario, France
Camping Le Val des Cévennes;5 Route de Mende, 48400 Florac Trois Rivières, France
Camping Lefébure;Rue Lefébure, 68370 Orbey, France
Camping Les Acacias Sarlat piscine balnéo couverte et chauffée;8 Rue Louis de Champagne, 24200 Sarlat-la-Canéda, France
Camping les Arches;600 Rte de Mirabel, 07580 Saint-Jean-le-Centenier, France
Camping Les Arolles;281 Chem. du Cry, 74400 Chamonix-Mont-Blanc, France
Camping les Bords du Tarn;Les Barriasses, 12720 Mostuéjouls, France
Camping LES BRUYERES;719 Rte de Laffont, 40200 Sainte-Eulalie-en-Born, France
Camping Les Castors;475b La Viste, 26170 Pierrelongue, France
Camping Les Châtaigniers;105 Chemin du Château, 07190 Saint-Sauveur-de-Montagut, France
Camping Les Chênes Verts - Onlycamp;2412 Route de Pertuis, RD 09, 84240 Cabrières-d'Aigues, France
Camping Les Charmes;Malartigue haut, 225 Chemin des Charmes, 24200 Saint-André-d'Allas, France
Camping les Grésillons;161 Chem. des Grésillons, 49700 Doué-en-Anjou, France
Camping Les Grottes De Roffy 4 étoiles - Romanée;lieu-dit Roffy, 583 Rte de Roffy, 24200 Sainte-Nathalène, France
Camping LES HORTENSIAS Rosières;Camping LES HORTENSIAS, 430 Ribeyre-Bouchet route de, 07260 Rosières, France
Camping Les Macareux;18 Rue de Ker Awell, 22660 Trévou-Tréguignec, France
Camping Les Mimosas - Vacances André Trigano;boulevard De L'Hubac Bleu, Cavalière, 83980 Le Lavandou, France
Camping les Mouettes - Sarzeau;54 Rue du Rial Vraz, 56370 Sarzeau, France
Camping Les Myrtilles - VERCORS -;Les Chaberts, 26420 La Chapelle-en-Vercors, France
Camping Les Ollivaud;2000 Rte de Saint-André des Eaux, 44500 La Baule-Escoublac, France
Camping Les Peupliers;Rte de Rivedoux, 17630 La Flotte en Ré, France
Camping Les Pieds dans l’Eau;Pratmeur, 29160 Crozon, France
Camping Les Prades - Camping Gorges du Tarn;D187, 12720 Mostuéjouls, France
Camping Les Sables D'or;Chem. des Dunes, 34300 Cap d'Agde, France
Camping Les Tamaris;649 Rue Marcel Dalle, 62215 Oye-Plage, France
Camping Les Tilleuls;Alberts, 33390 Mazion, France
Camping Les Trois Pucelles;58 Rue des Allobroges, 38180 Seyssins, France
Camping Les Varennes - Ile de Ré;Rue Raise Maritaise, 17580 Le Bois-Plage-en-Ré, France
Camping Lou Pignada - Ondres - Landes;741 Av. de la Plage, 40440 Ondres, France
Camping Maeva Club La Clairière;Rue du Bois de la Pesse, 17390 La Tremblade, France
Camping Mas d'en Mas;Allée du Château d'Aubiry, 66400 Céret, France
Camping Mas Piques;Rue du Train Jaune, 66760 Bourg-Madame, France
Camping Moulin de la Pierre;1 Route de Thairé, 17220 Saint-Vivien, France
Camping Municipal Bellevue Muides sur Loire;Av. de la Loire, 41500 Muides-sur-Loire, France
Camping municipal de l'Île Hautes Alpes;233 D138, 05600 Saint-Crépin, France
Camping Municipal de Paimpont - Brocéliande;2 Rue du Chevalier Lancelot du Lac, 35380 Paimpont, France
Camping municipal de Saint Jean le Thomas;Plage de Pignochet, 50530 Saint-Jean-le-Thomas, France
Camping Municipal des Isles;Unnamed Road,21360, Bligny-sur-Ouche, France
Camping Municipal Du Grand Sable;683 Rue de la Mer, 76740 Saint-Aubin-sur-Mer, France
Camping Municipal du Pont de Bussy;Pont de Bussy, 71550 Anost, France
Camping municipal du Roch Vétür;Plage de Rouvran, 56370 Le Tour-du-Parc, France
CAMPING MUNICIPAL LA PIERRE Melisey;10 Les Granges Baverey, 70270 Mélisey, France
CAMPING MUNICIPAL LA VERNHE;Rte du Nayrac, 12460 Saint-Amans-des-Cots, France
Camping municipal Le Chabrioux;190 Bonnet, 07360 Saint-Michel-de-Chabrillanoux, France
Camping Municipal Le Grand Large;4 route du Sauze, 05160 Savines-le-Lac, France
Camping Municipal Le Lac Vert;1000 Rue de la Plage, 57930 Mittersheim, France
Camping municipal les Millots;Route de Saint-Michel-en-Brenne, 36300 Rosnay, France
Camping Naturiste du Lac de Lislebonne;3224 route de Mézin, 47170 Réaup-Lisse, France
Camping Nice Al Boucle d'Or;1 Chem. des Traverses, 06670 La Roquette-sur-Var, France
Camping Paradis Aloé;82 Rte de Saujon, 17600 Médis, France
Camping Paradis L'escapade;Lieu dit Les Roussilloux, La grande lisse, 24520 Lamonzie-Montastruc, France
Camping Paradis Le Pearl;Route de Taxo à la mer, 66700 Argelès-sur-Mer, France
Camping Paradis Les Palmiers;2 Rle De Kernivilit lieu dit, 56470 Saint-Philibert, France
Camping Paradis Les Pins - Royan;4 Rue des Fougères, 17420 Saint-Palais-sur-Mer, France
Camping Paradis Les Rochelets;Chem. des Grandes Rivières, 44250 Saint-Brevin-les-Pins, France
Camping Parc du Guibel;Rte de Kerdrien, 44420 Piriac-sur-Mer, France
Camping Penn Mar - Vacances André Trigano;21 Rte de Port Blanc, 56870 Baden, France
Camping Pirate;Parc national des Cévennes, D907, 30940 Saint-André-de-Valborgne, France
Camping Plein Sud;Boussenac N, 07800 Gilhac-et-Bruzac, France
Camping Pole Touristique Bellevue;Le Bourg, 12140 Golinhac, France
Camping RCN la Ferme du Latois;Le Latois, 85220 Coëx, France
Camping RCN le Moulin de la Pique;D710, 24170 Pays de Belvès, France
Camping Revigny-sur-Ornain;55800 Revigny-sur-Ornain, France
Camping Saint-Georges;Sant Jordi, 66400 Céret, France
Camping Saint-Pal;Camping saint pal, Route des Gorges du Tarn, 12720 Mostuéjouls, France
Camping San Damiano;1075, Lido de la Marana, 20620 Biguglia, France
Camping Sandaya Domaine du Verdon;D952, 04120 Castellane, France
Camping Seasonova Etennemare;21 Rue du Ham. d'Etennemare, 76460 Saint-Valery-en-Caux, France
Camping SEASONOVA la Pointe de Roscoff - Roscoff;All. des Chênes Verts, 29680 Roscoff, France
Camping Trez Rouz;29160 Crozon, France
camping u valdo;Pinzolo, 20227 Ghisoni, France
Camping Vagues Océanes - Labeiller;1701 Rte de Barjac, 30500 Saint-Victor-de-Malcap, France
Camping Vagues Océanes - Licorne;1005 Bd de l'Europe, 59240 Dunkerque, France
Camping Vagues Océanes - Marinette;21 Av. Frédéric Mistral, 66470 Sainte-Marie-la-Mer, France
Camping Verdon La Source;Margaridon, 83630 Les Salles-sur-Verdon, France
Camping Vert Gapeau;rd12 n°4449, 83400 Hyères, France
Camping Yelloh! Village Saint Pabu Plage;50 Rte des Banches, 22430 Erquy, France
Camping Yelloh Village La Plaine;247 Chem. de la Plaine, 07120 Ruoms, France
Camping Yelloh Village Les Grands Pins;Plages - Nord, 33680 Lacanau, France
Camping Yelloh Village Pomport Beach;1736 Rte du Lac, 24240 Pomport, France
Domaine de Kerpenhir - Camping Morbihan;2 rue Henri EZAN Kerpenhir, 56740 Locmariaquer, France
Domaine Mon Calme - Camping & Appart Hôtel;Rue de norvoret, 44420 Piriac-sur-Mer, France
Espace Vital Camping & Caravans;28 Les Dues, 71990 La Grande-Verrière, France
ETANG D'HERCULAT ( Base de Loisirs & Camping);03380 Treignat, France
Flower Camping La Grande Plage;71 Rue Paul Langevin, 29740 Plobannalec-Lesconil, France
Flower Camping le Riviera;3318 Rte du Rocher, 07120 Sampzon, France
Flower Camping Les Gorges de l'Aveyron;1511 chemin de Marsac, 82140 Saint-Antonin-Noble-Val, France
Idéal Camping;16 Av. de Suzac, 17110 Saint-Georges-de-Didonne, France
IGESA Camping Ploemeur Fort-du-Talud;Chem. des Douves, 56270 Ploemeur, France
Kheops Vacances - Camping Les Dunes;1647 El Marenda Gros, 66440 Torreilles, France
Le Camping de la Tour;5 Rte d'Alès, 30500 Saint-Ambroix, France
Les Auzerals Camping du Lac;Rte de Grazac, 81800 Rabastens, France
Les Jardins de Kergal - Camping Guidel;KERGAL, Rue Kerdrien Uhel, 56520 Guidel, France
Liabaquet gîtes et camping;Liabaquet, 24270 Sarlande, France
PRL La Taillade de Montségur en Ariège 09 location de chalets de février à octobre 2026 et aire de camping -car;3 Qur de la Poésie, 09300 Fougax-et-Barrineuf, France
Resort Les Champs Blancs - Camping Cap d'Agde;76 Rte de Rochelongue, 34300 Agde, France
Villatoile Camping et gîtes;Pont-à-Lesse 31, 5500 Dinant, Belgique
ZEcamping 4 étoiles 700m plage parc aquatique chiens acceptés sauna;85160 Saint-Jean-de-Monts, France
ZEcamping 4 étoiles espace aquatique club enfant animations sauna mini golf;85160 Saint-Jean-de-Monts, France
ZEcamping 5 étoiles animé parc aquatique locatif TV BBQ 29m2;29000 Quimper, France
ZEcamping 5 espace aquatique pet friendly sauna;29000 Quimper, France
"""Verdon yourte"" Camping à la ferme";719 route de Vergons, 04170 Angles, France
"Camping Municipal ""Le Clos Marin""";43 Rue des Bergeronnettes, 50770 Pirou, France
"Camping à la Ferme ""La Billardière""";1520 Rte de la Bretagne, 61800 Le Ménil-Ciboult, France
"CAMPING-PÊCHE ""ETANGS DE LA SCIERIE""";14 Rue de la Scierie, 62130 Hernicourt, France
Camping Blue Bayou Sandaya - Vendres Plage - 5 étoiles;Plage Ouest, 34350 Vendres, France
Camping l'Hirondelle France;60 route de la Garenne, 26410 Menglon, France
Camping Municipal Les Chaussières;19 Chem. du Bez, 26410 Châtillon-en-Diois, France
Camping Yelloh! Village Les Tournels;Yelloh! Village Les Tournels, 83350 Ramatuelle, France
Camping L'Offrerie - Dordogne - Périgord noir;Le Grand Boisset, 24580 Rouffignac-Saint-Cernin-de-Reilhac, France
Camping La Nouvelle Croze Dordogne Périgord;Route de Sarlat, 24580 Rouffignac-Saint-Cernin-de-Reilhac, France
Camping Les Grebes Du Lac De Marcenay;5 route du lac, 21330 Marcenay, France
Camping Le Damier;Francischino, 20131 Pianottoli-Caldarello, France
Camping La Forêt en Dordogne;Lieu-dit La Forêt Nord, D703, 24510 Pezuls, France
Camping Clicochic - Lac de Miel;Lac de Miel, 19190 Beynat, France
Camping Naturiste Le Champ De Guiral;215 Chem. du Champ de Guiral, 46300 Gourdon, France
Camping Eliana;188 Rue des Pommiers, 73260 Grand-Aigueblanche, France
Camping Le Pressoir;227 Rte Du Camping, 33570 Petit-Palais-et-Cornemps, France
Camping Village des Bons-Hommes;Rue Jacquard, 09300 Lavelanet, France
Camping Moncalm · APV · 4 étoiles;Camping Moncalm, 21 Rue du Chemin de Fer, 85750 Angles, France
Camping la Parée du Jonc · APV · 3 étoiles;Chem. de la Parée du Jonc, 85160 Saint-Jean-de-Monts, France
Camping le Tropicana;Chem. des Bosses, 85160 Saint-Jean-de-Monts, France
Camping Capfun - Pachacaid;1639 Rte du Canadel, 83310 La Môle, France
Parc Camping de Pramousquier;55 Chem. de la Faveirolle, 83980 Le Lavandou, France
Camping Le Dauphin - Argelès sur Mer;Rte de Taxo à la mer, 66700 Argelès-sur-Mer, France
Camping Municipal du Mont Saint-Frieux;21 Rue de la Mer, 62187 Dannes, France
Camping Yelloh! Village l'Atlantique;BP11 Hent Kerbader B5, 29170 Fouesnant, France
Camping de la Plage - Camping Bénodet;20 Rue du Poulquer, 29950 Bénodet, France
Camping Vert Lavande;12 Impasse Raymond Fournier, 12370 Belmont-sur-Rance, France
Camping la Côte d'Argent;134 Route de Contaut, 33990 Hourtin, France
Camping le Pilon d'Agel | Camping Noves | Bouches du Rhônes;250 Chem. du Pilon D’Agel, 13550 Noves, France
Camping Le Saint Vivien;35 Rue Ludovic Trarieux, 33590 Saint-Vivien-de-Médoc, France
Camping Capfun - Palombière;Lieu dit Galmier, 24200 Sainte-Nathalène, France
Camping de Maillac;284 Rte de la Roussie, 24200 Sainte-Nathalène, France
Camping le Moulin;Lieu-Dit Moulin de Treneuillet, 1 Rte de Niort, 79110 Chef-Boutonne, France
Camping Homair - Saint Avit Loisirs;Lieu-dit Gabernat, 24260 Saint-Avit-de-Vialard, France
Camping L'Abri des Pins;247 Route de Notre Dame de Monts, 85160 Saint-Jean-de-Monts, France
Camping de L'Escaut;12 Rue de l'Église, 59266 Honnecourt-sur-Escaut, France
Camping Domaine de la Catinière;910 Rte de la Morelle D22, 27210 Fiquefleur-Équainville, France
Camping de la Grève de Loire;Les Varennes, 41150 Chaumont-sur-Loire, France
Camping Le Pin Parasol;Avenue Ricardo Mazza, 34630 Saint-Thibéry, France
Camping les Pommiers Pays d'Auge;157 Rte du Lieurey, 27260 Saint-Sylvestre-de-Cormeilles, France
Camping Homair - Parc des Roches;Le Parc des Roches, Rte de la Petite Beauce, 91530 Saint-Chéron, France
Camping Les Coquelicots;7 Rue des Coquelicots, 17200 Royan, France
Camping Domaine de Corneuil;105 Imp. de Corneuil, 24340 Mareuil en Périgord, France
Camping Les Borgnes Saint-Sozy;75 rue de l'Occitanie, 46200 Saint-Sozy, France
Camping Le Domaine du Bléquin- Nielles Aventures;8 Rue de Larré, 62380 Nielles-lès-Bléquin, France
Camping les étoiles;Allée du Stade, Le Bourg, 19230 Saint-Sornin-Lavolps, France
Camping Capfun - Citadelle de Loustic;Chem. des Hautes Sentes, 14880 Hermanville-sur-Mer, France
Camping Deux Fontaines Sandaya - Finistère Sud - 4 étoiles;Feunteun Vihan, 29920 Névez, France
Camping de L'Océan | Finistère Sud | Bretagne;15 Impasse des mouettes, Keroren, 29920 Névez, France
Camping Le Raguenes Plage | Bretagne Sud;15-19 Rue des Îles, 29920 Névez, France
Camping Hendaye Ametza;156 Bd de l'Empereur, 64700 Hendaye, France
Camping Atlantica - Ciela Village;15 chemin de miquelenéa quartier, 64500 Saint-Jean-de-Luz, France
Camping Les Acacias Hendaye;2575 Chem. de la Glaciere, 64700 Hendaye, France
Camping Homair - Château de Galaure;31 Rue du Stade, 26330 Châteauneuf-de-Galaure, France
Camping Aux Portes du Sauveterre;Le village, 48500 Massegros Causses Gorges, France
Camping Les Etangs du Plateau des Landes;8 Rue du Parfum des Sapins, 62570 Helfaut, France
Camping L'Idéal à Annecy;715 Rte de Chaparon, 74210 Lathuile, France
Camping SEASONOVA Barberousse - Gruissan;Route de l'Ayrolle, 11430 Gruissan, France
Camping Capfun - Jantou;535 Chem. des Coudelières, 84250 Le Thor, France
Camping Clicochic - Sources de Gordes;301 Chem. de Fontanille, 84220 Gordes, France
Camping La Butte;Camping La Butte lieu-dit, 24250 La Roque-Gageac, France
Camping Tohapi Domaine De La Sainte Baume 4*;2 Cr Général de Gaulle, 83860 Nans-les-Pins, France
Camping La Pinède;Route de la Pinède, 20260 Calvi, France
Camping Azun Nature;1 Rte de Las Poueyes, 65400 Aucun, France
Camping Capfun - Route Blanche;6 La Route Blanche, 50290 Bréville-sur-Mer, France
Camping Les Dauphins 4*;13 All. des Dunes, 50590 Montmartin-sur-Mer, France
Camping La Belle Etoile Gorges du Tarn;1 Chem. des Prades, 12520 Aguessac, France
Camping Les Fougères - Auvergne;LIeu-Dit, 63790 Murol, France
À côté du parc aquatique et à 150m du centre;47600 Nérac, France
Appartement domaine du golf Pont Royal Provence avec PARC AQUATIQUE compris;13370 Mallemort, France
Aqua Club - Complexe de loisirs Hardelot;Av. John Whitley, 62152 Neufchâtel-Hardelot, France
Aqua Détente;57 Rte des Lacs, 33680 Le Porge, France
Aqua Enjoy - Activités Nautiques Guyane;Centre Nautique de Montsinéry-Tonnegrande, Montsinery 97356, Guyane française
AQUA FUN du Sancy;Lac Chambon, Petite plage Ouest, 63790 Chambon-sur-Lac, France
Aqua Jeux et Composites;l'achidiacreire, 41360 Cellé, France
Aqua Leman Nautique ALN;650 Rte du Port, 74140 Sciez, France
AQUA POOL RENOV;Parc Eurochannel, 2 Rue Louis Blériot, 76370 Martin-Église, France
Aqua4Jump Nantheuil;des Grésilles, 245 All. des Loisirs, Rte du Plan d'Eau, 24800 Nantheuil, France
AQUABULLE;F4CJ+3H8, Le Marin 97290, Martinique
Aquacentre les Lacs de l'Eau d'Heure;rue du Bois du Four, 6440 Froidchapelle, Belgique
Aquadjetland;STE ESTEPHE FR, La Forêt du Grand Maine, 16440 Roullet-Saint-Estèphe, France
Aquafit;7 Av. Louis Frédéric Rouquette, 34140 Loupian, France
AquaFit Attitude;Case Navire Quartier Anse Madame Schoelcher schoelcher, 97233, Martinique
AQUAFIT'BULLE;1 bis Rue des Sureaux, 28410 Bû, France
Aquaform Club;94 Av. des Îles, 74300 Thyez, France
AquaGaudi;Prater 99/a, 1020 Wien, Autriche
Aquaglide - Distributeur officiel;32 Rue d'Hem, 59780 Willems, France
Aquaglisse;Port Gardian - Le port de la Camargue - Port de plaisance, 13460 Saintes-Maries-de-la-Mer, France
Aquajet;48 Rue du Four À Chaux, 11110 Vinassan, France
Aquajump 66;lac de baignade, Plan d'eau, 66490 Saint-Jean-Pla-de-Corts, France
Aquakids 40;426 Rte de la Plage S, 40660 Messanges, France
Aqualigne - Salle de Sport au Pian;Zac Les Portes de Médoc, Rte de Pauillac, 33290 Le Pian-Médoc, France
Aqualyse Spa;Chem. des Combes, 01700 Saint-Maurice-de-Beynost, France
Aquanimal;94000 Créteil, France
AQUAPARC MOLIERES: parc de loisir aquatique;EURL St Privat, Base de loisirs, le Malivert, 82220 Molières, France
Aqua-Parc Saint-Jory;Lac de Braguessou, Chem. de Perruquet, 31790 Saint-Jory, France
Aquapark du dicosa;Espace loisir les étangs, 550 chemin des héronnières, 81710 Saïx, France
AquaPark L'Isle Jourdain;Avenue du bataillon d'armagnac, 32600 L'Isle-Jourdain, France
Aquapark Montél'O Park;Chem. de la Ballastière, 26200 Montélimar, France
Aquapark Xtremadventure;Rue Clémenceau 11, 7160 Chapelle-lez-Herlaimont, Belgique
Aqua'Rider Rafting;Le Martinet, 04340 Méolans-Revel, France
Aquarium De Noirmoutier;5 Rue de l'Écluse, 85330 Noirmoutier-en-l'Île, France
AQUASCOPE;Ponton De Grande Anse d'Arlet, ANSES D'ARLET 97217, Martinique
AquaSlide;14 Chem. du Bols, 34150 Puéchabon, France
Aquasport Juniville;13 Av. des Écoles, 08310 Juniville, France
Aquatic' Bezançon | Azay-sur-Indre;4 Chem. des Vignes, 37310 Azay-sur-Indre, France
Aquatic Club;17 Rue Daniel Gilard, 56000 Vannes, France
Aquatico plongée;Centre Aquatique Youri Gagarine, 65 Rue du N, 95100 Argenteuil, France
Aquatik Plongée;1 bis Rue de la Gare, 78640 Villiers-Saint-Frédéric, France
Aquatique Show International;13 A Rue du Travail, 67720 Hœrdt, France
Aquazone 36;Plan d eau, 36500 Saint-Genou, France
Bel ARTILOU 15mn Parc Aquatique - Plage des Dagueys - Cité médiévale St Emilion;33570 Les Artigues-de-Lussac, France
Centre Aquatique & Spa;Sq. du Canada, 76200 Dieppe, France
Centre Aquatique de Dangé-Saint-Romain;Rue du Stade, 86220 Dangé-Saint-Romain, France
Complexe Aquatique Des Abers;Pl. du Dr Paul Guyader, 29290 Saint-Renan, France
Ctre Aquatique Lau Folies;
Destination Aquatique : Portail des Etablissements de Bassins Aquatiques en France;
Espace Aquatique;
Espace Aquatique Ingénierie Conseil;13 Rue Roger Chauviré, 49125 Briollay, France
Espace Aquatique Intercommunal;
Espace Aquatique Résidence CGH Le Centaure;
futur Centre Aquatique;Chem. Valois, 62440 Harnes, France
Gîte Bel ARTILOU- Parc Aquatique - Plage des Dagueys - Cité médiévale;33570 Les Artigues-de-Lussac, France
HPO - Point départ Rafting et Rando Aqua;9386 Rte des Gorges du Verdon, 04120 Castellane, France
La Ferme Aquatique;2 Rue d'Avelette, 62232 Hinges, France
La symphonie aquatique;592 Rue de l'Église, 76690 Le Bocasse, France
L'aquablue club Aquatique Piscine couverte;2 Rte de Limoges, 19140 Uzerche, France
L'aquarium plongée;20131 Pianottoli-Caldarello, France
Les Aqua Boom;RN 40, 62600 Berck, France
Logis Hôtel Restaurant le Védaquais;Pl. de la Liberté, 72500 Vaas, France
Mini Parc Aquatique;43, 47 Bd du Front de Mer, Saint-Paul 97460, La Réunion
Muséum-Aquarium de Nancy;34 Rue Sainte-Catherine, 54000 Nancy, France
Occi’Cani Aqua;Rue de la Source, 34420 Villeneuve-lès-Béziers, France
Parc aquatique Aqua2o Lac Le Muy Var 83;Lac du Rabinon, 83490 Le Muy, France
Parc aquatique Les Paillottes à Gasques;Le Vignoble de Cornillas, 82400 Gasques, France
Parc Aquatique: Aqua St Point;8 Rue du Port, 25160 Saint-Point-Lac, France
Parc aquatiques loisir canin l'éco;Chem. des Routes de Maligeay, 84150 Jonquières, France
Parking : Centre Aquatique du Lac;Rue de l'Auberdière, 37200 Tours, France
Parking centre aquatique;50800 Villedieu-les-Poêles-Rouffigny, France
Parking du Centre Aquatique du Grand Jardin;9 Rte de Saint-Mammès, 77250 Moret-Loing-et-Orvanne, France
Piscine Aqualoisirs d'Autrans;Voie du Village Olympique, 38880 Autrans, France
PISCINE Couverte - Centre AquaRel-C4MJ;Piscine Publique - Centre AquaRel-c4mj, 8 Rue des Compagnons, 40230 Saint-Vincent-de-Tyrosse, France
Piscine Municipale - Centre Aquacréatif Ondine;Rue Léo Lagrange, 87300 Bellac, France
Plaisir Aquatique;56420 Plaudren, France
Planete Racing - Jet West Events - LOCATION JET SKI VENDEE AquaPark - Parc Aquatique;306 Rte d'Apremont, 85300 Challans, France
Rando Aqua Réunion Rafting La Réunion - Canyoning Rafting Kayak;8 Chem. de l'Ilet Danclas, Saint-Benoît 97470, La Réunion
SAINT-ETIENNE AQUATIC METROPOLE;31 Bd Jules Janin, 42000 Saint-Étienne, France
So'Aqua;4 Rue des Artisans, 79300 Bressuire, France
Tendance Aquatique;Chem. Saint-Romain, 69480 Anse, France
Toboggan Aquatique De Rémering-les-Puttelange;507 Ctre de Plein Air, 57510 Rémering-lès-Puttelange, France
Tutur Aventures Randonnée Aquatique Verdon Castellane;carajuan, 04120 Rougon, France
AC Hôtel Ambassadeur Antibes - Juan-les-Pins;50-52 Chem. des Sables, 06160 Antibes, France
ACE Hôtel Angers;Rue du Paon, 49124 Saint-Barthélemy-d'Anjou, France
ACE Hôtel Annemasse;Rue des Biches, 74100 Ville-la-Grand, France
ACE Hôtel Châteauroux;Av. Gustave Eiffel, 36130 Déols, France
Ace Hôtel Le Mans Nord;2 Rue Louis Chappee, 72650 Saint-Saturnin, France
ACE Hôtel Lyon Vénissieux Parc des Expositions;385 Rte de Vienne, 69200 Vénissieux, France
ACE Hôtel Metz;90bis Bd Solidarité, 57070 Metz, France
ACE Hôtel Paris Roissy;6 Rue Galilée Zac Les Aulnes La Vilette, Rue Galilée, 77290 Mitry-Mory, France
Ace Hôtel Valence;47 Av. des Auréats, 26000 Valence, France
ACE Hôtel Vendée Sainte-Hermine;Parc Vendée Atlantique, 85210 Thiré, France
All Suites Appart Hôtel | Bordeaux - Mérignac Aéroport;27 All. Félix Nadar, 33700 Mérignac, France
Anglade-hôtel;10 Av. du Général de Gaulle, 83980 Le Lavandou, France
Aparthôtel Adagio Porte de Versailles;16 Rue Eliane Jeannin-Garreau, 92130 Issy-les-Moulineaux, France
Appart Hôtel - Residhome Chartres;2 ter Rue Pierre Mendès France, 28000 Chartres, France
Appart Hôtel - Residhome Luxembourg;3 Bd du Jazz, 4370 Esch-Belval Esch-sur-Alzette, Luxembourg
Appart Hôtel - Residhome Neuilly Bords de Marne;1 Rue du Canal, 93360 Neuilly-Plaisance, France
Appart Hôtel - Residhome Toulouse Tolosa;279 Av. de Grande Bretagne, 31300 Toulouse, France
Appart Hôtel Le Rocher;3 zone artisanale de, La Tassinerie, 50700 Valognes, France
Appart'City Classic Toulouse Colomiers - Appart Hôtel;10 Av. André-Marie Ampère, 31770 Colomiers, France
Appart'City Collection Paris Vélizy - Appart Hôtel;3 Av. Morane Saulnier, 78140 Vélizy-Villacoublay, France
Appart'Hôtel du Bout du Monde;1 Rue du Chanoine Bossennec, 29570 Camaret-sur-Mer, France
Art de Vivre - Boutique Hôtel et Spa;Rte de Fleurs des Champs 17, 3963 Crans-Montana, Suisse
Atlantic hôtel et spa;5 Prom. Georges Godet, 85100 Les Sables-d'Olonne, France
Au Domaine Des Camélias - Gîte et Chambres d'hôtes Morbihan;Beven, 56930 Pluméliau-Bieuzy, France
Au Moulin de la Walk - Hôtel Restaurant;2 Rue de la Walk, 67160 Wissembourg, France
Au Primerose Hôtel;23 Rue de l'Yser, 65400 Argelès-Gazost, France
Bagatelle Hôtel Restaurant;49 Rue Gambetta, 54700 Pont-à-Mousson, France
Balzac Hôtel Restaurant;15 Rue nationale, 35300 Fougères, France
Bar Hôtel Crêperie L'Ezenn;166 Rte du Vieux Port, 56170 Île-d'Houat, France
Bartaccia Hôtel;Route de la Corniche, 12 Qur Bartaccia, 20110 Propriano, France
Base Camp Lodge Les 2 Alpes - Hôtel Restaurant;120 Av. de la Muzelle, 38860 Les Deux Alpes, France
beddy bye hôtel;895 Av. des Pierrottes, 88140 Contrexéville, France
Best Western Hôtel Kobalt - Annecy Nord;49 Rue du Parmelan, 74330 Epagny Metz-Tessy, France
Best Western Hôtel Paradou Mediterranée;Le Port, D49, 13960 Sausset-les-Pins, France
Best Western Hôtel San Benedetto;26 Bd Gustave Richard, 49300 Cholet, France
Best Western Plus Hôtel Canet Plage;120 Prom. de la Côte Vermeille, 66140 Canet-en-Roussillon, France
Best Western Plus Hôtel de Robien;1 Bd Carnot, 22000 Saint-Brieuc, France
Best Western Plus Hôtel d'Europe et d'Angleterre;92-109 Quai Jean Jaurès, 71000 Mâcon, France
Blanc Sable Hôtel;6 Imp. Beau Soleil, 06220 Vallauris, France
Boustigue Hôtel;Rte de la Salette, 38970 Corps, France
BOUTIK HÔTEL 2A - Adult Only - Réservé aux Adultes;54 ROUTE DE BOUCAN CANOT, 97434, La Réunion
Boutique Hôtel - Le Clos Huguerie;57 Rue Huguerie, 33000 Bordeaux, France
Boutique Hôtel Corbetta · Boutique Hôtel 4 étoiles;Rte des Paccots 163, 1619 Paccots, Suisse
Boutique Hôtel et Restaurant Basgi Basgi;Tettola Lieu dit, 20217 Saint-Florent, France
Break Hôtel;Parc technologique de Sologne, Rte de Vieilfond, 18100 Vierzon, France
Brit Hôtel Magdalena;1 Rue Paul Eluard, 58640 Varennes-Vauzelles, France
Carayou Hôtel & Spa;Pointe du bout Trois Ilets (Les, 97229, Martinique
Central Hôtel Antananarivo;Rue Andriamanamihaja Raoul Tsaralalana Antananarivo, 2 Lalana Ingereza, Antananarivo 101, Madagascar
Chalet Hôtel d'Ailefroide;05340 Vallouise-Pelvoux, France
Châlet Hôtel Skiroc;plan trepy, 74660 Vallorcine, France
Chalet RoyAlp Hôtel & Spa;Domaine de, Les Roches-Grises 23, 1884 Villars-sur-Ollon, Suisse
Chambre d'hôte La Cannelia - Tsingoni (Miréréni);5 impasse tropina Miréréni, Tsingoni 97680, Mayotte
"Chambre d'hôtes ""De paille et d'argile""";10 rue haute, 08430 Touligny, France
Chambre d'hôtes Au Fil De L'eau;1351 Rte du Conihout, 76480 Jumièges, France
Chambre d'Hôtes de Saint Hubert;225A des, Les Hubacs, 26160 Le Poët-Laval, France
Chambre d'Hôtes Entre Mer et Monts;Lanfrank, 29550 Plomodiern, France
Chambre d'hôtes La Lauze - Tarn;2625 route de Bagas, La Lauze, 81570 Vielmur-sur-Agout, France
Chambre d'hôtes Le Chateau de Chaumard;Le Château, La Couture, 58120 Chaumard, France
Chambre d'hôtes le Pot au Lait dans les Alpes Mancelles;7 rue de, La Grande Suraie, 53700 Villaines-la-Juhel, France
Chambre d'hôtes L'Eden Tonneins;1021 Rte de Laparade, 47400 Tonneins, France
CHAMBRE D'HÔTES PIVOINE - A5 TROYES;11 Rte de la Fontaine, 10110 Fralignes, France
Chambre D'hôtes Vieux Boucau;8 Rue des Ramiers, 40480 Vieux-Boucau-les-Bains, France
Chambres d’hôtes B&B Les Autres Sens à Villers-la-Ville;Chem. de la Bruyère des Censes 2G, 1495 Villers-la-Ville, Belgique
CHAMBRES D'HÔTES - Résidence de la Porte d'Arras;221 Rue d'Arras, 59500 Douai, France
"Chambres d'hôtes ""La Tour"" Domaine de la Source Bleue";"Lieu dit La source bleue ""La tour, 46700 Touzac, France"
"Chambres d'hôtes ""Les Bains""";chemin des bains, 81340 Trébas, France
Chambres d'hôtes / gîtes Villa des Charmilles;18 Pl. Louis Rioufol, 07240 Vernoux-en-Vivarais, France
Chambres d'hôtes 1001 Nuits Montalivet Médoc;20 Rue des Saules, 33930 Vendays-Montalivet, France
Chambres d'hôtes au Château de Preuil;Château de Preuil, 18190 Vallenay, France
Chambres d'hôtes Au dela des vignes;2 rue du Tilleul de la Révolution, Ham. d'Orches, 21340 Baubigny, France
Chambres d'hôtes Bélard;Bélard Huella, 29550 Plonévez-Porzay, France
Chambres d'hôtes de L'Airaines;5 Vieille Chau. de Paris, 80270 Airaines, France
Chambres d'Hôtes Domaine d'Augy;7 Rte du Vieux Moulin, 18800 Farges-en-Septaine, France
Chambres d'hôtes du Colvert;9 Rue des Docteurs Cisseville, 76440 Forges-les-Eaux, France
chambres d'hôtes du moulin.Tincey;Le Moulin, 70120 Tincey-et-Pontrebeau, France
Chambres d'hôtes LA COLOMBE;18 Rue de l'École, 57830 Xouaxange, France
Chambres d'hôtes La Coloniale;Les Cailloux, 19240 Varetz, France
Chambres d'hôtes La Fromagerie;87 Rue du Général de Gaulle, 52330 Colombey les Deux Églises, France
Chambres d'hôtes La Rialhe;26 Rue des Petits Remparts, 26770 Taulignan, France
Chambres d'hôtes Le Mas de la Grande Baraque;La Baraque et les Plaines, Rue de la Croisette, 30460 Lasalle, France
Chambres d'Hôtes Le Moulin du Couëdic;Couëdic, 56130 Nivillac, France
Chambres d'hôtes Le Patio de Valros;49 Av. de Pézenas, 34290 Valros, France
Chambres d'Hôtes L'Echappée Belle;45500 Saint-Brisson-sur-Loire, France
chambres d'hôtes Les cabris;4 Fragne, 03190 Verneix, France
Chambres d'hôtes les Hauts de Cavanello;20124 Zonza, France
Chambres d'hôtes L'esprit du Clain;2 Rue Jean de la Fontaine, 86530 Naintré, France
Chambres d'hôtes L'Hirondelle;6 Grand' Rue, 08260 Girondelle, France
Chambres d'hôtes l'Orée du Bois à Vitry-aux-Loges;57 Av. de la Gare, 45530 Vitry-aux-Loges, France
Chambres D'hôtes Maison Terra Rosa & SPA;195 Rue de la République, 31290 Villefranche-de-Lauragais, France
Chambres d'hôtes: Le Clos de la Pinsonnière;Rue des Clos, 49260 Vaudelnay, France
Chambres et table d'hôtes La Hautée des Francs;La HAUTE DES FRANCS, Numéro 8, 37250 Veigné, France
Chambres et tables d'hôtes Cornec;5 Chem. de Cornec, 22620 Ploubazlanec, France
chambres et tables d'hôtes la source d'en haut;311 Chemin de BILLEYRE, Chabressat Lieu dit, 63600 Valcivières, France
Château de la Hussardière Chambre d'hôtes Haute- Saône;1 Rte de Roche, 70180 Vaite, France
Chateau de la Rozelle Hôtel;15 bis Rue de la Rozelle, 41120 Cellettes, France
Château du Theil - Hôtel Restaurant;1 Allée du Château du Theil, 19200 Ussel, France
Chateau Mariande Chambres d’hôtes;2 Chem. de Mourel, 31800 Estancarbon, France
CLOS DES ANGES Maison d'hôte Dingé;8 Rue Tanouarn, 35440 Dingé, France
Confort Hôtel;406 Rue Du Bac D'Ablon, 91230 Montgeron, France
Contact Hôtel Astréa;23-25 Bd Camille Dagonneau, 58640 Varennes-Vauzelles, France
Contact Hôtel Bio-Motel 52;Zone artisanale des Rieppes, Route de Neuilly, 52000 Semoutiers, France
Contact Hôtel Tambourin;1 Rue Auguste Choisy, 51300 Vitry-le-François, France
Demeure d'hôtes du Rocher;2 Rue du Pontis, 06560 Valbonne, France
Domaine de l'Estuaire - Chambres d'hôtes;Le Maine Chevalier, 19 Rte Verte, 17150 Saint-Thomas-de-Conac, France
Domaine de Montagne Hôtel 4 étoiles à Ventron;88310 Ventron, France
Domaine du Baraillot : Chambres d'hôtes, restaurant, événementiel;1562 ROUTE DU BARAILLOT, 47190 Aiguillon, France
Domaine du Prieuré - LOGIS Hôtel;14 Rue du Champ de Foire, 17380 Tonnay-Boutonne, France
Downtown Hôtel;28 Lalana Adrianary Ratianarivo, Antananarivo 101, Madagascar
Eco Hôtel Rouen Louviers Le Vaudreuil;123 Rue Bernard Chédeville, 27100 Le Vaudreuil, France
Epona Hôtel Sens;97 Rue de la République, 89100 Sens, France
Europe Hôtel;8 Imp. André Marie Ampère, 58640 Varennes-Vauzelles, France
Fasthôtel Angers Ouest;3 Av. du Pin, 49070 Beaucouzé, France
Fasthôtel Montpellier Baillargues;26 Av. de la Biste, 34670 Baillargues, France
Fasthôtel Port Lauragais A61;Aire de Port Lauragais, A61, 31290 Avignonet-Lauragais, France
Fasthôtel Tours Sud - Chambray Lès Tours;27 Rue Etienne Cosson, 37170 Chambray-lès-Tours, France
Four Seasons Hôtel des Bergues;Quai des Bergues 33, 1201 Genève, Suisse
Gîtes & Chambres d'hôtes - La ferme Mercier;36 Rue du Général Leclerc, 91710 Vert-le-Petit, France
Gîtes et Chambres d’hôtes Le Clarou;75 Chem. du Valdeyron a Esperries, 30570 Val-d'Aigoual, France
Golf Hôtel Colvert Contact Hôtel;Levernois FR, 23 Rue du Golf, 21200 Beaune, France
Grand Hôtel;28 Av. Charles de Gaulle, 84600 Valréas, France
Grand Hôtel de la Poste Vienne - Hôtel de charme;47 Cr Romestang, 38200 Vienne, France
Grand Hôtel de Valloire et Galibier;Rue des Grandes Alpes, 73450 Valloire, France
Grand Hôtel des Brotteaux Lyon Handwritten Collection;112 - 114 Boulevard des Belges, 69006 Lyon, France
Grand Hôtel des Rasses & Wellness;Rte des Alpes 25, 1452 Les Rasses, Suisse
Grand Hôtel du Lac;Rue d'Italie 1, 1800 Vevey, Suisse
Grand Hôtel du Portugal;561-573 All. du Parc, 66820 Vernet-les-Bains, France
Grand Hôtel les Endroits • Restaurant avec grande terrasse et place de jeux;Bd des Endroits 94, 2300 La Chaux-de-Fonds, Suisse
Grand Slam Hôtel;26 Av. Marc de la Haye, 27100 Val-de-Reuil, France
Greenfield Chambres d'Hôtes;91 Rue du Chemin, 62152 Neufchâtel-Hardelot, France
H2o Chambres d'hôtes;11 Rue de l'Étang, 11440 Peyriac-de-Mer, France
Hôtel - Le - Mulberry;6 Rue Maurice Lithare, 14117 Arromanches-les-Bains, France
Hôtel - Restaurant Coeur de Nièvre;6 Rue du Commerce, 58330 Saint-Saulge, France
Hôtel - Restaurant Le Cro-Magnon;Hôtel Le Cro-Magnon, 54 Av. de la Préhistoire, 24620 Les Eyzies, France
Hôtel - Restaurant Le Manoir;17 Rte de Seclin, 59310 Orchies, France
Hôtel - Restaurant Le Pavillon de Saint-Lô;130 Rue de la Liberté, 50000 Saint-Lô, France
Hôtel - Restaurant Les Remparts;36 Rue Haute, 84210 Venasque, France
Hôtel & Restaurant Le Coeur d'Or;4 Rue des Vanniers, 08140 Douzy, France
Hôtel 1ère Étape;58 Rue Paul Teste, 69120 Vaulx-en-Velin, France
Hôtel A l'Ami Fritz;8 Rue des Châteaux, 67530 Ottrott, France
Hôtel Akena Reims;79 Rue Alfred Kastler, 51430 Bezannes, France
Hôtel Alfonso XIII;C. San Fernando, 2, Casco Antiguo, 41004 Sevilla, Espagne
Hôtel Alpha Paris Eiffel by Patrick Hayat;26 Rue Emile Landrin, 92100 Boulogne-Billancourt, France
Hôtel Althea;ZAC de Montimaran, 33 Rue de l'Olivette, 34500 Béziers, France
Hôtel Amys Grenoble Voreppe;2 Chem. des Mariniers, 38340 Voreppe, France
Hôtel Athéna Agde/Cap d'Agde;18 Rue de la Haye, 34300 Agde, France
Hôtel Atmosphère & Spa;Lot II L, Ankorondrano, Antananarivo 102, Madagascar
Hôtel Au Bois Vert;LOT 36 AI AMBODIRANO, Antananarivo 105, Madagascar
Hôtel au Relais de Trans;Chem. le Cognet, 83720 Trans-en-Provence, France
Hôtel Au Vieux Moulin;57 Rue du Gén Dufieux, 68650 Lapoutroie, France
Hôtel B&R LLN Piano 2;Grand'Route 61, 1435 Mont-Saint-Guibert, Belgique
Hôtel Balladins Sarcelles;1 Rue du Père Heude, 95200 Sarcelles, France
Hôtel Balme;2 Pl. du Portalet, 48800 Villefort, France
Hôtel Bar Au Bout du Monde Le Conquet;5 Pl. de Llandeilo, 29217 Le Conquet, France
Hôtel Bar Restaurant du Marché;2 Grand' Rue, 85230 Beauvoir-sur-Mer, France
Hôtel Beau Rivage - Restaurant l'Eveil des Sens;21 Rue de la Mairie, 35960 Le Vivier-sur-Mer, France
Hôtel Beau Site;Pramousquier Plage, 83980 Le Lavandou, France
Hôtel Beau Soleil;Aiguebelle-Plage, Av. des 3 Dauphins, 83980 Le Lavandou, France
Hôtel Beau-Rivage Palace;Chem. de Beau-Rivage 21, 1006 Lausanne, Suisse
HÔTEL BEAUSÉJOUR;5 Rue des Fauvettes, 06400 Cannes, France
Hôtel Beauséjour Vic sur Cère;4 Av. André Mercier, 15800 Vic-sur-Cère, France
Hôtel BEL VALEN;Chem. des Jeannets, 83143 Le Val, France
Hôtel Belle Normandy & Bar 1066;1 Rue des Cordeliers, 14400 Bayeux, France
Hôtel Bellevue Bagnoles de l'Orne;22 Av. du Dr Joly, 61140 Bagnoles de l'Orne Normandie, France
Hôtel Belle-Vue Pontaillac;122 Av. de Pontaillac, 17200 Royan, France
Hôtel Belvedere;3GR9+473, Lalana Ranaivo Jules, Antananarivo, Madagascar
Hôtel Besson;Rue Aubijoux, 81150 Castelnau-de-Lévis, France
Hôtel Best Western Le Quercy Brive;8 Quai Tourny, 19100 Brive-la-Gaillarde, France
Hôtel Bois Joli & Plage;Rte Du Bois Joli, Terre-de-Haut 97137, Guadeloupe
Hôtel Boucan Canot;32 Rue du Boucan Canot, Saint-Paul 97434, La Réunion
Hôtel Bristol Caen;31 Rue du 11 Novembre, 14000 Caen, France
Hôtel Bristol Genève;Rue du Mont-Blanc 10, 1201 Genève, Suisse
Hôtel Burgevin;10 Rue des Petits Fossés, 45600 Sully-sur-Loire, France
Hôtel Cala di l'Oru;Bd Pierre Pasquini, 20220 L'Île-Rousse, France
Hôtel Campanile Evry Est - Saint Germain Les Corbeil;23 All. Louis Tillet, 91250 Saint-Germain-lès-Corbeil, France
Hôtel Canella Beach;Pointe de la Verdure, Le Gosier 97190, Guadeloupe
Hôtel Cap Macabou;Lot. Petit Macabou, Le Vauclin 97280, Martinique
Hôtel Cap Pirate et Pirates World;Cap d, Chem. du Camping, 34300 Agde, France
Hôtel Carlton;Rue Pierre Stibbe- Anosy 959, Antananarivo 101, Madagascar
Hôtel Central Résidence;Belvédère 20, 1854 Leysin, Suisse
Hôtel Century;Av. de Frontenex 24, 1207 Genève, Suisse
Hôtel Chalet Royal Veysonnaz;Rte de Magrappé 49, 1993 Veysonnaz, Suisse
Hôtel Château Tilques;12 Rue du Château, 62500 Tilques, France
Hôtel Continental;104 bis Av. Edouard Vaillant, 18100 Vierzon, France
Hôtel Coté Garonne - restaurant Le Balcon des Dames Tonneins;36 Cr de l'Yser, 47400 Tonneins, France
Hôtel Côté sud Léman Restaurant les Tournesols;Espace Léman, 6 Rue du Pamphiot 2, 74200 Thonon-les-Bains, France
Hôtel Courtyard by Marriott;105 Place Georges Freche, Rue du Chelia, 34000 Montpellier, France
Hôtel Cristal (Jura Resort);Chem. des Sports 10, 2350 Saignelégier, Suisse
Hôtel D’Artiste;2 Rue de Lattre de Tassigny, 25510 Pierrefontaine-les-Varans, France
Hôtel Dakhla Sur Mer;??? ???????? 13 Boulevard Mohammed V, Dakhla 73000
Hôtel d'Alsace;16 Rue Vauban, 67160 Wissembourg, France
Hôtel Dame des Arts;4 Rue Danton, 75006 Paris, France
Hôtel d'Angleterre;28 Rue Albert de Mun, 29680 Roscoff, France
Hôtel de Berny;129 Av. Aristide Briand, 92160 Antony, France
Hôtel de Blangy (Valognes);55 Rue de Poterie, 50700 Valognes, France
Hôtel de Bordeaux & Restaurant Gastronomique;1 Av. Gambetta, 17800 Pons, France
Hôtel de Calais;1 Rue de la Commune de Paris, 76470 Le Tréport, France
Hôtel de Champagne;34 Av. Denis Papin, 49100 Angers, France
Hôtel de charme Le Sens;141 Bd de la Côte de Beauté, 17640 Vaux-sur-Mer, France
Hôtel de France;22 Rue du Général de Gaulle, 68800 Thann, France
Hôtel de France;18 Pl. Gambetta, 24100 Bergerac, France
Hôtel de France;12 Av. Alsace Lorraine, 38110 La Tour-du-Pin, France
Hôtel de France - Logis;20 Pl. de la République, 72340 La Chartre-sur-le-Loir, France
Hôtel de France Toulouse;5 Rue d'Austerlitz, 31000 Toulouse, France
Hôtel de France Vire Centre;basse-normandie, 4 Rue d'Aignaux, 14500 Vire Normandie, France
Hôtel de Jouvence;18 Rue de la Font Chaude, 40100 Dax, France
Hôtel de l’Ange;4 Rue de la Gare, 68500 Guebwiller, France
Hôtel de la Baie de Paimpol;3 Route de l'Île de Bréhat, Kervenou, 22620 Ploubazlanec, France
Hôtel de la Bannière de France;11 Rue Franklin Roosevelt, 02000 Laon, France
Hôtel de la Beauronne;4 Rte de Ribérac, 24650 Chancelade, France
Hôtel de La Cigogne & Spa;Rue du 23-Juin 41, 2882 Saint-Ursanne, Suisse
Hôtel de la Cité Saint-Malo;26 Rue Sainte-Barbe, 35400 Saint-Malo, France
Hôtel de la Cloche;1 Pl. Jules Grevy, 39100 Dole, France
Hôtel de la Cloche SP;34 Rue Aristide Briand, 51300 Vitry-le-François, France
Hôtel de la Côte d'Or;2 Rue Charles Ronot, 21400 Châtillon-sur-Seine, France
Hôtel de la Darse;32 Av. du Général de Gaulle, 06230 Villefranche-sur-Mer, France
Hôtel de la Gare;2 Rue de la Liberté, 94600 Choisy-le-Roi, France
Hôtel de la gare;11 Av. de la Libération, 33360 Latresne, France
Hôtel de la Gare Autun;18 Av. de la République, 71400 Autun, France
Hôtel de la Mer;23 Bd Michelet, 34350 Valras-Plage, France
Hôtel De La Mer;La, 74 Bd des Vendéens, 85360 La Tranche-sur-Mer, France
Hôtel de la Mer;226 Av. de la Liberté 06220, 06220 Vallauris, France
Hôtel DE LA MER / Lounge Bar;28 Av. Pasteur, 35400 Saint-Malo, France
Hôtel de la Meuse;8 Rue de l'Épargne, 08000 Charleville-Mézières, France
Hôtel De La Paix;43 Rue Victor Hugo, 80300 Albert, France
Hôtel de la Plage et des Falaises;15 Rue du Maréchal Foch, 14640 Villers-sur-Mer, France
Hôtel de la Poste;58140 Vauclaix, France
Hôtel de la Poste et du Lion d'Or - Restaurant L'Éternel;9 Pl. du Champ de Foire, 89450 Vézelay, France
Hôtel de la Poste sa;Place St Arnould 1, 6830 Bouillon, Belgique
Hôtel de La Sorelle;Domaine de Gravagneux, 01320 Villette-sur-Ain, France
Hôtel de la Tabletterie;51 bis Rue Roger Salengro, 60110 Méru, France
Hôtel de la Terrasse;Rte de Vasterival, 76119 Sainte-Marguerite-sur-Mer, France
Hôtel de la Tour;19190 Aubazines, France
Hôtel de l'Amphithéâtre;4 Rue des Arènes, 30000 Nîmes, France
Hôtel de l'Arcade;9 Rue de l'Arcade, 75008 Paris, France
Hôtel de l'Espérance by Collection Vesper - Hôtel Paris 5;15 Rue Pascal, 75005 Paris, France
Hôtel De L'Oise;25 Quai d'Amont, 60340 Saint-Leu-d'Esserent, France
Hôtel de Londres · Hôtel à Fontainebleau;1 Pl. du Général de Gaulle, 77300 Fontainebleau, France
Hôtel de Normandie;5 Pl. du Six Juin 1944, 14117 Arromanches-les-Bains, France
Hôtel de Ville de Verrières-le-Buisson;Pl. Charles de Gaulle, 91370 Verrières-le-Buisson, France
Hôtel de Ville de Vitry-le-François;Pl. de l'Hôtel de ville, 51300 Vitry-le-François, France
Hôtel De Wimereux;76-78 Rue Carnot, 62930 Wimereux, France
Hôtel deco’lia /soirée étape;1 Rte de Mamers, 72290 Ballon-Saint Mars, France
Hôtel des Alpes;87 Rue Camille Buffardel, 26150 Die, France
Hôtel Des Bain Vic;11 Av. de la Promenade, 15800 Vic-sur-Cère, France
Hôtel des Congrès et Festivals;12 Rue Teisseire, 06400 Cannes, France
Hôtel des Diligences et du Commerce;14 Rue nationale, 71160 Digoin, France
Hôtel des Dromonts by SOWELL COLLECTION;40 Pl. des Dromonts, 74110 Morzine, France
Hôtel des Eaux - Aix-les-Bains;6 Bd des Côtes, 73100 Aix-les-Bains, France
Hôtel des Flanades;Centre Commercial des Flanades, 12 Av. Auguste Perret, 95200 Sarcelles, France
Hôtel des Horlogers;Rte de France 8, 1348 Le Chenit, Suisse
Hôtel des Isles;9 Bd Maritime, 50270 Barneville-Carteret, France
Hôtel Des Marais Salants;22 Rue de la Gare, 44740 Batz-sur-Mer, France
Hôtel des Nacres;Pont du Travo, T10, 20240 Ventiseri, France
Hôtel des Roches;15 Av. de la Forge, 24620 Les Eyzies, France
Hôtel des Touristes – Vollore-Montagne;1 rue du trinquart, 63120 Vollore-Montagne, France
Hôtel des Voyageurs;27 route nationale, 64490 Urdos, France
Hôtel Diana;79 Av. des Poilus, 06140 Vence, France
Hôtel Dina Morgabine Saint-Gilles;80 Bis rue des Engagés, Chem. Bruniquel, 97434, La Réunion
Hôtel Domaine du Lac bleu;21 All. des Toucans, Saint-Laurent-du-Maroni 97320, Guyane française
Hôtel d'Orléans;6 Rue Adolphe Crespin, 45000 Orléans, France
Hôtel Dream;Rue de la Grande Triperie 17, 7000 Mons, Belgique
Hôtel du Brésil.;10 Rue Le Goff, 75005 Paris, France
Hôtel du Buet;2026 route du col, 74660 Vallorcine, France
Hôtel du Cap-Eden-Roc;167-165 Bd J. F. Kennedy, 06160 Antibes, France
Hôtel du Centre – Restaurant Les 3 Oursons;54 Rue Gambetta, 38250 Villard-de-Lans, France
Hôtel du centre Lucé;120 Rue de la République, 28110 Lucé, France
Hôtel Du Champ De Mars;13 Rue du Général Leclerc, 22000 Saint-Brieuc, France
Hôtel du Commerce;3 Pl. d'Estibayres, 64530 Pontacq, France
Hôtel du Couvent de Vagnas;La Boissiere, 07150 Vagnas, France
Hôtel du Dragon;12 Rue du Dragon, 67000 Strasbourg, France
Hôtel Du Fleuve;Sinnamary 97315, Guyane française
Hôtel du Grand Lac Excelsior;Rue de Bon-Port 27, 1820 Montreux, Suisse
Hôtel du Grand Parc;333 Av. de la Gare, 01170 Gex, France
Hôtel Du Lac;1981 Av. de Trévoux, 01000 Saint-Denis-lès-Bourg, France
Hôtel du Lac & Restaurant;Chem. de Labarre, 09000 Foix, France
Hôtel du Large Restaurant l'Archipel;30 Rue St Mathieu, 29217 Plougonvelin, France
Hôtel Du Midi;5 Av. des Alliés, 84820 Visan, France
Hôtel du Palois - Pau Centre Bosquet;80 Rue Emile Garet, 64000 Pau, France
Hôtel du Parc;21 Bd de la Liberté, 83300 Draguignan, France
Hôtel du Parc;4 Bis Rue Alphonse Brault, 94600 Choisy-le-Roi, France
Hôtel du Parc - Manoir du Baron Blanc;5 Rte d'Albertville, 74210 Faverges-Seythenex, France
Hôtel du Parc Saumur - Logis Élégance;169 Av. des Fusillés, 49400 Saumur, France
Hôtel du port - Hôtel Canet-En-Roussillon;21 Bd de la Jetée, 66140 Canet-en-Roussillon, France
Hôtel du Port Lesconil;4 Rue du Port, 29740 Plobannalec-Lesconil, France
Hôtel du Rangen;37 Rue du Général de Gaulle, 68800 Thann, France
Hôtel du Soleil d'Or;3 Rue de Châtelet, 61120 Vimoutiers, France
Hôtel du Soleil d'Or;9 Rue des Capucins, 52300 Joinville, France
Hôtel du Tourisme;Route de Quenza, 20124 Zonza, France
Hôtel du Trégor;17 Rue Marcellin Berthelot, 22220 Tréguier, France
Hôtel du Vigan;16 Pl. du Vigan, 81000 Albi, France
Hôtel du Vignoble;D81, 20253 Patrimonio, France
Hôtel Eastwest by Malone;Rue des Pâquis 6, 1201 Genève, Suisse
Hôtel Écologique BelleVue Marseille;34 Quai du Port, 13002 Marseille, France
Hôtel Eden;5 Pl. de la République, 62400 Béthune, France
Hôtel Edmond W. Lyon Centre Brotteaux La Part-Dieu;17 Rue Professeur Weill, 69006 Lyon, France
"Hôtel Enzo GREEN ""Coudes / Issoire / Clermont""";ZA de Perache, 63114 Coudes, France
Hôtel Esplanade;1 Bd Leblois, 67000 Strasbourg, France
Hôtel et Restaurant de la Truite – Vallée de Joux;Rue de la Poste 4, 1342 L'Abbaye, Suisse
Hôtel et Restaurant La Maison Bleue;13 Vieille Route des Pensières, 74290 Veyrier-du-Lac, France
Hôtel Explorers;50 Av. de la Fosse des Pressoirs, 77700 Magny-le-Hongre, France
Hôtel F1 Brive Ussac;Le Griffolet, 19270 Ussac, France
hôtel F1 Compiègne;61 Av. de l'Europe Zac De, 60280 Venette, France
Hôtel F1 Lyon 8ème États-Unis;16 Bd Irène Joliot Curie, 69200 Vénissieux, France
Hôtel F1 Paris Porte de Châtillon;23 Av. de la Prte de Châtillon, 75014 Paris, France
Hôtel F1 Reims Tinqueux;Zac Du Champs, 2 Avenue Andre Bourvil, Paveau, 51430 Tinqueux, France
Hôtel Fairmont Le Montreux Palace;Av. Claude-Nobs 2, 1820 Montreux, Suisse
Hôtel Fleur d’Épée;49 Rte du Bas du Fort, Le Gosier 97190, Guadeloupe
Hôtel Frégate Bleue;4 Fregate E, Le François 97240, Martinique
Hôtel Gardenia YVRAC - BORDEAUX EST;2 Rue St Fiacre, 33370 Yvrac, France
Hôtel Georges;131 Rue Clemenceau, 22370 Pléneuf-Val-André, France
Hôtel Golden Tulip Opéra de Noailles;9 Rue de la Michodière, 75002 Paris, France
Hôtel Granus;Passstraße 2A, 52070 Aachen, Allemagne
Hôtel Hamaha beach;BP 575 - KAWENI Plage Hamaha, Mamoudzou 97600, Mayotte
Hôtel Hana;17 Rue du 4 septembre, 75002 Paris, France
Hôtel Héritage;25 Rue d'Angoulême, 16100 Cognac, France
Hôtel Hermitage Monte-Carlo;Square Beaumarchais
Hôtel Hippocampe Carnac;Route de Carnac, Kerhueno, 56340 Plouharnel, France
Hôtel ibis;28 Cr de Verdun Perrache, 69002 Lyon, France
Hôtel Ibis - Épinal Centre-Ville;21 Quai Maréchal de Contades, 88000 Épinal, France
Hôtel ibis Alençon;13 Pl. Auguste Poulet Malassis, 61000 Alençon, France
Hôtel ibis Archamps Porte de Genève;International Business Park, Route De Chosal, 23 Rue Ada Byron, 74160 Archamps, France
Hôtel Ibis Auray;2 Avenue Roland Garros Route De Quiberon Z.A. Toul, 56400 Auray, France
Hôtel IBIS Avignon Sud;71 Chem. de la Cristole, 84140 Avignon, France
Hôtel Ibis Besançon La City;1 Av. Louise Michel, 25000 Besançon, France
Hôtel ibis Bordeaux Saint Emilion;23-25 Chemin Des Ceps, 33330 Saint-Émilion, France
Hôtel ibis budget Archamps Porte de Genève;230 Rte de Collonges, 74160 Archamps, France
Hôtel ibis budget Aubenas;Rte de Montélimar, 07200 Aubenas, France
Hôtel ibis Budget Caen Mondeville;1 Rue Jacquard Rue Joseph Jacquard, Rn 13, 14120 Mondeville, France
Hôtel ibis budget Chambourcy Saint Germain;Centre Commercial Carrefour, 2 Rue du Mur du Parc Rn 13, 78240 Chambourcy, France
Hôtel ibis budget Clermont Ferrand Sud Aubière;Cap Sud, 22 Av. Lavoisier, 63170 Aubière, France
Hôtel ibis budget Givet;Rte de Beauraing, 08600 Givet, France
Hôtel Ibis Budget Limoges;14 Rue du Chinchauvaud, 87100 Limoges, France
Hôtel Ibis Budget Mâcon Crèches;Parc Hôtelier Les Bouchardes, Crêches Sur Saone FR, 60 Rue du Tour de France, 71570 Chaintré, France
Hôtel Ibis Budget Meudon Paris Ouest;3 Bis Rue de Paris, 92190 Meudon, France
Hôtel ibis budget Montauban Les Chaumes;50 Route De Saint Martial, Les Chaumes/Monclar Sortie 62, 82000 Montauban, France
Hôtel ibis budget Rennes Route de Saint Malo;Za Décoparc, Rue Edison, 35760 Montgermont, France
Hôtel ibis Budget Rouen Centre Rive Gauche;55 Av. de la Libération, 76100 Rouen, France
Hôtel Ibis Budget Saint Malo Centre;Bd des Talards 138-140, 35400 Saint-Malo, France
Hôtel Ibis Budget Saint-Gaudens;Av. du Pic du Midi, 31800 Estancarbon, France
Hôtel ibis Budget Vannes Ploeren;24 Rue Edgar Touffreau, 56880 Ploeren, France
Hôtel Ibis budget Vienne Sud;Cours De Verdun, Pl. Camille Jouffray, 38200 Vienne, France
Hôtel Ibis Caen Porte d'Angleterre;Bd du Grand Parc, 14200 Hérouville-Saint-Clair, France
Hôtel Ibis centre Carcassonne;5 Sq. Gambetta, 11000 Carcassonne, France
Hôtel Ibis Cergy-Pontoise Le Port;28 Av. des Grouettes, 95000 Cergy, France
Hôtel Ibis Château de Fontainebleau;18 Rue de Ferrare, 77300 Fontainebleau, France
Hôtel Ibis Cherbourg La Glacerie;2 Rue du Château d'Eau, 50470 Cherbourg-en-Cotentin, France
Hôtel ibis Dijon Gare;15A Av. Albert 1er, 21000 Dijon, France
Hôtel Ibis Esch Belval;12 Av. du Rock'n'Roll, 4361 Esch-Belval Esch-sur-Alzette, Luxembourg
Hôtel ibis Etampes;14 Rue du Rempart, 91150 Étampes, France
Hôtel ibis Fribourg;Rte du Lac 21, 1763 Granges-Paccot, Suisse
Hôtel ibis Gare de Lyon Ledru Rollin;41/43 Av. Ledru Rollin, 75012 Paris, France
Hôtel ibis Laval le Relais d'Armor;Boulevard De Buffon, ZI des Touches, 53810 Changé, France
Hôtel Ibis Lille Centre Grand Palais;1-3 Rue des Moulins de Garance, 59000 Lille, France
Hôtel Ibis Limoges Centre;6 Bd Victor Hugo, 87000 Limoges, France
Hôtel ibis Mâcon Sud Crêches;371 Rue du Mâconnais, 71570 Crêches-sur-Saône, France
Hôtel ibis Orly Chevilly Tram 7;72 Av. de Stalingrad, 94550 Chevilly-Larue, France
Hôtel ibis Paris Porte de Bercy;2 Pl. de l'Europe, 94220 Charenton-le-Pont, France
Hôtel Ibis Rennes Beaulieu;Rue Du Taillis, Rue de Rennes, 35510 Cesson-Sévigné, France
Hôtel Ibis Rennes Centre Gare-Sud;Esplanade Fulgence Bienvenue, 15 Rue de Châtillon, 35000 Rennes, France
Hôtel ibis Saint Dizier;Rte de Bar le Duc, 52100 Saint-Dizier, France
Hôtel Ibis Styles;121 Rue de Paris, 76600 Le Havre, France
Hôtel ibis Styles;Pl. Jacques Tati, 60880 Jaux, France
Hôtel ibis Styles Antony Paris Sud;1 Rue Alexis de Tocqueville, 92160 Antony, France
Hôtel Ibis Styles Avignon Sud;2968 Av. de l'Amandier, 84000 Avignon, France
Hôtel Ibis Styles Besançon;22 Bis Rue de Trey, 25000 Besançon, France
Hôtel Ibis Styles Dinan Centre-Ville;1 Place Duclos Pinot, 22100 Dinan, France
Hôtel Ibis Styles Évry-Lisses;8 Rue du Bois Chaland, 91090 Lisses, France
Hôtel ibis Styles Lille Centre Grand Place;28 Rue Anatole France, 59000 Lille, France
Hôtel ibis Styles Paris Cadet Lafayette;11 Bis Rue Pierre Semard, 75009 Paris, France
Hôtel ibis Styles Paris Vélizy;39 Av. de l'Europe, 78140 Vélizy-Villacoublay, France
Hôtel Ibis Styles Reims Centre;21 Bd Paul Doumer, 51100 Reims, France
Hôtel ibis Styles Saint Etienne Gare Chateaucreux;35 Av. Denfert Rochereau, 42000 Saint-Étienne, France
Hôtel Ibis Styles Saint-Malo Centre Historique;4 Pl. du Poids du Roi, 35400 Saint-Malo, France
Hôtel ibis Vitre Centre;1 Bd de Châteaubriant, 35500 Vitré, France
Hôtel initial by balladins Torcy / Marne la Vallée;2 All. Gaston Defferre, 77200 Torcy, France
Hôtel Inn Design Laon;ZAC Ile de France, 1115 Av. Georges Pompidou, 02000 Laon, France
Hôtel Joly;12 Rue du Président Kennedy, 59280 Armentières, France
Hôtel Juana;19 Av. Georges Gallice, 06160 Antibes, France
Hôtel Kyriad Angoulême Nord Champniers;184 Rte des Platanes, 16430 Champniers, France
Hôtel Kyriad Auray;2 Pl. de l'Europe, 56400 Auray, France
Hôtel Kyriad Blois Sud - Vineuil;48 Rue des 4 Vents, 41350 Vineuil, France
Hôtel Kyriad Combs-la-Ville – Sénart;4 Rue René Dumont, 77380 Combs-la-Ville, France
Hôtel Kyriad Laon;111 Av. Charles de Gaulle, 02000 Laon, France
Hôtel Kyriad Metz Centre;8 Rue du Père Potot, 57000 Metz, France
Hôtel Kyriad Paris Bezons;80 Av. Gabriel Péri, 95870 Bezons, France
Hôtel Kyriad Paris Sud - Les Ulis - Courtaboeuf;14 Av. des Andes, 91940 Les Ulis, France
Hôtel Kyriad Villefranche Sur Saone;146 Rue de la Sous-Préfecture, 69400 Villefranche-sur-Saône, France
Hôtel La Belle Poule;102 Av. du 11 Novembre 1918, 17300 Rochefort, France
Hôtel La Chaumière;2507 Chem. de la Chaumière, Matoury 97351, Guyane française
Hôtel La Garrigue - tout près du Mont Ventoux - Venasque;329 Rte de l'Appié, 84210 Venasque, France
Hôtel la Magnaneraie;37 Rue du Camp de Bataille, 30400 Villeneuve-lès-Avignon, France
Hôtel La Maison de la Plage;30 Rue de la Plage, 14360 Trouville-sur-Mer, France
Hôtel La Malle Poste à Rochefort;Rue de Behogne 46, 5580 Rochefort, Belgique
Hôtel La Margelle;45 Pl. Aristide Briand, 84210 Pernes-les-Fontaines, France
Hôtel La Marmotte;PK 6, RN2, Route de Matoury, 97351, Guyane française
Hôtel La Mère Biquette;3055 Rte de Sceautres, 07580 Saint-Pons, France
Hôtel La Peupleraie;44 D1001, 80120 Nampont, France
Hôtel la Prairie;22 Chem. Pré Borel, 38112 Autrans-Méaudre en Vercors, France
Hôtel La Regence - Chez Betty;2 Av. du Maréchal Foch, 06230 Villefranche-sur-Mer, France
Hôtel la Résidence du Berry;14 Rue d'Anjou, 78000 Versailles, France
Hôtel La Résidence du Vieux-Port;18 Quai du Port, 13002 Marseille, France
Hôtel La Ribaudiere;3GQG+XHV, Antananarivo 101, Madagascar
Hôtel La Rotonde - Athis Mons;25 Rue Henri Pinson, 91200 Athis-Mons, France
Hôtel La Souveraine;215 Rue du Shah de Perse, 88140 Contrexéville, France
Hôtel la Tour des Fées;33 Av. du Onze Novembre, 30260 Quissac, France
Hôtel La Valette-du-Var;Les Espaluns, Av. René Cassin, 83160 La Valette-du-Var, France
Hôtel La Victoire;4 Pl. du Grand Jardin, 06140 Vence, France
Hôtel La Villa Lorraine;15 Rue Gambetta, 54200 Toul, France
Hôtel La Villefromoy Saint-Malo;7 Bd Hébert, 35400 Saint-Malo, France
Hôtel La Villette;18 Rue, du Dr Villette, Antananarivo 101, Madagascar
Hôtel Lac Bleu 1650;89 rue de Longchamp Station 1650, 73130 St François Longchamp, France
Hôtel L'Amandier;Av. de Bouillon 70, 6800 Libramont-Chevigny, Belgique
Hôtel Land'Azur;6 Rue de la Papeterie, 40200 Mimizan, France
Hôtel Le Bayeux;Basse-Normandie, 9 Rue Tardif, 14400 Bayeux, France
Hôtel Le Beaulieu;19 Av. Général de Gaulle, 69260 Charbonnières-les-Bains, France
Hôtel le Beffroi;12 Pl. Métézeau, 28100 Dreux, France
Hôtel Le Belvédère;Chames, Route des Gorges d l'Ardèche, 07150 Vallon-Pont-d'Arc, France
Hôtel Le Benhuyc - Binic;1 Quai Jean Bart, 22520 Binic-Étables-sur-Mer, France
Hôtel Le Biney Rodez Centre;4 Rue Victoire Massol, 12000 Rodez, France
Hôtel Le Bout du Parc;92-94 All. du Cordon Boisé, 78000 Versailles, France
Hôtel Le Carmel Les Vans;7 Mnt du Carmel, 07140 Les Vans, France
Hôtel Le Centre;1 avenue du 11 novembre, 2 place de la république, 46500 Gramat, France
Hôtel Le Clos du Thoronet;Imp. des Magnolias, 83340 Le Thoronet, France
Hôtel Le Cocotel;Rue de Kerdoret, Saint-François 97118, Guadeloupe
Hôtel le Cor de Chasse;Av. Nestor Martin 3, 6870 Saint-Hubert, Belgique
Hôtel Le Cosy;3 Rte de Vendôme, 41000 Villebarou, France
Hôtel Le Cosy Riva Bella;74 Av. de la Mer, 14150 Ouistreham, France
Hôtel Le Coudon - 83210 - La Farlède;1 Imp. de l'Auberte, 83210 La Farlède, France
Hôtel le Dauphin à Villard de lans;220 Av. du Général de Gaulle, 38250 Villard-de-Lans, France
Hôtel Le Dauphin Montréal Centre-Ville;1025 Rue de Bleury, Montréal, QC H2Z 1M7, Canada
Hôtel le Domanial;4242 Route Touristique, 42120 Commelle-Vernay, France
Hôtel Le Fer à Cheval;9 Av. Carnot, 70100 Gray, France
Hôtel Le France;1 Pl. de la Tour, 04370 Colmars, France
Hôtel Le Gentleman;17 Rue de la Tour d'Auvergne, 72200 La Flèche, France
Hôtel Le Glacier des Evettes;Vieux Village, 73480 Bonneval-sur-Arc, France
Hôtel Le Gouverneur 3 Étoiles;13 Rue de Sélestat, 67210 Obernai, France
Hôtel Le Grand Tétras;51 rue des Fontettes, 05350 Saint-Véran, France
Hôtel Le Lion d'Or et Restaurant La Table du Lion;71 Rue Saint-Jean, 14400 Bayeux, France
Hôtel Le Loft;1 Rue de la Tour Carrée, 65220 Trie-sur-Baïse, France
Hôtel Le Manoir;11 Rue Saint-Marc, 67140 Barr, France
Hôtel le Manoir d'Elles;Le Bigeau, 24800 Saint-Romain-et-Saint-Clément, France
Hôtel le Marais;39 Rte Impériale, 10150 Voué, France
Hôtel Le Mas des Collines;241 Chem. des Collines, 83690 Tourtour, France
Hôtel le Mas et la Flambée du Luberon;Rue Eugène Bertrand, 13770 Venelles, France
Hôtel le Palladior;4 Rue Alphonse Bouffard-Roupé, 38500 Voiron, France
Hôtel Le Palmarès;Pl. Royale 1, 4900 Spa, Belgique
Hôtel le Panoramic - Gorges du Verdon;615 Rte de Moustiers, 04120 La Palud-sur-Verdon, France
Hôtel Le Paquis;Rte du Rosset, 73322 Tignes, France
Hôtel Le Paris Brest;68 Rue de la Gare, 62300 Lens, France
Hôtel Le Passamainty Lodge;407 rue de l'ecole Mhogoni Passamainty, Mamoudzou 97605, Mayotte
Hôtel Le Poulmic;80 Rue du Fret, 29160 Lanvéoc, France
Hôtel Le Printemps à Montélimar avec piscine;8 Chem. de la Manche, 26200 Montélimar, France
Hôtel le Quorum - Saint-Cloud;2 Bd de la République, 92210 Saint-Cloud, France
Hôtel Le Régent;26 Rue du Général Mangin, 02600 Villers-Cotterêts, France
Hôtel Le Rive Nyon;Rue de Rive 15, 1260 Nyon, Suisse
Hôtel Le Roc Blanc;Pl. de l'Europe, 66800 Eyne, France
Hôtel Le Royal;70 Av. Victor Hugo, 19000 Tulle, France
Hôtel Le Royal;212 Bd Raspail, 75014 Paris, France
Hôtel Le Saint-Laurent;Tananarive, Madagascar
Hôtel Le Sénéchal;6 Rue Gambetta, 17590 Ars-en-Ré, France
Hôtel le Sud;5 Rue Marcel Paul, 06160 Antibes, France
Hôtel Le Temps de Vivre Roscoff;19 Pl. Lacaze Duthiers, 29680 Roscoff, France
Hôtel Le Tiburon;131 Rue du Val de Saire, 50100 Cherbourg-en-Cotentin, France
Hôtel le Tivoli;Pl. Gambetta, 65500 Vic-en-Bigorre, France
Hôtel Le Toëno;56 Cor de Goas Treiz, 22560 Trébeurden, France
Hôtel Le Trécelin Cap Fréhel;16 Le Petit Trécelin, 22240 Plévenon, France
Hôtel Le Vanséen Logis Hôtel;110 Rte de Gras, 07140 Les Vans, France
Hôtel Le Vieux Carré;34 Rue Ganterie, 76000 Rouen, France
Hôtel Le Yule;Rue du Parc des Sports, 73150 Val-d'Isère, France
Hôtel L'Eden Sarl;route Nationale 13 34 Rte Delasse Cherbourg Caen Ax, 34 Rte de Délasse, 50700 Brix, France
Hôtel Les 12 collines;Lot IA94 bis Antalamohitra Manerinerina, Antananarivo 105, Madagascar
Hôtel les 2 Villas;25 Rue Saint-Germain, 14360 Trouville-sur-Mer, France
Hôtel Les Acacias;64 Rte de Montalivet, 33930 Vendays-Montalivet, France
Hôtel les Alpages;1 Chem. de la Madone, 39130 Bonlieu, France
Hôtel Les Belles Terrasses;1315 Rte de Vence, 06140 Tourrettes-sur-Loup, France
Hôtel Les Bouis;188 Chem. des Bouis, 83350 Ramatuelle, France
Hôtel Les Calanques;20115 Piana, France
Hôtel Les Chaumettes;3 Rue des Chaumettes, 05160 Savines-le-Lac, France
Hôtel les Colombes;9 Av. Garibaldi, 55100 Verdun, France
Hôtel Les Deux Porches;1 Pl. de la Mairie, 86410 Verrières, France
Hôtel les Étoiles du Forez;4 Rue des Métiers, 42600 Savigneux, France
Hôtel Les Flocons - Les 2 Alpes;9 Rue du Cairou, 38860 Les Deux Alpes, France
Hôtel Les Gravades;6 le bourg, 19200 Ussel, France
Hôtel Les Humanistes.;Carrefour du Haut Koenigsbourg, 4 Rue du Golf, 67600 Sélestat, France
Hôtel Les Loges;Unnamed Road, 68190 Ungersheim, France
Hôtel Les Mélèzes;17 Rue des Vikings, 38860 Les Deux Alpes, France
Hôtel Les Moulins du Duc;Rue des Moulins, 29350 Moëlan-sur-Mer, France
Hôtel les Panoramas;9 Rue de Poul Guioch, 22310 Plestin-les-Grèves, France
Hôtel les Reflets Jaunes;4 Rue du Général de Gaulle 2 et, 08600 Givet, France
Hôtel Les Rochers La Chrissandière;La, 24 Rte de Paris, 74330 La Balme-de-Sillingy, France
Hôtel Les Roches;1 Av. des 3 Dauphins, 83980 Le Lavandou, France
Hôtel Les Terrasses Le Verdon-sur-Mer;66 Cr de la République, 33123 Le Verdon-sur-Mer, France
Hôtel Les Vallois;Rière Pont, 05290 vallouise, France
Hôtel Les Voyageurs;16 Rue Saint-Yves, 29290 Saint-Renan, France
Hôtel l'ESPADON BLEU;2 Pl. Ernest Reyer, 83980 Le Lavandou, France
Hôtel Lille Europe - Euralille;Av. Le Corbusier, 59777 Lille, France
Hôtel L'Isula-Rossa;Rte du Port, 20220 L'Île-Rousse, France
Hôtel l'Oustal de Vézac;Les Sables, 388 Rte de la Plaine D57, 24220 Vézac, France
Hôtel L'Univers;4 Av. Georges Clemenceau, 86100 Châtellerault, France
Hôtel Lyret;96 Rue du Lyret, 74400 Chamonix-Mont-Blanc, France
Hôtel Maisons Delphine - Le Cottage;44 Rue du Maréchal Foch, 14640 Villers-sur-Mer, France
Hôtel Manoir Henri IV;Lieu-dit, Av. du Brugeaud, 87250 Bessines-sur-Gartempe, France
Hôtel Marqués de Riscal;C. Torrea Kalea, 1, 01340 Elciego, Álava, Espagne
Hôtel Marso;Bois de Coulange, 57360 Amnéville, France
Hôtel Mas de l`Espaïre;70 route de Saint Paul, 07140 Les Vans, France
Hôtel Mercure Antibes Sophia Antipolis;Rue Albert Caquot, 06560 Valbonne, France
Hôtel Mercure Arras Centre Gare;58 Bd Carnot, 62000 Arras, France
Hôtel Mercure Beauvais Centre Cathédrale;1 Cr Scellier, 60000 Beauvais, France
Hôtel Mercure Bords de Loire Saumur;1 Rue du Vieux Pont, 49400 Saumur, France
Hôtel Mercure Bourg en Bresse;10 Av. de Bad Kreuznach, 01000 Bourg-en-Bresse, France
Hôtel Mercure Brive;Le Griffolet, 19270 Ussac, France
Hôtel Mercure Cayenne Royal Amazonia;45 Rue de l'Ara Bleu, Cayenne 97300, Guyane française
Hôtel Mercure Dieppe la Présidence;1 Bd de Verdun, 76200 Dieppe, France
Hôtel Mercure Dinan Port Le Jerzual;26 Quai du Tallard, 12 Rue de la Madeleine Rue Du, 22100 Lanvallay, France
Hôtel Mercure Honfleur;4 Rue des Vases, 14600 Honfleur, France
Hôtel Mercure Le Mans Centre;19 Rue Chanzy, 72000 Le Mans, France
Hôtel Mercure Libourne Saint Émilion;3 Quai Souchet, 33500 Libourne, France
Hôtel Mercure Lille Centre Grand Place;2 Bd Carnot, 59000 Lille, France
Hôtel Mercure Lyon Charbonnieres;78 Bis Route De Paris, Route Nationale 7, 69260 Charbonnières-les-Bains, France
Hôtel Mercure Metz Centre;29 Pl. St Thiébault, 57000 Metz, France
Hôtel Mercure Nancy Centre Gare;11 Rue Raymond Poincaré, 54000 Nancy, France
Hôtel Mercure Nancy Centre Stanislas;5 Rue des Carmes, 54000 Nancy, France
Hôtel Mercure Nevers Pont de Loire;Quai de Médine, 58000 Nevers, France
Hôtel Mercure Niort Marais Poitevin;27 Rue De La Térraudière, 80 Bis Av. de Paris, 79000 Niort, France
Hôtel Mercure Paris Porte de Versailles Expo;36 38 Rue du Moulin, 92170 Vanves, France
Hôtel Mercure Paris Roissy Charles de Gaulle;3 All. du Verger, 95700 Roissy-en-France, France
Hôtel Mercure Paris Suresnes Longchamp;30 Av. du Général Charles de Gaulle, 92150 Suresnes, France
Hôtel Mercure Paris Vaugirard Porte de Versailles;69 Bd Victor, 75015 Paris, France
Hôtel Mercure Paris-Ouest/Saint-Germain;11 Av. des Loges, 78100 Saint-Germain-en-Laye, France
Hôtel Mercure Pau Palais des Sports;106 Av. de l'Europe, 64000 Pau, France
Hôtel Mercure Périgueux Centre;7 Pl. Francheville, 24000 Périgueux, France
Hôtel Mercure Quimper Centre;21 Bis Av. de la Gare, 29000 Quimper, France
Hôtel Mercure Roscoff Bord de Mer;27 Pl. Lacaze Duthiers, 29680 Roscoff, France
Hôtel Mercure St Malo Front de Mer;36 Chau. du Sillon, 35400 Saint-Malo, France
Hôtel Mercure Strasbourg Centre Petite France;3 Rue du Maire Kuss, 67000 Strasbourg, France
Hôtel Mercure Thionville Centre Porte Du Luxembourg;2 Rue Georges Ditsch, 57100 Thionville, France
Hôtel Mercure Toulouse Centre Compans;Boulevard Lascrosses, 8 Esp. Compans Caffarelli, 31000 Toulouse, France
Hôtel Mercure Toulouse Centre Saint-Georges;Pour Gps :, Rue Saint Jérome, 1 Rue Paul Mériel, 31000 Toulouse, France
Hôtel Mercure Trouville Sur Mer;4 Pl. Foch, 14360 Trouville-sur-Mer, France
Hôtel Mercure Valenciennes Centre;5 Rue du Saint-Cordon, 59300 Valenciennes, France
Hôtel Mercure Villefranche en Beaujolais Ici & La;384 Bd Louis Blanc, 69400 Villefranche-sur-Saône, France
Hôtel Mercure Vittel;158 Av. Bouloumie, 88800 Vittel, France
Hôtel Métropole Monte-Carlo;4 Av. de la Madone
Hôtel Miramar;167 Av. Joseph Bougearel, 06140 Vence, France
Hôtel Moderne et Pigeon;1 Pl. Du Général Leclerc, 11300 Limoux, France
Hôtel Mont Gabriel;1699 Ch du Mont-Gabriel, Sainte-Adèle, QC J8B 1A5, Canada
Hôtel Montbriand Antony (Ancien Hôtel Alixia);1 Av. de la Providence, 92160 Antony, France
Hôtel Novotel Angers Lac de Maine;2 All. du Grand Launay, 49000 Angers, France
Hôtel Novotel Convention & Spa;Tananarive 101, Madagascar
Hôtel Novotel Genève Centre;Rue de Zurich 19, 1201 Genève, Suisse
Hôtel Novotel Lille Aéroport;55 Rte de Douai, 59810 Lesquin, France
Hôtel Novotel Luxembourg Centre;35 Rue du Laboratoire, 1911 Bonnevoie-Nord-Verlorenkost Luxembourg
Hôtel Novotel Marseille Vieux Port;36 Bd Charles Livon, 13007 Marseille, France
Hôtel Novotel Metz Centre;Centre Saint Jacques, Pl. des Paraiges, 57000 Metz, France
Hôtel Novotel Paris 13 Porte d'Italie;22 Rue Voltaire, 94270 Le Kremlin-Bicêtre, France
Hôtel Novotel Paris Saint Denis Stade Basilique;1 Pl. de la Prte de Paris, 93200 Saint-Denis, France
Hôtel Novotel Rennes Alma;48 Av. du Canada, 35200 Rennes, France
Hôtel Novotel Suites Luxembourg;Quartier Europeen, 13 Av. John F. Kennedy, 1855 Luxembourg
Hôtel Novotel Suites Reims Centre;1 Rue Edouard Mignot, 51100 Reims, France
Hôtel Novotel Toulouse Centre Compans Caffarelli;5 Pl. Alfonse Jourdain, 31000 Toulouse, France
Hôtel Novotel Valence Sud;217 Av. de Provence, 26000 Valence, France
Hôtel Oberland;155 Av. de la Gare, 38520 Le Bourg-d'Oisans, France
Hôtel Odéon Saint Germain;13 Rue Saint-Sulpice, 75006 Paris, France
Hôtel ONIRO Tournai - Luxury Rooms & Wellness Suites;Rue Fontenoy 30, 7500 Tournai, Belgique
Hôtel Orly Supérior;7 Rue Paul Demange, 91200 Athis-Mons, France
Hôtel Outre-Mer - Hôtel Boutique face à la mer Salon de Thé & Bar Lounge;1 Rue du Maréchal Leclerc, 14640 Villers-sur-Mer, France
Hôtel Panorama;11 Rue Sainte-Marie, 65100 Lourdes, France
Hôtel Panoramic et des Bains;30 Av. de l'Impératrice Eugénie, 65120 Luz-Saint-Sauveur, France
Hôtel Paradis Lourdes;15 av. du paradis, mètres du sanctuaire à 500, 65100 Lourdes, France
Hôtel Pedussaut;9 Av. de Boulogne, 31800 Saint-Gaudens, France
Hôtel Picardy;15 Av. de Verdun, 52100 Saint-Dizier, France
Hôtel Plaisance Vitrac;Le Port, 24200 Vitrac, France
Hôtel Première Classe Saint Quentin En Yvelines;65BIS Av. Georges Politzer, 78190 Trappes, France
Hôtel Pub Restaurant le Petit Bosquet;RT 20, 20250 Santo-Pietro-di-Venaco, France
Hôtel R de Paris;41 Rue de Clichy, 75009 Paris, France
Hôtel Relais de Trefeuntec;6 Rue Jean Marie le Bris, 29550 Plonévez-Porzay, France
Hôtel Résidence Chalet Cosy - Les Saisies;67, place Berthod, 73620 Les Saisies, France
Hôtel Résidence de Rohan;7 Av. de Rohan, 17640 Vaux-sur-Mer, France
Hôtel Résidence Levolle Marine;Levole Sottane, 20230 Poggio-Mezzana, France
Hôtel Résidence U Paesolu;2690 Strada di Pinareddu, 20144 Ste lucie de porto vecchio, France
Hôtel Restaurant - Le Charme en Beaujolais;2 Av. de Verdun, 69220 Belleville-en-Beaujolais, France
Hôtel Restaurant Au Riesling;5 Rte du Vin, 68340 Zellenberg, France
Hôtel Restaurant Bar Tabac Au Parfum des Bois;275 Rue des Cousines, 07510 Saint-Cirgues-en-Montagne, France
Hôtel Restaurant Bayle;88 Av. d'Ax les Thermes, 11340 Belcaire, France
Hôtel Restaurant Beyrie Coustille;2 Rue du Stade, 64230 Uzein, France
Hôtel Restaurant Beysang;36 Rue du Maréchal Foch, 67730 Châtenois, France
Hôtel Restaurant Bonanite;41 Rte de Vivières, 02600 Villers-Cotterêts, France
Hôtel Restaurant Campanile Montélimar - Les Tourrettes;695 Rue de Berianne, 26740 Les Tourrettes, France
Hôtel Restaurant Campanile Saint Avold;53 Av. Général Patton, 57500 Saint-Avold, France
Hôtel Restaurant Campanile Saint-Etienne Est - Saint-Chamond;Bourdon ZAC du, 42400 Saint-Chamond, France
Hôtel Restaurant Campanile Vert Saint Denis;260 Av. de l'Europe, 77240 Vert-Saint-Denis, France
Hôtel restaurant Collin;4 Rue du Château, 68480 Ferrette, France
Hôtel Restaurant de la Poste;6 Rue du Commerce, 58330 Saint-Saulge, France
Hôtel Restaurant de la Vallée du Rhône;44 Quai Anatole France, 07800 La Voulte-sur-Rhône, France
Hôtel Restaurant de l'Océan;72 Rue Georges Clemenceau, 85520 Saint-Vincent-sur-Jard, France
Hôtel Restaurant des Voyageurs;Le Bourg, 43350 Bellevue-la-Montagne, France
Hôtel Restaurant Doubs Rivage;8 Rue de la Chapelle, 71270 Charette-Varennes, France
Hôtel Restaurant Du Bois;Rte de Sainte-Anne du Portzic, 29280 Plouzané, France
Hôtel Restaurant du Port;Rue du Port, 74140 Yvoire, France
Hôtel Restaurant du Tourisme;Acqua Di Maria, 20132 Zicavo, France
Hôtel Restaurant du Windstein;8 Rte d'Obersteinbach, 67110 Windstein, France
Hôtel Restaurant Eclosion;40 Av. du Château, 42740 Saint-Paul-en-Jarez, France
Hôtel Restaurant Elisabeth - La Vancelle;5 Rue du Général de Gaulle, 67730 La Vancelle, France
Hôtel Restaurant EVAN;SORTIE 20 sur, 33 Avenue du Stade, A75, 43410 Lempdes-sur-Allagnon, France
Hôtel Restaurant Ibis Nantes Saint Herblain;345 Bd Marcel Paul Zac Atlantis, 44800 Saint-Herblain, France
Hôtel Restaurant Kuentz-Bix;13 Rue d'Altkirch, 68130 Wittersdorf, France
Hôtel Restaurant La Chaumière;346 Av. du Maréchal Juin, 39100 Dole, France
Hôtel Restaurant la Corniche;Hameau castagneto 1 Chemin Di u Fornu, 20200 San-Martino-di-Lota, France
Hôtel Restaurant La Côte de Lumière;34 Rue du Commerce, 85360 La Tranche-sur-Mer, France
Hôtel Restaurant La Grange;14 Rue Grande, 55500 Stainville, France
Hôtel Restaurant La Gratade;Lieu dit La Gratade, 87110 Le Vigen, France
Hôtel Restaurant La Santa;Pl. de l'Église, 20220 Santa-Reparata-di-Balagna, France
Hôtel Restaurant La Varangue;Tananarive 101, Madagascar
Hôtel Restaurant Le Central;27 Cr Carnot, 13160 Châteaurenard, France
Hôtel Restaurant Le chanel;73 Pont de Chazey, 01800 Meximieux, France
Hôtel Restaurant Le Clos de l'Ancien Pressoir;1, 14520 Commes, France
Hôtel Restaurant Le Florida;Foce, 20132 Zicavo, France
Hôtel Restaurant Le Freudeneck;3 Rte de Wangenbourg, 67710 Wangenbourg-Engenthal, France
Hôtel Restaurant Le Grillon;Chef Lieu, 73300 Villarembert, France
Hôtel Restaurant Le Landemer;2 Rue des Douanes, 50460 La Hague, France
Hôtel Restaurant Le Lion d'Or;14 Pl. de la Halle, 36600 Valençay, France
Hôtel Restaurant Le Moschenross;42 Rue du Général de Gaulle, 68800 Thann, France
Hôtel Restaurant Le Moulin;41 Rue de Montcoy, 71670 Le Breuil, France
Hôtel Restaurant LE RELAIS;1 Le Bourg, 36400 Saint-Christophe-en-Boucherie, France
Hôtel Restaurant Le Relais de la Calèche;46 DN8, 83330 Le Beausset, France
Hôtel Restaurant Le Rive Gauche;Chem. du Port au Bois, 89300 Joigny, France
Hôtel Restaurant le Sans Souci;Quartier Sainte-Anne, 04850 Jausiers, France
Hôtel Restaurant Le Tillau;Mont des Verrières, 25300 Verrières-de-Joux, France
Hôtel Restaurant Le Tivoli;6 Pl. Gambetta, 65500 Vic-en-Bigorre, France
Hôtel Restaurant Le Trévani;Koungou 97600, Mayotte
Hôtel Restaurant Le Virage Fleuri;Pont de Grosne - D906, 71240 Varennes-le-Grand, France
Hôtel Restaurant Le Viscos · Saint-Savin;1 Rue Lamarque, 65400 Saint-Savin, France
Hôtel restaurant l'Epicurien;Basse-Normandie, 16 Rue Léopold Delisle, 50700 Valognes, France
Hôtel Restaurant Les Falaises;245 route touristique, 46330 Bouziès, France
Hôtel Restaurant Les Ondines;2 Rue nationale, 49330 Les Hauts-d'Anjou, France
Hôtel Restaurant Les Trois Châteaux;13 Rue du Commerce, 56240 Plouay, France
Hôtel Restaurant l'Esquielle - Logis;Hôtel et parking :, Restaurant : 2 Rue des Faubourgs, Rue de l'Ancienne Distillerie, 30190 Saint-Geniès-de-Malgoirès, France
Hôtel Restaurant Lou Cantou;Av. du Triadou, 48230 Chanac, France
Hôtel Restaurant Marchal;12 Rue du Wittertalhof, 67140 Le Hohwald, France
Hôtel Restaurant Régina;657 RD 904, 01480 Ars-sur-Formans, France
Hôtel Restaurant Schlossberg;59a Rue de la Fontaine, 68340 Zellenberg, France
Hôtel Restaurant Terminus;18 Rue Pierre Semard, 19200 Ussel, France
Hôtel Rive Gauche;4 Av. de la Gartempe, 87250 Bessines-sur-Gartempe, France
Hôtel Sables d'O;15 Quai René Guiné, 85100 Les Sables-d'Olonne, France
Hôtel Sacher;Philharmoniker Str. 4, 1010 Wien, Autriche
Hôtel Saint Gelais;12 Rue du Père Deval, 16000 Angoulême, France
Hôtel Saint Rémy de Provence;35 Av. Pasteur, 13210 Saint-Rémy-de-Provence, France
Hôtel Saint-Daniel;Rue Bataille 16, 7600 Péruwelz, Belgique
Hôtel Saint-Sauveur - Complexe Le 60;600 Chem. des Frênes, Piedmont, QC J0R 1K0, Canada
Hôtel Sanso by HappyCulture;15 Rue de Tolbiac, 75013 Paris, France
Hôtel Sarrailh;11 Pl. de la Font Chaude, 40100 Dax, France
Hôtel Saxo;255 Route Nationale 20, 45770 Saran, France
Hôtel Stanley by HappyCulture;61 Rue Pierre Semard, 54000 Nancy, France
Hôtel Tahiti Nui;Avenue Prince Hinoï, Ave du Prince H?noi, Papeete 98713, Polynésie française
Hôtel Terminus;37 Av. Aristide Briand, 39000 Lons-le-Saunier, France
Hôtel U Frascone;Lieu dit, Vetrice, 20231 Venaco, France
Hôtel Valenton;1 Rue de la Sablonnière, 94460 Valenton, France
Hôtel Vendôme BW Signature Collection;15 Fbg Chartrain, 41100 Vendôme, France
Hôtel Vent d'Iroise;La Pointe St Mathieu, Rue du Lavoir, 29217 Plougonvelin, France
Hôtel Vent d'Ouest;3 Av. Gambetta, 76400 Fécamp, France
Hôtel Vertime - Les Sables-d'Olonne;12 Bd de l'Île Vertime, 85180 Les Sables-d'Olonne, France
Hôtel Victoria;37 Rue Denis Papin, 26000 Valence, France
Hôtel Villa Andry et Bar Panoramique;51 Av. Andry, 14150 Ouistreham, France
Hôtel Villa Leopoldine;29 Rue Gambetta, 31330 Grenade, France
Hôtel Villa Madame - Saint Germain des Près;44 Rue Madame, 75006 Paris, France
Hôtel Villa Toscane Montreux;Rue du Lac 2/8, 1815 Montreux, Suisse
Hôtel Village La Mourra;Av. du Prariond, 73150 Val-d'Isère, France
Hôtel Vol de Nuit;2 Pl. du Dr Joseph Baylac, 31300 Toulouse, France
"Hôtel vue mer ""Les Vénètes"" - Restaurant ""La Bôme""";9 Rue de la Carrière, 56610 Arradon, France
Hôtel WISSANT Le Vivier - Centre Village;3 Rue Gambetta, 62179 Wissant, France
Hôtel Yadoya;Bd d'Anvers 32/33, 1000 Bruxelles, Belgique
Hôtel Zadig à Aurillac;6 Rue Beauclair, 15000 Aurillac, France
HôtelF1 Savigny Villemoisson;lieu dit prairie de savigny Centre Commercial Carrefour Market, Rte de Corbeil, 91600 Savigny-sur-Orge, France
hôtelF1 Toulon Est La Valette;Les Espaluns, Rn 98, 83160 La Valette-du-Var, France
Hôtel-Résidence Am Klouschter;8 Av. Marie-Adélaïde, 5635 Mondorf-les-Bains, Luxembourg
Hôtel-restaurant CRG Mont Evray;Mont Evray, 41600 Nouan-le-Fuzelier, France
Hôtel-restaurant de Paris - Jaligny sur Besbre;3 Grande Rue, 03220 Jaligny-sur-Besbre, France
Hôtel-Restaurant Domaine La Forêt;36 Rte de l'Europe, 5531 Remich, Luxembourg
Hôtel-Restaurant Isidore Nice Ouest by Soniho;27 Av. Auguste Verola, 06200 Nice, France
Hôtel-Restaurant La Caravelle;Port d'Auphelle - Le Lac de Vassivière, 215 rue de la prise d'eau, 87470 Peyrat-le-Château, France
Hôtel-restaurant Les Trois Clés;Chau. de Namur 17, 5030 Gembloux, Belgique
Hôtel-restaurant Maxotel à 5 minutes d'Aurillac;place, 15130 Ytrac, France
IGESA Hôtel Beau-Séjour Biarritz;8 Rue Gaston Larré quartier du, 64200 Biarritz, France
Ikopa Hôtel Madagascar - Resort and Spa;lot P1O4 bis sud, Akadindratombo, Antananarivo 101, Madagascar
Îlet du Lagon - Résidence Hôtelière;4 Rue du, Rte du Trou d'Eau, 97434, La Réunion
JADE HÔTEL & SPA;1561 Boulevard Moida Saïd, Bandrélé 97660, Mayotte
Karibea Sainte-Luce Hôtel (Amyris - Amandiers - Caribia);Desert, Sainte-Luce 97228, Martinique
Karibea Squash Hôtel;Rue De La Libération, Fort-de-France 97200, Martinique
Karibea Valmenière Hôtel;4 Av. des Arawaks, Fort-de-France 97200, Martinique
KOSY Appart'Hôtels Nancy - Coeur de Ville;Place Simone Veil nº2, 54000 Nancy, France
L’esperluète chambres d’hôtes;1 Kériel, 22260 Ploëzal, France
L’EXCESS GOOD NIGHT HÔTEL;26 Av. Henri Brisson, 18100 Vierzon, France
La Bastide Bleue Hôtel;120 Chem. de St Joseph, 84110 Séguret, France
La Béalière - Chambres d'hôtes;2 Rue des Gorges d'Allagnon, 43410 Lempdes-sur-Allagnon, France
La Belle Etoile Appart’hôtel;74 Rue du Lieutenant Goinet, Cayenne 97300, Guyane française
La Brèche de Roland • Hôtel Restaurant • Gavarnie Gèdre;Village, 65120 Gavarnie-Gèdre, France
LA BULLE : Chambres d'Hôtes Côte d´Opale -Berck sur Mer - Le Touquet;80 Rte de Wailly, 62180 Verton, France
LA CRÉOLE BEACH HÔTEL & SPA;Pointe de la Verdure, Gosier 97190, Guadeloupe
La Dame Blanche: Chambres et table d'hôtes Bed & Breakfast de charme en Lorraine;La Dame Blanche, 37 Rue de l'Église, 57660 Bérig-Vintrange, France
La Fée des Eaux - chambres d'hôtes ou gîte;12 Rue de la Fée des Eaux, 69390 Vernaison, France
La Forge - Chambres d'hôtes en Ardenne;Rue du Ctre 53, 6921 Wellin, Belgique
La Mainaz Chalet Hôtel Restaurant;Route de la Faucille D1005, 01170 Gex, France
LA MAISON DE TRIBOULET Chambres et table d'hôtes;9 Chem. de la Basse Vallerie, 37530 Pocé-sur-Cisse, France
La Maison du Douanier - Restaurant & Chambres d’hôtes;1 Rte de By, 33340 Saint-Christoly-Médoc, France
"La Maison du Notaire Chambre d'Hôtes en Gîte ""La belle rose"". Huisdieren zijn toegestaan.";26 Rue de Moges, 52400 Melay, France
La Maison Duffour chambres et table d’hôtes (tarif en direct);21 Cr de la Marne, 47400 Tonneins, France
La Masia del Taulat Chambre d'hôtes;42 carretera d'Eyne, 66800 Llo, France
La Sirène Hôtel Bar Restaurant;Rue du Port, 56170 Île-d'Houat, France
LA TOUBANA HÔTEL & SPA;Saint-Anne 97180, Guadeloupe
La tourelle Chambres d'hôtes;13 Rue de la Ferme, 27910 Vascœuil, France
La Villa Camille - Chambres d'hôtes La Crèche - Niort;7 Rue du Marché, 79260 La Crèche, France
L'Anderenis Boutique Hôtel;9 Bd de la Plage, 33510 Andernos-les-Bains, France
L'Archipel Résidence Hôtelière;9 Rue de la Cheminée, Saint-Paul 97434, La Réunion
Larmor Plage Hôtel;1 Rue de Bretagne, 56260 Larmor-Plage, France
L'AUBIER Eco-Hôtel Montezillon;Les Murailles 5, 2037 Montezillon, Suisse
Le B Complexe Hôtel;37 Rue de l'Entreprise, 69380 Lozanne, France
Le Boutique Hôtel Bordeaux;3 Rue Lafaurie de Monbadon, 33000 Bordeaux, France
Le Buffle de l'hôtel La Chaumière;Chemin la chaumière, Matoury 97351, Guyane française
Le Centell Hôtel & Spa;Immeuble ALOE, 14 Rue Rainizanabololona, Antananarivo 101, Madagascar
Le Clos des Roses - Chambres d'hôtes;22 Rte de la Cité, 01800 Pérouges, France
Le Clos des Sources Bonave - Chambres d'hôtes Beaujolais;28 Imp. des Sources, 69640 Ville-sur-Jarnioux, France
Le Clos du Figuier Chambres & Tables d'hôtes Spa;LIEU DIT MAUVERS, 82600 Verdun-sur-Garonne, France
Le Clos Normand Restaurant Hôtel;89 Rue Pasteur, 14750 Saint-Aubin-sur-Mer, France
Le Florentin Hôtel - Restaurant;Pl. Albert 1er 58, 6820 Florenville, Belgique
Le Grand Hôtel à Ussel (nouveaux propriétaires) - Haute Corrèze Limousin proche A89;9 Rue Pierre Semard, 19200 Ussel, France
Le Grand Hôtel de Grenoble BW Premier Collection by Best Western - Hôtel 4 Etoiles;5 Rue de la République, 38000 Grenoble, France
Le Grand Hôtel Molière;40 Pl. du 14 Juillet, 34120 Pézenas, France
Le Grand Hôtel Restaurant;2 Pl. Gendarme Duchatel, 83630 Aups, France
Le Guyane Hôtel;160 route du camp du tigre, Cayenne 97300, Guyane française
Le Louvre Hôtel & Spa;4, place Philibert Tsiranana BP 3958, Antananarivo, Madagascar
Le Manoir Hôtel;2170 Av. du Golf, 62520 Le Touquet-Paris-Plage, France
Le Mas des Chutes-Maison d'hôtes de charme-Saint Rémy De Provence;1 Impasse des Chutes, 13690 Graveson, France
Le Mont Cigale Chambres D'hôtes et Restaurant;3 Rue du Gén Deprez, 55270 Vauquois, France
Le Mora Hôtes;1 Rue Saint-Nicolas, 50760 Barfleur, France
Le Moulin de Valaurie - Hôtel&Restaurant;Le Foulon, 26230 Valaurie, France
Le Patio - Restaurant Bar Hôtel;2 Pl. du Général de Gaulle, 79330 Saint-Varent, France
LE PETIT CHATEAU DU VILLARD Chambres et table d'hôtes;Le petit château du Villard, 91 Rue du Petit Château Lozère, 48140 Le Malzieu-Forain, France
Le Pré de Rosine Chambres et tables d'hôtes dans l'Yonne en Bourgogne.;2 A Chem. du Champ Guibert, 89110 Montholon, France
Le Relais du Jacquet: location chambre d'hôtes gîte hébergement Navarrenx;42 Rue Saint-Germain, 64190 Navarrenx, France
Le Rest'à Flots - Hôtel Restaurant;5 Pl. du Général de Gaulle, 22220 Tréguier, France
L'écrin fleuri - Chambre d'hôtes;7 Rue Claude Lebault, 71350 Allerey-sur-Saône, France
Les 3 Contes - Chambres D'hôtes Uzès;45 Pl. de l'Hôtel de Ville, 30700 Vallabrix, France
Les Ambassadeurs Logis Hôtel;11 Chau. du Sillon, 35400 Saint-Malo, France
Les Centauris - Chambres et table d'hôtes de charme Côtes d'Armor;3 Imp. des Genêts, 22290 Pléguien, France
Les Didascalies Gîtes Chambre d'Hôtes Gers;640 Chem. des Crêtes, 32190 Vic-Fezensac, France
Les Granges Hautes - Chambres d'hôtes et gîtes de charme avec piscine proche Sarlat Dordogne;281 Imp. de la Pinière, 24590 Saint-Crépin-et-Carlucet, France
Les Halles Chambres d’Hôtes;8 Rue des Halles, 16510 Verteuil-sur-Charente, France
Les hôtes du châtaignier;Le Viala, 48240 Ventalon en Cévennes, France
Les Roulottes des Ris Chambres d'hôtes et gîtes;03190 Vallon-en-Sully, France
Les Terrasses du Durzon Hôtel Restaurant Bar à vins estival Sud Aveyron 1h de Montpellier;9 Rte du Durzon, 12230 Nant, France
Les Trois Terres chambres d’hôtes et restaurant à vendre;6165 Le Pontempeyrat Sud, Route de Craponne, 42550 Usson-en-Forez, France
L'Hôtel du Lac;Lac de Clarens, 485 All. des Cigales, 47700 Casteljaloux, France
l'Hôtel La Lubiane;10 Av. du Maréchal Joffre, 06140 Vence, France
Lo Componairo-Chambre d'hôtes-Hérault;15 Rue des Jardins, 34230 Pouzols, France
Location Sous Les Platanes Provence Appart Hôtel;6 Rue Victor Hugo, 13880 Velaux, France
Logis - Hôtel Restaurant La Sapinière;12 Rte de Setques, 62219 Wisques, France
Logis Central Hôtel;Angle des Rues Mole, et Becker, Cayenne 97300, Guyane française
Logis Ferme du Vert - Hôtel et Restaurant;555 Rue du Vert, 62720 Wierre-Effroy, France
Logis Hôtel - Hôtel Restaurant Le Vieux Logis;Rte des Grottes, 64800 Lestelle-Bétharram, France
Logis Hôtel - Restaurant Le Faudé;28 Rue du Gén Dufieux, 68650 Lapoutroie, France
Logis Hôtel Acacia;10 Rue de la Libération, 4210 Esch-sur-Alzette, Luxembourg
Logis Hôtel Alizéa;Rue Lucien Chaserant, 72650 Saint-Saturnin, France
Logis Hôtel AMBROISE;34 Avenue Charles de Gaulle, 19140 Uzerche, France
Logis Hôtel Angers Sud Rest. Henriette;8 Rue de l'Hirondelle, 49000 Angers, France
Logis Hôtel Aster Rest. Aux Arcades;1 Rue de l'Europe, 54150 Val de Briey, France
Logis Hôtel Au Bord du Lac;2 Rue de la Digue, 78470 Saint-Rémy-lès-Chevreuse, France
Logis Hôtel Au Chêne Vert;2 Rue de la Croix Lormel, 22190 Plérin, France
Logis Hôtel Au Coeur de Meaulne;20 Pl. de l'Église, 03360 Meaulne-Vitray, France
Logis Hôtel Au Floridor;54 Rue du Floridor, 68800 Thann, France
Logis Hôtel Aux Sapins;3 Rue Jeanne d'Arc, 68800 Thann, France
Logis Hôtel Beauséjour;18-22, Rue Vassalour, 86300 Chauvigny, France
Logis Hôtel Bellevue;Bd Sainte-Barbe, 29680 Roscoff, France
Logis Hôtel Cap Hôtel;2 Rue de Beaumont, 62950 Noyelles-Godault, France
Logis Hôtel Cazes - A. Arazat;15 Av. de la Roque, 12310 Laissac-Sévérac l'Église, France
Logis Hôtel Château Corneille;17 Rue de l'Église, 27600 Le Val d'Hazey, France
Logis Hôtel Château De La Marjolaine;27 Aulnois, 02400 Essômes-sur-Marne, France
Logis Hôtel Chez Chaumat;Pl. Péron, 03350 Cérilly, France
Logis Hôtel Darcy Dijon Centre;Pl. Darcy, 21000 Dijon, France
Logis Hôtel de France;18 Pl. Général de Gaulle Place du, 12130 St Geniez d'Olt et d'Aubrac, France
Logis Hôtel de France Restaurant Grill;7 Rue du Mont Saint-Michel, 61700 Domfront en Poiraie, France
Logis Hôtel de Genève;34 Rue de la République, 74210 Faverges-Seythenex, France
Logis Hôtel de la Baie de Somme;16 quai De L'Amiral Courbet, 80550 Le Crotoy, France
Logis Hôtel de la Basilique;3-5 Rue Gambetta, 80300 Albert, France
Logis Hôtel de la Place;10 Rue du 12 Juin 1944, 14260 Les Monts d'Aunay, France
Logis Hôtel de la Poste - Chez Cécile;71990 La Grande-Verrière, France
Logis Hôtel de la Tour Libourne;23 Quai Souchet, 33500 Libourne, France
Logis Hôtel de l'Abbaye;carrefour des trois platannes, rue de la, 1 Prairie de l'Étang, 45210 Ferrières-en-Gâtinais, France
Logis Hôtel de l'Europe;23-25 Rue Diderot, 52200 Langres, France
Logis Hôtel de Paris;10 Av. de la République, 27700 Les Andelys, France
Logis Hôtel des Cépages;les Arbois, 5 Rte de Villette, 39600 Arbois, France
Logis Hôtel des Lacs;19 Rue Octave Longuet, 91170 Viry-Châtillon, France
Logis Hôtel Domaine du Revermont;600 Rte du Revermont, 39230 Passenans, France
Logis Hôtel du Casino;Bd de Cauvigny, 14710 Vierville-sur-Mer, France
Logis Hôtel du Centre;6 Rue Faidherbe, 59139 Wattignies, France
Logis Hôtel du Cerf;22 Bd Buyser, 45250 Briare, France
Logis Hôtel du Commerce;3 Pl. de l'Église, 63530 Volvic, France
Logis Hôtel du Commerce;3 Av. du Lot, 48500 La Canourgue, France
Logis Hôtel du Crêt Rond;1780 Rte du Galibier, 73450 Valloire, France
Logis Hôtel du Dauphin;31 place des Anciennes Halles, 61500 Sées, France
Logis Hôtel du Fer à Cheval;85 Rue des Prêtres, 73170 Yenne, France
Logis Hôtel du Grand Canyon du Verdon;Route Départementale 971, 83630 Aiguines, France
Logis Hôtel du Labrador;7 Pl. de l'Abbaye, 45730 Saint-Benoît-sur-Loire, France
Logis Hôtel Ecu de France;10 Pl. du Martroy, 45330 Le Malesherbois, France
Logis Hôtel Frankenbourg;13 Rue du Général de Gaulle, 67730 La Vancelle, France
Logis Hôtel Grand Hôtel Bain;1 Rue de Praguillen, 83840 Comps-sur-Artuby, France
Logis Hôtel Grand Hôtel de Lyon;11 Av. Paul Ribeyre, 07600 Vals-les-Bains, France
Logis hôtel Hôtellerie De Balajan;41 Rte de Montpellier D612, 34110 Vic-la-Gardiole, France
Logis Hôtel La Bertelière;1641 Av. du Mesnil Gremichon, 76160 Saint-Martin-du-Vivier, France
Logis Hôtel la Commanderie de Champarey;7 Bd de Champaret, 38300 Bourgoin-Jallieu, France
Logis Hôtel la Ferme;110 Chem. des Bois, 84000 Avignon, France
Logis Hôtel la Levée;4 Av. d'Armorique, 35830 Betton, France
Logis Hôtel la Treille;Le Port, 24200 Vitrac, France
Logis Hôtel LBB - les 2 lacs;Rue Traversière, 39130 Clairvaux-les-Lacs, France
Logis Hôtel Le Bellevue;695 Rte du Revard, 73100 Trévignin, France
Logis Hôtel le Cap;6 Rue du Port, 50270 Barneville-Carteret, France
Logis Hôtel le Castel Ac'h;Kervenny - Plage de, 29880 Plouguerneau, France
Logis Hôtel Le Centre et Proxima;10 Rue du Capitaine Migat, 03310 Néris-les-Bains, France
Logis Hôtel le Cheval Blanc;1 Pl. du Cheval Blanc, 41600 Yvoy-le-Marron, France
Logis Hôtel le Clos de la Vouge;2 Rue de Cîteaux, 21640 Vougeot, France
Logis Hôtel le Clos Pité;1348 Av. des Sources, 40465 Préchacq-les-Bains, France
Logis Hôtel le Cours;10 Av. François Griffeuille, 30800 Saint-Gilles, France
Logis Hôtel Le Domaine de la Bohème chez Delphine Wespiser;7 Rue Principale, 68130 Wahlbach, France
Logis Hôtel le Jabron;105 Av. Madame de Sévigné, 26160 La Bégude-de-Mazenc, France
Logis Hôtel Le Mas de Lily-Rose;263 route De Montélimar, 26230 Valaurie, France
Logis Hôtel le Médicis;2 All. François 1er, 41000 Blois, France
LOGIS Hôtel le Miramont;Quartier thermal, 44 Av. des Pyrénées, 65400 Argelès-Gazost, France
Logis Hôtel le Prince Noir;6 Rue de Menjoulan, 47310 Sérignac-sur-Garonne, France
Logis Hôtel le Provençal;Pl. Martin Bidouré, 83630 Aups, France
Logis Hôtel le Relais d'Aligre;25 Rue Jean Moulin, 28170 Châteauneuf-en-Thymerais, France
Logis Hôtel Le Relais de la Poste;A, Cordesse, 15260 Neuvéglise-sur-Truyère, France
Logis Hôtel le Relais des Deux Vallées;Grand Rue, 81630 Salvagnac, France
Logis Hôtel le Relais du Lac;8 place Jean Robinet, 52190 Villegusien-le-Lac, France
Logis Hôtel le Relais Saint Michel;16 Rue du Pré Valet, 52190 Villegusien-le-Lac, France
Logis Hôtel le Saint Georges;14 Rue Poterie, 41100 Vendôme, France
Logis Hôtel le Saint Jacques;place Du Monument, 72160 Thorigné-sur-Dué, France
Logis Hôtel le Saint Marc;50 Av. de la Gare, 26170 Mollans-sur-Ouvèze, France
Logis Hôtel le Vétiné;4 Les Hautes Navières, 88230 Le Valtin, France
Logis Hôtel l'Embarcadère;13 Av. du Lac, 01130 Nantua, France
Logis Hôtel Lensotel;Rue des Canadiens, 62880 Vendin-le-Vieil, France
Logis Hôtel les Agapanthes;1 Rue Adrien Rebours, 22620 Ploubazlanec, France
Logis Hôtel les Ambassadeurs;21 Av. du Général de Gaulle, 46200 Souillac, France
Logis Hôtel les Chatelminés;41 Rte de Cornimont, 88250 La Bresse, France
Logis Hôtel les Flots Bleus;83 Rte de Saint-Barthélémy, 83700 Saint-Raphaël, France
Logis Hôtel les Nymphéas;N13, 78270 Chaufour-lès-Bonnières, France
Logis Hôtel les Portes d'Apcher;Av. de Saint-Flour, 48200 Saint-Chély-d'Apcher, France
Logis Hôtel les Tuileries;Rte de Cuvry, 57420 Féy, France
Logis Hôtel les Voiliers;1 Rue des Voiliers, 52200 Peigney, France
Logis Hôtel l'Estirado des Adrets;9 Chem. Panoramique, 83600 Les Adrets-de-l'Estérel, France
Logis Hôtel l'Hôtellerie la Cuisinerie le Réverbère;29 Bd d'Alsace, 65500 Vic-en-Bigorre, France
Logis Hôtel Manoir Kastell Dinec'h;Le Castel, 22220 Minihy-Tréguier, France
Logis Hôtel Mas de Cure Bourse;120 Chem. de la Serre, 84800 L'Isle-sur-la-Sorgue, France
Logis Hôtel Médiéval;11 Av. du Teil, 07400 Rochemaure, France
Logis Hôtel Nîmotel;152 Rue Claude Nicolas Ledoux, 30900 Nîmes, France
Logis Hôtel Relais du Galibier;1550 M, 2230 Rte du Galibier, 73450 Valloire, France
Logis Hôtel Relais du Quercy;34 Bd du Quercy, 19500 Meyssac, France
Logis Hôtel Relais Paris Bâle - Restaurant La Mangeoire;Rue du relais de Poste LE MENILOT, 6, 10270 Montiéramey, France
Logis Hôtel Restaurant de la Dore;1 Doré, 63480 Vertolaye, France
Logis Hôtel Restaurant du Lac;La Plage, 19160 Neuvic, France
Logis Hôtel Restaurant La Désirade;245 Rte de la Syrah, 07340 Saint-Désirat, France
Logis Hôtel Restaurant le Fruitier;3 Rue Jules Ferry, 50800 Villedieu-les-Poêles-Rouffigny, France
Logis Hôtel Restaurant le Relais;6 RD 964, 55100 Vacherauville, France
Logis Hôtel Restaurant le Relais Champenois et du Lion d'Or;157 Rue Notre Dame, 51120 Sézanne, France
Logis Hôtel Restaurant le Saint Clément;1 Pl. de l'Europe, 69170 Saint-Clément-sur-Valsonne, France
Logis Hôtel Restaurant Le Val d'Amby;2 Pl. de la République, 38118 Hières-sur-Amby, France
Logis Hôtel Restaurant les Cévennes;218 Rue des Cousines, 07510 Saint-Cirgues-en-Montagne, France
Logis Hôtel Restaurant Mont Aigoual;34 Quai de la Barrière, 48150 Meyrueis, France
Logis Hôtel Restaurant Traiteur le Pélican;8 Pl. du Pélican, 49390 Vernantes, France
Logis Hôtel Saint Louis;27 Pl. du Marché, 72210 La Suze-sur-Sarthe, France
Logis Hôtel Saint Paul Hôtel Saumur;30 Rue nationale, 49680 Vivy, France
Logis Hôtel Victor Hugo;7 Av. des Maquis, 46400 Saint-Céré, France
Logis Hôtel-Restaurant le Mirador;4 Bd du Front de Mer, 34420 Portiragnes, France
Lyon Marriott Hôtel Cité Internationale;70 Quai Charles de Gaulle, 69463 Lyon, France
Maison Cistus - chambres d'hôtes et gîte de charme avec piscine proche Sarlat Périgord Noir Dordogne;1094 Rte des Crochets, 24200 Vitrac, France
"Maison d'hôtes de charme ""La Bageatière"" - Lac d'Aiguebelette - Savoie";55 Rte de la Bageatière, 73610 Lépin-le-Lac, France
Maison d'Hôtes en Beaujolais;2267 route d'Avenas, 69910 Villié-Morgon, France
Maison d'hôtes Ermitage;Grand Rue 4, 1660 Château-d’Œx, Suisse
maison d'hôtes le village;12 Rue des Monges, 31290 Villenouvelle, France
Maison et table d’hôtes de charme Le Camélia Blanc;3 Rue Jules Maran, 33820 Saint-Ciers-sur-Gironde, France
Maisons du Monde Hôtel & Suites - La Rochelle Vieux-Port;accès PMR, 3 Rue St Jean du Pérot, 4 Pl. de la Chaîne, 17000 La Rochelle, France
Manzanilla Chambres D'hôtes;34 Rue Ghesquières, 59172 Rœulx, France
Mas de Vence Hôtel Restaurant;539 Av. Emile Hugues, 06140 Vence, France
Mas Del Ca - Chambres d’hôtes adult only;Av. de la Vall. Heureuse, 66690 Sorède, France
Miiro Le Grand Hôtel Cayré;4 Bd Raspail, 75007 Paris, France
Mondorf Parc Hôtel & Spa;2A Av. Dr Ernest Feltgen, 5635 Mondorf-les-Bains, Luxembourg
Montempô Lyon sud - Appart hôtel;22 Av. Viviani, 69200 Vénissieux, France
Montempô Noisy-le-Sec - Appart hôtel;75 Av. Gallieni, 93130 Noisy-le-Sec, France
Montempô Paris Vélizy - Appart hôtel;47 Av. de l'Europe, 78140 Vélizy-Villacoublay, France
Movenpick Hôtel Bâle;Aeschengraben 25, 4051 Basel, Suisse
Noir Lion : Chambres d'hôtes;16 Rue du Noir Lion, 80200 Péronne, France
Novotel Atria Nîmes Centre Hôtel;5 Bd de Prague, 30000 Nîmes, France
Ô Château - Hôtel;19 Fbg Sainte-Catherine, 57700 Hayange, France
pampa chambre d'hôte et spa;302 Rue de Rexpoede, 59380 Warhem, France
Papangue Hôtel & Spa;26 Chem. de Ligne, L'Étang-Salé 97427, La Réunion
PERCHE HÔTEL RESTAURANT DE FRANCE;19 Rue du 13 Août 1944, 61190 Tourouvre au Perche, France
POZ LAGON - Chambre d'hôtes Réunion - Saline les Bains;89 Rue des Scalaires, Saint-Paul 97434, La Réunion
Prehistoric Lodge - Hôtel du Pont d'arc (Adults Only);Combe d'Arc, 3290 Rte des Gorges, 07150 Vallon-Pont-d'Arc, France
Radisson Blu Hôtel - Antananarivo Waterfront;Zone Tana Waterfront, Antananarivo 101, Madagascar
Radisson Hôtel - Tamboho Waterfront Antananarivo;Zone Tana Waterfront, Antananarivo 101, Madagascar
Relais du destin Maison & Table d’hôtes;110 Rue des Écoles, 38390 Vertrieu, France
Renaissance Paris Arc de Triomphe Hôtel;39 Av. de Wagram, 75017 Paris, France
Résidence Chalets Láska - MGM Hôtels & Résidences;Chem. des Drets, 74170 Les Contamines-Montjoie, France
Résidence Hôtel de la Salle;Rue de la Haute Salle, 37190 Vallères, France
Résidence Manaka - MGM Hôtels & Résidences;1740 Rte de Plagne Centre, 73210 La Plagne Tarentaise, France
Restaurant Hôtel Le Sterenn;432 Rue de la Joie, 29760 Penmarch, France
Restaurant Lélex'ir- Hôtel du Centre;403 Rue Des Lapidaires, 01410 Lélex, France
Restaurant Président - Hôtel Mercure;11 Rue Général Mangin, 38100 Grenoble, France
Restaurant/Hôtel de l'Atlantique;3 Rue de la Bastille, 85360 La Tranche-sur-Mer, France
Retour à la ferme - Chambres d'hôtes;49 Chem. de Leyzelie, 24320 Verteillac, France
Sakamanga Hôtel;Lot IBK7bis, Lalana Adrianary Ratianarivo Ampasamadinika, Antananarivo 101, Madagascar
Sarana Hôtel & Spa;Mare à Vieille Place, 63 Chem. du Butor, Salazie 97433, La Réunion
Séjour à Saint-Malo | Logis Hôtel la Marinière;2 Bd des Talards, 35400 Saint-Malo, France
Silva Hôtel Spa-Balmoral;Balmoral 33, 4900 Spa, Belgique
Société Exploitation Résidences Hôtelières;56 Rue Victor Hugo, 54800 Jarny, France
SOWELL Hôtels Ardèche;Domaine du, Rouret, 07120 Grospierres, France
Sure Hôtel by Best Western Angers Sud;20 Rue Paul Pousset, 49130 Les Ponts-de-Cé, France
Surplage Hôtel Cavalière;Le, 34 Av. du Cap Nègre, 83980 Le Lavandou, France
Teritoria Hôtel Wilson;1 Rue de Longvic, 21000 Dijon, France
The Originals Boutique Hôtel Rivella;23 Rue Ferdinand Albert, 44190 Clisson, France
The Originals City Cayenne - Hôtel Belova;1074, route de Rémire Rémire-Montjoly, 97354, Guyane française
Tiffany Hôtel By Fassbind;Rue de l'Arquebuse 20, 1204 Genève, Suisse
Tsanga Tsanga Hôtel;2 rue Reallon - Tsaralalana Antananarivo, 101, Madagascar
Ulis Hôtel;11 Av. du Cap Horn, 91940 Les Ulis, France
Urban Style Hôtel de France;57 Av. Victor Hugo, 56000 Vannes, France
Urban Style Hôtel de l'Europe;87 Rue aux Ours, 76000 Rouen, France
Villa Hôtel;zone artisanale Clorisseaux 2, Rue des Grives, 45500 Poilly-lez-Gien, France
Villa les Hydrangeas - Hôtel restaurant vue mer;53 Bd Georges Clémenceau, 22700 Perros-Guirec, France
Volvic Home: Chambres d'hôtes et Meublés de tourisme;50 Ter Grand Rue, 63530 Volvic, France
VVF Hôtel Valençay Châteaux de la Loire (fermé définitivement);Le Relais du Moulin, 94 Rue nationale, 36600 Valençay, France
WE Maison d'Hôtes;85 Rte d'Herzeele, 59670 Winnezeele, France
West Hôtel.;182 Av. Robert Schuman, 78500 Sartrouville, France
You Hôtel de France Valence Handwritten Collection;16 Bd Général de Gaulle, 26000 Valence, France
Zenitude Hôtel-Résidences Le Salako;Pointe de la Verdure Gosier, Le Gosier 97190, Guadeloupe
Ibis;77 Av. du Général de Gaulle, 77160 Provins, France
Ibis;Plan D'Eau Du Vallon, 3 Rue Louis Aragon, 71400 Autun, France
Ibis;Chem. de l'Esparcette 4, 1023 Lausanne, Suisse
Ibis;5 Rue de la Font au Brun, 44570 Trignac, France
Ibis;Zac du Port, Rue de Nazaré, 94130 Nogent-sur-Marne, France
Ibis;Av. Georges Pompidou, 02000 Laon, France
Ibis Antananarivo Ankorondrano;Route Des Hydrocarbures Ankorondrano Bp 529, Antananarivo 101, Madagascar
ibis Avranches Baie du Mont-Saint-Michel;47 Rue Des Estuaires, ZA de Cromel, 50220 Saint-Quentin-sur-le-Homme, France
Ibis Besançon Marchaux;Aire De Besancon Marchaux Autoroute, A-36, 25640 Marchaux-Chaudefontaine, France
ibis Béthune Centre Gare;309 Av. de Lens, 62400 Béthune, France
ibis Bordeaux Lac;Rue Du Petit Barail, Qur du Lac, 33300 Bordeaux, France
ibis Bourgoin Jallieu Medipole;4 Av. du Médipôle, 38300 Bourgoin-Jallieu, France
ibis budget;Zac Du Pied Des Gouttes, 48 Rue Jacques Foillet, 25200 Montbéliard, France
Ibis Budget;Za Du Val De Loire, 7 Rue des Minotiers, 58200 Cosne-Cours-sur-Loire, France
Ibis Budget;Fbg d'Alsace, 88200 Remiremont, France
Ibis Budget;4 All. du Château de la Mare, 50200 Coutances, France
Ibis Budget;Zone Du Chateau Rouge, 630 Rue de l'Industrie, 44150 Mésanger, France
Ibis budget Albi Terssac;Zone Albipole, 30 Chem. de Jean Thomas, 81150 Terssac, France
ibis budget Ambérieu-en-Bugey Château-Gaillard;"Lieu Dit ""Les, Rue des Millettes, 01500 Château-Gaillard, France"
ibis budget Angers Parc des Expositions;Lieu-dit La Fauvelaie Accessible Aussi Hors Autoroute, Aire des Portes d'Angers, 49480 Verrières-en-Anjou, France
ibis budget Angoulême Nord;172 Rue des Meneaux, 16430 Champniers, France
ibis budget Arlon Porte du Luxembourg;Drève de l'Arc-en-Ciel 100, 6700 Arlon, Belgique
ibis budget Auxerre Centre;Rue Étienne Dolet, 89000 Auxerre, France
Ibis Budget Avignon Nord;643 Av. de Fontvert Entrée Cc N°3, 84130 Le Pontet, France
ibis budget Basel Pratteln;Grüssenhölzliweg 11 Pratteln, 4133 Basel, Suisse
ibis budget Bourg en Bresse;Zac Des Belouses, Av. de Parme, 01000 Bourg-en-Bresse, France
ibis budget Bourgoin Jallieu Centre;21 Av. d'Italie, 38300 Bourgoin-Jallieu, France
ibis budget Brignoles Provence Verte;Anc. Chem. du Val, 83170 Brignoles, France
ibis budget Cabourg Dives-sur-Mer;Promenades De La Dives (Derrière Magasin Lidl, 14160 Dives-sur-Mer, France
ibis budget Caen Hérouville;Boulevard Du Bois, Imp. des Ormes, 14200 Hérouville-Saint-Clair, France
ibis budget Caen Porte de Bretagne;1 Av. du Fresne, 14760 Bretteville-sur-Odon, France
ibis budget Carcassonne La Cité;211 Av. du Général Leclerc, 11000 Carcassonne, France
ibis budget Chalon-sur-Saône Nord;2 Bis Rue Georges Feydeau, 71100 Chalon-sur-Saône, France
ibis budget Château-Thierry;60 Av. du Général de Gaulle, 02400 Essômes-sur-Marne, France
ibis budget Cherbourg La Glacerie;La Glacerie, Rond Point André Malraux, 2 Rue du Château d'Eau, 50470 Cherbourg-en-Cotentin, France
ibis budget Chilly-Mazarin Les Champarts;2 Rte de Longjumeau, 91380 Chilly-Mazarin, France
Ibis Budget Clermont-Ferrand Le Brezet Aéroport;Zi Du Brézet, 43 Rue Pierre Boulanger, 63100 Clermont-Ferrand, France
ibis Budget Cognac;84 Av. D Angoulême, 16100 Châteaubernard, France
ibis budget Dieppe Centre Port;8 Bd du Général de Gaulle, 76200 Dieppe, France
Ibis Budget Dijon Centre Clemenceau;Ibis Budget Centre Clemenceau, 2 Av. de Marbotte, 21000 Dijon, France
Ibis Budget Dijon Saint Apollinaire;Rue des Longenes, 21850 Saint-Apollinaire, France
ibis budget Fécamp;Bd Suzanne Clément, 76400 Fécamp, France
Ibis Budget Granville;1167 Rte de Villedieu, 50400 Granville, France
ibis budget Grenoble Sud;2 Rue du Dr Schweitzer, 38180 Seyssins, France
ibis Budget Grenoble Voreppe;Parc D'Activité De L'Ile Gabourg, 42 Chem. des Mariniers, 38340 Voreppe, France
Ibis Budget Haguenau;2 Bis Chem. de la Sandlach, 67500 Haguenau, France
Ibis Budget Issoire;4 Av. du Dr Bienfait, 63500 Issoire, France
ibis budget La Rochelle Centre les Minimes;32 Street De La Scierie, 17033 La Rochelle, France
ibis budget Langres;Pl. Bel air, 52200 Langres, France
ibis budget Lisieux;1028 Av. Georges Duval D613, 14100 Lisieux, France
ibis budget L'Isle-Adam;Centre Commercial Le Grand Val Zac Du Pont Aux Rayons, 95290 L'Isle-Adam, France
ibis budget Loriol Le Pouzin;Route D104 Zone D'Activité Rhône Vallée, 07250 Le Pouzin, France
ibis budget Loudéac Vélodrome;Parc Triskell, 3 Rue Honoré Michard, 22600 Loudéac, France
ibis budget Luxembourg Sud;Rue de Turi, 3378 Livange Roeser, Luxembourg
ibis budget Lyon Confluence;24 Quai Perrache, 69002 Lyon, France
ibis budget Lyon Est Beynost;All. du Pré Caillat, 01700 Beynost, France
ibis budget Lyon Est Saint Quentin Fallavier;ZAC de Chesnes la Noirée, 2 Av. d'Artois, 38070 Saint-Quentin-Fallavier, France
Ibis Budget Mantes-la-Jolie;19 All. du Val Sully, 78200 Mantes-la-Jolie, France
Ibis Budget Marne la Vallée Bry sur Marne;1 Av. de l'Europe, 94360 Bry-sur-Marne, France
Ibis budget Metz technopôle;3, Rue Des Dinandiers Zac De Sébastopol, 57000 Metz, France
ibis budget Montpellier Nord;58 Rue Georges Denizot, 34090 Montpellier, France
ibis budget Nancy Laxou;1 Rue du Vair, 54520 Laxou, France
ibis budget Nancy Porte Sud;Za Frocourt, 6 All. de la Genelière, 54180 Houdemont, France
ibis budget Nantes Ouest Atlantis Coueron;Rd 101/ Rd, 201 La Barrière Noire, 44220 Couëron, France
Ibis Budget Niort Est La Crèche;2 Rue Christophe Colomb, 79260 La Crèche, France
ibis budget Noyon;Rd 1032, Zone Commerciale Du, Lieu-Dit La Haye Juda, Le Mont Renaud, 60400 Noyon, France
Ibis Budget Nuits Saint Georges;A Arnoult, Rond-Point De L'Europe, Rue Charles André Rémi Arnoult, 21700 Nuits-Saint-Georges, France
ibis budget Orléans Ouest Meung-sur-Loire;Zac Synergie Val De Loire, Rue 6 Ème Avenue N° 1000, 45130 Meung-sur-Loire, France
Ibis Budget Oviedo;C. Ernesto Winter Blanco, 4, 33012 Oviedo, Asturias, Espagne
ibis budget Paris Coeur d'Orly Airport;1 Av. de l'Union, 94310 Orly, France
Ibis budget Pau est;Bd de l'Aviation, 64000 Pau, France
Ibis Budget Perigueux Boulazac;2 Rue d'Arezzo, 24750 Boulazac Isle Manoire, France
ibis budget Pouilly-en-Auxois;Les Portes De Bourgogne Avenue Georges Besse, Créancey, 21320 Pouilly-en-Auxois, France
ibis budget Reims Parc Des Expositions;2 Rue Gabriel Voisin, 51100 Reims, France
Ibis Budget Reims Thillois;Parc Millésime, N31, 51370 Thillois, France
ibis budget Saint Nazaire Centre Gare;2 Boulevard De L'Atlantique, 44600 Saint-Nazaire, France
ibis budget Saint-Étienne Centre Gare Châteaucreux;4 Rue du Plt des Glières, 42000 Saint-Étienne, France
Ibis budget Saint-Étienne stade;21 Bd Georges Pompidou, 42000 Saint-Étienne, France
ibis budget Saint-Lô;Parc De L'Europe, 151 Bd de Strasbourg, 50000 Saint-Lô, France
IBIS BUDGET SAINT-OUEN-L'AUMÔNE;4 All. des 3 Caravelles, 95310 Saint-Ouen-l'Aumône, France
ibis budget Saint-Pourçain-sur-Sioule;Zac Les Jalfrettes Route De Varennes Sur Allier, 03500 Saint-Pourçain-sur-Sioule, France
ibis budget Santeny;L'Orée Du Val De Marne, Rue du Noyer-Saint-Germain, 94440 Santeny, France
ibis budget Sarrebourg Buhl;Zone Ariane Plus, 57400 Buhl-Lorraine, France
ibis budget Strasbourg Centre Republique;23A Rue Jean-Frédéric Oberlin, 67000 Strasbourg, France
ibis budget Toulouse Centre Gare;27 Bd des Minimes, 31200 Toulouse, France
ibis budget Tours Sud;La Vrillonnerie, 18 Rue Michael Faraday, 37170 Chambray-lès-Tours, France
ibis budget Troyes Est;3 Rue de la Perrière, 10410 Saint-Parres-aux-Tertres, France
ibis budget Vélizy;1 Rue du Petit Clamart, 78140 Vélizy-Villacoublay, France
Ibis Budget Verdun;3 Rue Jean Norton Cru, 55100 Verdun, France
ibis budget Versailles Coignières;Rue Du Gibet, Forum de Coignières, 78310 Coignières, France
ibis budget Versailles Trappes;Centre De Vie Immoparc, N10, 78190 Trappes, France
Ibis Budget Vichy;145 Av. de Vichy, 03700 Bellerive-sur-Allier, France
ibis Caen Porte de Bretagne;1 Av. du Fresne, 14760 Bretteville-sur-Odon, France
ibis Cambrai;R. de Bapaume, 59400 Fontaine-Notre-Dame, France
ibis Château-Thierry;50 Av. du Général de Gaulle, 02400 Essômes-sur-Marne, France
ibis Colmar Centre;10 Rue Saint-Eloi, 68000 Colmar, France
ibis Copacabana Posto 5;R. Xavier da Silveira, 82 - Copacabana, Rio de Janeiro - RJ, 22061-010, Brésil
ibis Creil-sur-Oise;3 Av. des Pommiers D 200, 60870 Villers-Saint-Paul, France
Ibis Dijon Centre Clemenceau;2 Av. de Marbotte, 21000 Dijon, France
ibis Douai Dechy;ZAC du Luc, 112 Rue Barack Obama, 59187 Dechy, France
ibis Gent Centrum St Baafs Kathedraal;Limburgstraat 2, 9000 Gent, Belgique
ibis Granville Port de Plaisance;Port De Plaisance, Rue des Isles, 50400 Granville, France
ibis Grenoble Centre Bastille;Les Trois Dauphins, 5, Rue De Miribel, Rue Félix Poulat, 38000 Grenoble, France
ibis Guingamp - Coeur de Bretagne;6 Rue de la Chesnaye, 22970 Ploumagoar, France
IBIS HAGUENAU Strasbourg Nord;2 Chemin De La Sandlach, Rte de Bitche, 67500 Haguenau, France
ibis Irun;Letxumborro Hiribidea, 77, Hss0660, 20305 Irun, Gipuzkoa, Espagne
ibis Karlsruhe Hauptbahnhof;Poststraße 1, 76137 Karlsruhe, Allemagne
Ibis le Mans Centre Gare Nord;39 Bd Robert Jarry, 72000 Le Mans, France
ibis Lyon Carré de Soie;20 Av. des Canuts Cs 10081, 69120 Vaulx-en-Velin, France
Ibis Lyon Est Beynost A42;Sortie 5, All. du Pré Caillat Centre Commercial, Autoroute A42, 01700 Beynost, France
Ibis Lyon Sud Chasse sur Rhone;145 Rue Pasteur, 38670 Chasse-sur-Rhône, France
ibis Lyon Sud Oullins;2 Pl. Kellermann, 69600 Oullins, France
ibis Lyon Sud Saint-Rambert-d'Albon;Route Nationale 7, Quartier Les Champagnières, 26140 Saint-Rambert-d'Albon, France
ibis Martigues;Rond Point De L'Hotel De Ville, Av. Louis Sammut, 13500 Martigues, France
Ibis Metz Centre Cathédrale;47 Rue Chambière Quartier, 57000 Metz, France
ibis Montceau-les-Mines;La Pelouse, 37 Bis Av. des Alouettes, 71300 Montceau-les-Mines, France
ibis Montlhéry Paris Sud;64 Rte d'Orléans, 91310 Montlhéry, France
ibis Moulins Sud;153 Route De Lyon, Route Nationale 7, 03000 Moulins, France
ibis Nuits-Saint-Georges;1 Av. de Chamboland, 21700 Nuits-Saint-Georges, France
ibis Orange Sud;Sortie Péage Porte Sud, Zac du Coudoulet, Rte de Jonquières, 84100 Orange, France
ibis Orléans Centre Gare;17 Av. de Paris, 45000 Orléans, France
Ibis Paris Porte de Vanves Parc des Expositions.;43 Rue Jean Bleuzen, 92170 Vanves, France
ibis Pontarlier;68 Rue de Salins, 25300 Pontarlier, France
ibis Pontorson Baie du Mont-Saint-Michel;ZA Le Point du Jour, 35610 Saint-Georges-de-Gréhaigne, France
ibis Roanne;53 Bd Charles de Gaulle, 42120 Le Coteau, France
ibis Roscoff Bord de Mer;17 Pl. Lacaze Duthiers, 29680 Roscoff, France
Ibis Rouen Centre Rive Gauche Mermoz;13 Rue de la Motte, 76100 Rouen, France
ibis Saint Paul Trois Chateaux;46 Imp. du Bouquet, 26130 Saint-Paul-Trois-Châteaux, France
ibis Saint-Germain-en-Laye Centre;10 Bis Rue des Joueries, 78100 Saint-Germain-en-Laye, France
ibis Saint-Malo La Madeleine;Avenue Du General De Gaulle, Imp. de la Peupleraie, 35400 Saint-Malo, France
Ibis Soissons;Rue Jacques Brel, Rte de Chevreux Zac De, 02200 Soissons, France
ibis Strasbourg Centre Gare;10 Pl. de la Gare, 67000 Strasbourg, France
ibis Strasbourg Sud La Vigie;13 Rue Ferdinand Braun, 67540 Ostwald, France
Ibis Style Mulhouse Centre Gare;44 Av. du Général Leclerc, 68100 Mulhouse, France
Ibis Styles;Av. de l' Europe, 71100 Chalon-sur-Saône, France
Ibis styles;Velotte Center, 21 Av. des Alliés, 25200 Montbéliard, France
Ibis Styles - Mulsanne;51 Rue des Pins, 72230 Mulsanne, France
IBIS STYLES / Resto Novo Saint-Brieuc Plérin;33 Rue des Chênes, 22190 Plérin, France
ibis Styles Aix-les-Bains Domaine de Marlioz;111 Av. de Marlioz Cs 50146, 73101 Aix-les-Bains, France
ibis Styles Ajaccio Napoleon;Sas Kallyste, 91 Cr Napoléon, 20000 Ajaccio, France
ibis Styles Albertville;23 Av. des Chasseurs Alpins, 73200 Albertville, France
ibis Styles Alès Centre Cévennes;Quai Boissier de Sauvages, 30100 Alès, France
Ibis Styles Amiens Sud;73 Av. Valéry Giscard d'Estaing, 80000 Amiens, France
ibis Styles Ancenis Centre;119 Bd du Dr Moutel, 44150 Ancenis-Saint-Géréon, France
ibis Styles Angoulême Nord;122 Rue des Meneaux, 16430 Champniers, France
ibis Styles Annecy Gare Centre;1 Pl. de la Mandallaz, 74000 Annecy, France
ibis Styles Arcachon Gujan-Mestras;3 Avenue Des Loisirs, Rte des Bénévoles, 33470 Gujan-Mestras, France
ibis Styles Arlon Porte du Luxembourg;Drève de l'Arc-en-Ciel 100, 6700 Arlon, Belgique
ibis Styles Arras Centre;22 Av. Paul Michonneau, 62000 Arras, France
ibis Styles Béthune Bruay;Parc de la Porte Nord, Rue des Frères Lumière, 62700 Bruay-la-Buissière, France
ibis Styles Biarritz Plage;30 Av. de la Milady, 64200 Biarritz, France
ibis Styles Blois Centre Gare;14 Av. Gambetta, 41000 Blois, France
ibis Styles Bordeaux Bègles Arena;3 Rue Marcel Sembat, 33130 Bègles, France
ibis Styles Brive La Gaillarde;Zac Du Mazaud, 1 Rue Du GéNéral Pouyade, 19100 Brive-la-Gaillarde, France
ibis Styles Caen Centre Gare;52 Quai Amiral Hamelin, 14000 Caen, France
ibis Styles Castelnaudary;100 Av. Gérard Rouvière, 11400 Castelnaudary, France
ibis Styles Cayenne Centre Amazonia;26-28 Av. du Général de Gaulle, Cayenne 97300, Guyane française
ibis Styles Châlons-en-Champagne Centre;26 Place De La République, 19 Rue Lochet Parking Access:, 51000 Châlons-en-Champagne, France
ibis Styles Chartres Sud Barjouville;Les Orvilles, 39C Rue des Pierres Missigault Za, 28630 Barjouville, France
ibis Styles Chatenay Malabry Paris Sud;418 Av. de la Division Leclerc, 92290 Châtenay-Malabry, France
Ibis Styles Chinon;11 Rue de la Digue Faubourg Saint-Jacques, 37500 Chinon, France
ibis Styles Clermont Ferrand Sud La Pardieu;9 Rue de l'Eminee, 63000 Clermont-Ferrand, France
ibis Styles Crolles Grenoble A41;755 Av. Ambroise Croizat, 38920 Crolles, France
Ibis Styles Deauville Villers plage;86 Av. de la République, 14640 Villers-sur-Mer, France
ibis Styles Dijon Nord Valmy;Imp. aux Charmes d'Asnières, 21000 Dijon, France
ibis Styles Dijon Sud Domaine de Beauregard;9 Rue de Beauregard, 21600 Longvic, France
ibis Styles Douai Gare Gayant Expo;Bd Vauban, 59500 Douai, France
ibis Styles Dreux Centre Gare;10 Rue du Bois des Fossés, 28100 Dreux, France
ibis Styles Fougères;26 Rue de Bretagne, 35133 Beaucé, France
ibis Styles Gueret;3 Av. René Cassin, 23000 Guéret, France
ibis Styles Lausanne Center Mad House;Pl. de l'Europe 6, 1003 Lausanne, Suisse
ibis Styles Laval Centre Gare;8 Av. Robert Buron, 53000 Laval, France
Ibis Styles Lille Neuville-en-Ferrain;4 Rue du Vertuquet, 59960 Neuville-en-Ferrain, France
Ibis Styles Lyon Sud Brignais;14 Rte de Lyon, 69530 Brignais, France
ibis Styles Mayotte Aeroport;5 Rue Gnoumakouni, Pamandzi 97615, Mayotte
ibis Styles Metz Centre;22 Rue Haute Seille, 57000 Metz, France
Ibis Styles Metz Centre Gare;23 Av. Foch, 57000 Metz, France
Ibis Styles Montargis Arboria;Parc d'Activités Arboria, 805 Av. des Platanes, 45700 Pannes, France
Ibis styles Montauban;sas le Castel, hotel ibis Styles, 50 Rte de Saint-Martial, 82000 Montauban, France
ibis Styles Montpellier Aeroport Parc Des Expos;Zone Aeroportuaire, 121 Av. Jacqueline Auriol, 34130 Mauguio, France
ibis Styles Moulins Centre;9 Pl. Jean Moulin, 03000 Moulins, France
Ibis Styles Nancy Ouest Laxou;10 Rue de la Saône, 54520 Laxou, France
ibis Styles Nancy Sud;8 Allée De La Genelière, Rn 57, 54180 Houdemont, France
ibis Styles Paris Eiffel Cambronne;166 Bd de Grenelle, 75015 Paris, France
ibis Styles Paris Gare de l'Est Magenta;4 Rue Sibour, 75010 Paris, France
ibis Styles Paris Montmartre Batignolles;3 Rue Forest, 75018 Paris, France
ibis Styles Paris Romainville;52 Av. Gaston Roussel, 93230 Romainville, France
ibis Styles Périgueux Trélissac;Rue Anatole France, 24750 Trélissac, France
ibis Styles Pertuis Portes du Luberon;ZAC St Martin, 355 Rue du Gourre d’Aure, 84120 Pertuis, France
Ibis Styles Pont du Gard - Route d'Avignon;247 Chem. de la Fenouillère, 30390 Estézargues, France
ibis Styles Roanne Centre Gare;46 Cr de la République, 42300 Roanne, France
ibis Styles Romans Valence Gare TGV;2-4 Av. de la Gare, 26300 Alixan, France
ibis Styles Rouen Centre Rive Gauche;55 Av. de la Libération, 76100 Rouen, France
ibis Styles Rouen Val-de-Reuil;Rle du Coin des Saules, 27100 Val-de-Reuil, France
ibis Styles Sallanches Pays du Mont-Blanc;2055 Av. de Genève, 74700 Sallanches, France
ibis Styles Segré;Zi D'Etriché, Rue Gustave Eiffel, 49500 Segré-en-Anjou Bleu, France
ibis Styles Strasbourg Avenue du Rhin;29 Av. Aristide Briand, 67100 Strasbourg, France
ibis Styles Strasbourg Centre Gare;14 Rue du Maire Kuss, 67000 Strasbourg, France
ibis Styles Strasbourg Centre République;6 Rue de Bitche, 67000 Strasbourg, France
ibis Styles Toulouse Centre Canal du Midi;05 Bd de la Gare, 31500 Toulouse, France
Ibis Styles Toulouse Lavaur;1 Av. Georges Pompidou, 81500 Lavaur, France
Ibis Styles Toulouse Nord Sesquieres;49 Av. Jean Zay, 31200 Toulouse, France
ibis Styles Valenciennes Petite Forêt;Rue Gay Lussac, 59494 Petite-Forêt, France
ibis Styles Vierzon;Parc Technologique De Sologne Le Batonnet, 18100 Vierzon, France
ibis Toulon La Valette;Parc Tertaire Valgora, Av. Georges Charpak, 83160 La Valette-du-Var, France
ibis Vesoul;8 Rue du Dr Jean-Georges Girard Rocade Ouest, 70000 Vesoul, France
Ibis vichy;1 Av. Victoria, 03200 Vichy, France
Le Mas des Hibiscus;264 Carraires des Bois Routs, 83720 Trans-en-Provence, France
